time,id,x,y,z
0.0,1,-14.2,0.0,0.51
0.0,2,-12.7,0.0,0.51
0.0,3,-11.2,0.0,0.52
0.0,4,-9.7,0.0,0.52
0.0,5,-8.2,0.0,0.52
0.0,6,-6.7,0.0,0.52
0.0,7,-5.2,0.0,0.51
0.0,8,-3.7,0.0,0.51
0.0,9,-2.2,0.0,0.51
0.0,10,-0.7,0.0,0.51
0.0,11,0.7,0.0,0.5
0.0,12,2.2,0.0,0.5
0.0,13,3.7,0.0,0.51
0.0,14,5.2,0.0,0.51
0.0,15,6.7,0.0,0.51
0.0,16,8.2,0.0,0.51
0.0,17,9.7,0.0,0.52
0.0,18,11.2,0.0,0.52
0.0,19,12.7,0.0,0.51
0.0,20,14.2,0.0,0.51
0.03,1,-14.15,0.0,0.52
0.03,2,-12.65,0.0,0.53
0.03,3,-11.16,0.0,0.53
0.03,4,-9.66,0.0,0.54
0.03,5,-8.16,0.0,0.54
0.03,6,-6.66,0.0,0.53
0.03,7,-5.15,0.0,0.53
0.03,8,-3.65,0.0,0.53
0.03,9,-2.15,0.0,0.53
0.03,10,-0.65,0.0,0.52
0.03,11,0.65,0.0,0.49
0.03,12,2.15,0.0,0.51
0.03,13,3.65,0.0,0.52
0.03,14,5.15,0.0,0.52
0.03,15,6.65,0.0,0.52
0.03,16,8.15,0.0,0.53
0.03,17,9.66,0.0,0.53
0.03,18,11.16,0.0,0.53
0.03,19,12.65,0.0,0.53
0.03,20,14.15,0.0,0.52
0.04,1,-14.1,0.0,0.53
0.04,2,-12.61,0.0,0.54
0.04,3,-11.11,0.0,0.55
0.04,4,-9.61,0.0,0.55
0.04,5,-8.11,0.0,0.55
0.04,6,-6.61,0.0,0.55
0.04,7,-5.11,0.0,0.54
0.04,8,-3.61,0.0,0.54
0.04,9,-2.1,0.0,0.54
0.04,10,-0.6,0.0,0.53
0.04,11,0.6,0.0,0.49
0.04,12,2.1,0.0,0.51
0.04,13,3.6,0.0,0.52
0.04,14,5.1,0.0,0.53
0.04,15,6.6,0.0,0.54
0.04,16,8.11,0.0,0.54
0.04,17,9.61,0.0,0.55
0.04,18,11.11,0.0,0.55
0.04,19,12.61,0.0,0.54
0.04,20,14.1,0.0,0.54
0.06,1,-14.06,0.0,0.54
0.06,2,-12.56,0.0,0.55
0.06,3,-11.06,0.0,0.56
0.06,4,-9.56,0.0,0.57
0.06,5,-8.06,0.0,0.57
0.06,6,-6.56,0.0,0.56
0.06,7,-5.06,0.0,0.56
0.06,8,-3.56,0.0,0.55
0.06,9,-2.06,0.0,0.55
0.06,10,-0.55,0.0,0.54
0.06,11,0.55,0.0,0.49
0.06,12,2.05,0.0,0.51
0.06,13,3.55,0.0,0.53
0.06,14,5.05,0.0,0.54
0.06,15,6.56,0.0,0.55
0.06,16,8.06,0.0,0.56
0.06,17,9.56,0.0,0.56
0.06,18,11.06,0.0,0.56
0.06,19,12.56,0.0,0.56
0.06,20,14.06,0.0,0.55
0.09,1,-14.01,0.0,0.55
0.09,2,-12.51,0.0,0.57
0.09,3,-11.01,0.0,0.58
0.09,4,-9.52,0.0,0.59
0.09,5,-8.02,0.0,0.59
0.09,6,-6.51,0.0,0.58
0.09,7,-5.01,0.0,0.57
0.09,8,-3.51,0.0,0.57
0.09,9,-2.01,0.0,0.56
0.09,10,-0.51,0.0,0.55
0.09,11,0.5,0.0,0.48
0.09,12,2.0,0.0,0.52
0.09,13,3.5,0.0,0.54
0.09,14,5.01,0.0,0.55
0.09,15,6.51,0.0,0.56
0.09,16,8.01,0.0,0.57
0.09,17,9.51,0.0,0.58
0.09,18,11.01,0.0,0.58
0.09,19,12.51,0.0,0.57
0.09,20,14.01,0.0,0.56
0.1,1,-13.96,0.0,0.57
0.1,2,-12.46,0.0,0.58
0.1,3,-10.97,0.0,0.6
0.1,4,-9.47,0.0,0.61
0.1,5,-7.97,0.0,0.61
0.1,6,-6.47,0.0,0.6
0.1,7,-4.96,0.0,0.59
0.1,8,-3.46,0.0,0.58
0.1,9,-1.96,0.0,0.58
0.1,10,-0.46,0.0,0.56
0.1,11,0.45,0.0,0.48
0.1,12,1.95,0.0,0.52
0.1,13,3.45,0.0,0.55
0.1,14,4.96,0.0,0.56
0.1,15,6.46,0.0,0.57
0.1,16,7.96,0.0,0.58
0.1,17,9.47,0.0,0.59
0.1,18,10.97,0.0,0.6
0.1,19,12.46,0.0,0.59
0.1,20,13.96,0.0,0.57
0.12,1,-13.91,0.0,0.58
0.12,2,-12.41,0.0,0.59
0.12,3,-10.92,0.0,0.61
0.12,4,-9.42,0.0,0.63
0.12,5,-7.92,0.0,0.62
0.12,6,-6.42,0.0,0.61
0.12,7,-4.92,0.0,0.6
0.12,8,-3.41,0.0,0.59
0.12,9,-1.91,0.0,0.59
0.12,10,-0.41,0.0,0.57
0.12,11,0.4,0.0,0.48
0.12,12,1.9,0.0,0.52
0.12,13,3.4,0.0,0.56
0.12,14,4.91,0.0,0.57
0.12,15,6.41,0.0,0.58
0.12,16,7.91,0.0,0.6
0.12,17,9.42,0.0,0.61
0.12,18,10.92,0.0,0.61
0.12,19,12.42,0.0,0.6
0.12,20,13.91,0.0,0.58
0.16,1,-13.86,0.0,0.59
0.16,2,-12.36,0.0,0.6
0.16,3,-10.87,0.0,0.63
0.16,4,-9.38,0.0,0.64
0.16,5,-7.88,0.0,0.64
0.16,6,-6.37,0.0,0.63
0.16,7,-4.87,0.0,0.61
0.16,8,-3.37,0.0,0.61
0.16,9,-1.86,0.0,0.6
0.16,10,-0.36,0.0,0.58
0.16,11,0.35,0.0,0.47
0.16,12,1.85,0.0,0.53
0.16,13,3.36,0.0,0.57
0.16,14,4.86,0.0,0.58
0.16,15,6.36,0.0,0.6
0.16,16,7.87,0.0,0.61
0.16,17,9.37,0.0,0.62
0.16,18,10.87,0.0,0.63
0.16,19,12.37,0.0,0.62
0.16,20,13.86,0.0,0.59
0.19,1,-13.81,0.0,0.6
0.19,2,-12.32,0.0,0.62
0.19,3,-10.82,0.0,0.65
0.19,4,-9.33,0.0,0.66
0.19,5,-7.83,0.0,0.66
0.19,6,-6.32,0.0,0.64
0.19,7,-4.82,0.0,0.63
0.19,8,-3.32,0.0,0.62
0.19,9,-1.81,0.0,0.61
0.19,10,-0.31,0.0,0.59
0.19,11,0.3,0.0,0.47
0.19,12,1.8,0.0,0.53
0.19,13,3.31,0.0,0.57
0.19,14,4.81,0.0,0.59
0.19,15,6.31,0.0,0.61
0.19,16,7.82,0.0,0.62
0.19,17,9.32,0.0,0.64
0.19,18,10.82,0.0,0.64
0.19,19,12.32,0.0,0.63
0.19,20,13.81,0.0,0.61
0.21,1,-13.76,0.0,0.61
0.21,2,-12.27,0.0,0.63
0.21,3,-10.78,0.0,0.66
0.21,4,-9.28,0.0,0.68
0.21,5,-7.78,0.0,0.68
0.21,6,-6.28,0.0,0.66
0.21,7,-4.77,0.0,0.64
0.21,8,-3.27,0.0,0.63
0.21,9,-1.77,0.0,0.63
0.21,10,-0.26,0.0,0.6
0.21,11,0.25,0.0,0.47
0.21,12,1.75,0.0,0.53
0.21,13,3.26,0.0,0.58
0.21,14,4.76,0.0,0.61
0.21,15,6.27,0.0,0.62
0.21,16,7.77,0.0,0.64
0.21,17,9.28,0.0,0.66
0.21,18,10.78,0.0,0.66
0.21,19,12.27,0.0,0.65
0.21,20,13.76,0.0,0.62
0.22,1,-13.71,0.0,0.62
0.22,2,-12.22,0.0,0.64
0.22,3,-10.73,0.0,0.68
0.22,4,-9.24,0.0,0.7
0.22,5,-7.74,0.0,0.69
0.22,6,-6.23,0.0,0.67
0.22,7,-4.72,0.0,0.66
0.22,8,-3.22,0.0,0.65
0.22,9,-1.72,0.0,0.64
0.22,10,-0.21,0.0,0.61
0.22,11,0.2,0.0,0.46
0.22,12,1.7,0.0,0.54
0.22,13,3.21,0.0,0.59
0.22,14,4.71,0.0,0.62
0.22,15,6.22,0.0,0.63
0.22,16,7.72,0.0,0.65
0.22,17,9.23,0.0,0.67
0.22,18,10.73,0.0,0.68
0.22,19,12.22,0.0,0.66
0.22,20,13.72,0.0,0.63
0.24,1,-13.67,0.0,0.63
0.24,2,-12.17,0.0,0.66
0.24,3,-10.68,0.0,0.69
0.24,4,-9.19,0.0,0.72
0.24,5,-7.69,0.0,0.71
0.24,6,-6.18,0.0,0.69
0.24,7,-4.68,0.0,0.67
0.24,8,-3.17,0.0,0.66
0.24,9,-1.67,0.0,0.65
0.24,10,-0.16,0.0,0.62
0.24,11,0.15,0.0,0.46
0.24,12,1.65,0.0,0.54
0.24,13,3.16,0.0,0.6
0.24,14,4.66,0.0,0.63
0.24,15,6.17,0.0,0.64
0.24,16,7.67,0.0,0.67
0.24,17,9.18,0.0,0.69
0.24,18,10.68,0.0,0.69
0.24,19,12.18,0.0,0.67
0.24,20,13.67,0.0,0.64
0.25,1,-13.62,0.0,0.64
0.25,2,-12.12,0.0,0.67
0.25,3,-10.64,0.0,0.71
0.25,4,-9.14,0.0,0.73
0.25,5,-7.64,0.0,0.73
0.25,6,-6.13,0.0,0.71
0.25,7,-4.63,0.0,0.69
0.25,8,-3.12,0.0,0.68
0.25,9,-1.62,0.0,0.66
0.25,10,-0.12,0.0,0.63
0.25,11,0.1,0.0,0.46
0.25,12,1.6,0.0,0.55
0.25,13,3.11,0.0,0.61
0.25,14,4.61,0.0,0.64
0.25,15,6.12,0.0,0.66
0.25,16,7.63,0.0,0.68
0.25,17,9.13,0.0,0.7
0.25,18,10.64,0.0,0.71
0.25,19,12.13,0.0,0.69
0.25,20,13.62,0.0,0.65
0.27,1,-13.57,0.0,0.65
0.27,2,-12.08,0.0,0.68
0.27,3,-10.59,0.0,0.73
0.27,4,-9.1,0.0,0.75
0.27,5,-7.6,0.0,0.75
0.27,6,-6.09,0.0,0.72
0.27,7,-4.58,0.0,0.7
0.27,8,-3.08,0.0,0.69
0.27,9,-1.57,0.0,0.68
0.27,10,-0.07,0.0,0.64
0.27,11,0.06,0.0,0.45
0.27,12,1.55,0.0,0.55
0.27,13,3.06,0.0,0.62
0.27,14,4.57,0.0,0.65
0.27,15,6.07,0.0,0.67
0.27,16,7.58,0.0,0.69
0.27,17,9.09,0.0,0.72
0.27,18,10.59,0.0,0.72
0.27,19,12.08,0.0,0.7
0.27,20,13.57,0.0,0.67
0.28,1,-13.52,0.0,0.66
0.28,2,-12.03,0.0,0.7
0.28,3,-10.54,0.0,0.74
0.28,4,-9.05,0.0,0.77
0.28,5,-7.55,0.0,0.76
0.28,6,-6.04,0.0,0.74
0.28,7,-4.53,0.0,0.72
0.28,8,-3.03,0.0,0.7
0.28,9,-1.52,0.0,0.69
0.28,10,-0.02,0.0,0.66
0.28,11,0.01,0.0,0.45
0.28,12,1.5,0.0,0.55
0.28,13,3.01,0.0,0.62
0.28,14,4.52,0.0,0.66
0.28,15,6.02,0.0,0.68
0.28,16,7.53,0.0,0.71
0.28,17,9.04,0.0,0.73
0.28,18,10.54,0.0,0.74
0.28,19,12.03,0.0,0.72
0.28,20,13.52,0.0,0.68
0.3,1,-13.47,0.0,0.68
0.3,2,-11.98,0.0,0.71
0.3,3,-10.49,0.0,0.76
0.3,4,-9.0,0.0,0.79
0.3,5,-7.5,0.0,0.78
0.3,6,-5.99,0.0,0.75
0.3,7,-4.48,0.0,0.73
0.3,8,-2.98,0.0,0.72
0.3,9,-1.48,0.0,0.7
0.3,10,0.02,0.0,0.67
0.3,11,0.0,0.0,0.45
0.3,12,1.45,0.0,0.56
0.3,13,2.96,0.0,0.63
0.3,14,4.47,0.0,0.67
0.3,15,5.97,0.0,0.69
0.3,16,7.48,0.0,0.72
0.3,17,8.99,0.0,0.75
0.3,18,10.49,0.0,0.76
0.3,19,11.99,0.0,0.73
0.3,20,13.47,0.0,0.69
0.32,1,-13.42,0.0,0.69
0.32,2,-11.93,0.0,0.72
0.32,3,-10.45,0.0,0.78
0.32,4,-8.96,0.0,0.81
0.32,5,-7.46,0.0,0.8
0.32,6,-5.94,0.0,0.77
0.32,7,-4.44,0.0,0.74
0.32,8,-2.93,0.0,0.73
0.32,9,-1.43,0.0,0.71
0.32,10,0.07,0.0,0.67
0.32,11,0.0,0.0,0.45
0.32,12,1.4,0.0,0.56
0.32,13,2.91,0.0,0.64
0.32,14,4.42,0.0,0.68
0.32,15,5.93,0.0,0.7
0.32,16,7.43,0.0,0.73
0.32,17,8.94,0.0,0.76
0.32,18,10.45,0.0,0.77
0.32,19,11.94,0.0,0.75
0.32,20,13.42,0.0,0.7
0.33,1,-13.37,0.0,0.7
0.33,2,-11.88,0.0,0.74
0.33,3,-10.4,0.0,0.79
0.33,4,-8.91,0.0,0.82
0.33,5,-7.41,0.0,0.82
0.33,6,-5.9,0.0,0.79
0.33,7,-4.39,0.0,0.76
0.33,8,-2.88,0.0,0.74
0.33,9,-1.38,0.0,0.73
0.33,10,0.07,0.0,0.67
0.33,11,0.0,0.0,0.45
0.33,12,1.35,0.0,0.56
0.33,13,2.86,0.0,0.65
0.33,14,4.37,0.0,0.69
0.33,15,5.88,0.0,0.72
0.33,16,7.39,0.0,0.75
0.33,17,8.9,0.0,0.78
0.33,18,10.4,0.0,0.79
0.33,19,11.89,0.0,0.76
0.33,20,13.38,0.0,0.71
0.35,1,-13.32,0.0,0.71
0.35,2,-11.83,0.0,0.75
0.35,3,-10.35,0.0,0.81
0.35,4,-8.86,0.0,0.84
0.35,5,-7.36,0.0,0.83
0.35,6,-5.85,0.0,0.8
0.35,7,-4.34,0.0,0.77
0.35,8,-2.84,0.0,0.76
0.35,9,-1.33,0.0,0.74
0.35,10,0.07,0.0,0.67
0.35,11,0.0,0.0,0.45
0.35,12,1.3,0.0,0.57
0.35,13,2.81,0.0,0.66
0.35,14,4.32,0.0,0.7
0.35,15,5.83,0.0,0.73
0.35,16,7.34,0.0,0.76
0.35,17,8.85,0.0,0.8
0.35,18,10.35,0.0,0.8
0.35,19,11.84,0.0,0.78
0.35,20,13.33,0.0,0.72
0.36,1,-13.28,0.0,0.72
0.36,2,-11.79,0.0,0.76
0.36,3,-10.3,0.0,0.82
0.36,4,-8.82,0.0,0.86
0.36,5,-7.31,0.0,0.85
0.36,6,-5.8,0.0,0.82
0.36,7,-4.29,0.0,0.79
0.36,8,-2.79,0.0,0.77
0.36,9,-1.28,0.0,0.75
0.36,10,0.07,0.0,0.67
0.36,11,0.0,0.0,0.45
0.36,12,1.25,0.0,0.57
0.36,13,2.76,0.0,0.66
0.36,14,4.27,0.0,0.71
0.36,15,5.78,0.0,0.74
0.36,16,7.29,0.0,0.78
0.36,17,8.8,0.0,0.81
0.36,18,10.3,0.0,0.82
0.36,19,11.79,0.0,0.79
0.36,20,13.28,0.0,0.74
0.38,1,-13.23,0.0,0.73
0.38,2,-11.74,0.0,0.78
0.38,3,-10.26,0.0,0.84
0.38,4,-8.77,0.0,0.88
0.38,5,-7.27,0.0,0.87
0.38,6,-5.76,0.0,0.83
0.38,7,-4.25,0.0,0.8
0.38,8,-2.74,0.0,0.78
0.38,9,-1.23,0.0,0.76
0.38,10,0.07,0.0,0.67
0.38,11,0.0,0.0,0.45
0.38,12,1.2,0.0,0.57
0.38,13,2.71,0.0,0.67
0.38,14,4.22,0.0,0.72
0.38,15,5.73,0.0,0.75
0.38,16,7.24,0.0,0.79
0.38,17,8.75,0.0,0.83
0.38,18,10.26,0.0,0.84
0.38,19,11.75,0.0,0.8
0.38,20,13.23,0.0,0.75
0.4,1,-13.18,0.0,0.74
0.4,2,-11.69,0.0,0.79
0.4,3,-10.21,0.0,0.86
0.4,4,-8.72,0.0,0.9
0.4,5,-7.22,0.0,0.89
0.4,6,-5.71,0.0,0.85
0.4,7,-4.2,0.0,0.82
0.4,8,-2.69,0.0,0.8
0.4,9,-1.19,0.0,0.78
0.4,10,0.07,0.0,0.67
0.4,11,0.0,0.0,0.45
0.4,12,1.15,0.0,0.58
0.4,13,2.67,0.0,0.68
0.4,14,4.18,0.0,0.73
0.4,15,5.68,0.0,0.76
0.4,16,7.19,0.0,0.8
0.4,17,8.71,0.0,0.84
0.4,18,10.21,0.0,0.85
0.4,19,11.7,0.0,0.82
0.4,20,13.18,0.0,0.76
0.41,1,-13.13,0.0,0.75
0.41,2,-11.64,0.0,0.8
0.41,3,-10.16,0.0,0.87
0.41,4,-8.68,0.0,0.91
0.41,5,-7.17,0.0,0.9
0.41,6,-5.66,0.0,0.87
0.41,7,-4.15,0.0,0.83
0.41,8,-2.64,0.0,0.81
0.41,9,-1.14,0.0,0.79
0.41,10,0.07,0.0,0.67
0.41,11,0.0,0.0,0.45
0.41,12,1.1,0.0,0.58
0.41,13,2.62,0.0,0.69
0.41,14,4.13,0.0,0.74
0.41,15,5.63,0.0,0.78
0.41,16,7.15,0.0,0.82
0.41,17,8.66,0.0,0.86
0.41,18,10.16,0.0,0.87
0.41,19,11.65,0.0,0.83
0.41,20,13.13,0.0,0.77
0.43,1,-13.08,0.0,0.76
0.43,2,-11.59,0.0,0.81
0.43,3,-10.12,0.0,0.89
0.43,4,-8.63,0.0,0.93
0.43,5,-7.13,0.0,0.92
0.43,6,-5.61,0.0,0.88
0.43,7,-4.1,0.0,0.84
0.43,8,-2.6,0.0,0.82
0.43,9,-1.09,0.0,0.8
0.43,10,0.07,0.0,0.67
0.43,11,0.0,0.0,0.45
0.43,12,1.05,0.0,0.58
0.43,13,2.57,0.0,0.7
0.43,14,4.08,0.0,0.75
0.43,15,5.59,0.0,0.79
0.43,16,7.1,0.0,0.83
0.43,17,8.61,0.0,0.87
0.43,18,10.11,0.0,0.88
0.43,19,11.6,0.0,0.85
0.43,20,13.08,0.0,0.78
0.44,1,-13.03,0.0,0.77
0.44,2,-11.54,0.0,0.83
0.44,3,-10.07,0.0,0.9
0.44,4,-8.59,0.0,0.95
0.44,5,-7.08,0.0,0.94
0.44,6,-5.57,0.0,0.9
0.44,7,-4.05,0.0,0.86
0.44,8,-2.55,0.0,0.84
0.44,9,-1.04,0.0,0.81
0.44,10,0.07,0.0,0.67
0.44,11,0.0,0.0,0.45
0.44,12,1.0,0.0,0.59
0.44,13,2.52,0.0,0.71
0.44,14,4.03,0.0,0.76
0.44,15,5.54,0.0,0.8
0.44,16,7.05,0.0,0.85
0.44,17,8.56,0.0,0.89
0.44,18,10.07,0.0,0.9
0.44,19,11.55,0.0,0.86
0.44,20,13.04,0.0,0.79
0.46,1,-12.98,0.0,0.78
0.46,2,-11.5,0.0,0.84
0.46,3,-10.02,0.0,0.92
0.46,4,-8.54,0.0,0.97
0.46,5,-7.03,0.0,0.96
0.46,6,-5.52,0.0,0.91
0.46,7,-4.01,0.0,0.87
0.46,8,-2.5,0.0,0.85
0.46,9,-0.99,0.0,0.83
0.46,10,0.07,0.0,0.67
0.46,11,0.0,0.0,0.45
0.46,12,0.95,0.0,0.59
0.46,13,2.47,0.0,0.71
0.46,14,3.98,0.0,0.77
0.46,15,5.49,0.0,0.81
0.46,16,7.0,0.0,0.86
0.46,17,8.52,0.0,0.9
0.46,18,10.02,0.0,0.92
0.46,19,11.51,0.0,0.88
0.46,20,12.99,0.0,0.81
0.47,1,-12.93,0.0,0.8
0.47,2,-11.45,0.0,0.85
0.47,3,-9.97,0.0,0.94
0.47,4,-8.49,0.0,0.98
0.47,5,-6.99,0.0,0.97
0.47,6,-5.47,0.0,0.93
0.47,7,-3.96,0.0,0.89
0.47,8,-2.45,0.0,0.86
0.47,9,-0.94,0.0,0.84
0.47,10,0.07,0.0,0.67
0.47,11,0.0,0.0,0.45
0.47,12,0.9,0.0,0.6
0.47,13,2.42,0.0,0.72
0.47,14,3.93,0.0,0.78
0.47,15,5.44,0.0,0.82
0.47,16,6.95,0.0,0.87
0.47,17,8.47,0.0,0.92
0.47,18,9.97,0.0,0.93
0.47,19,11.46,0.0,0.89
0.47,20,12.94,0.0,0.82
0.49,1,-12.89,0.0,0.81
0.49,2,-11.4,0.0,0.87
0.49,3,-9.93,0.0,0.95
0.49,4,-8.45,0.0,1.0
0.49,5,-6.94,0.0,0.99
0.49,6,-5.42,0.0,0.94
0.49,7,-3.91,0.0,0.9
0.49,8,-2.4,0.0,0.88
0.49,9,-0.9,0.0,0.85
0.49,10,0.07,0.0,0.67
0.49,11,0.0,0.0,0.45
0.49,12,0.85,0.0,0.6
0.49,13,2.37,0.0,0.73
0.49,14,3.88,0.0,0.79
0.49,15,5.39,0.0,0.84
0.49,16,6.91,0.0,0.89
0.49,17,8.42,0.0,0.94
0.49,18,9.93,0.0,0.95
0.49,19,11.41,0.0,0.91
0.49,20,12.89,0.0,0.83
0.51,1,-12.84,0.0,0.82
0.51,2,-11.35,0.0,0.88
0.51,3,-9.88,0.0,0.97
0.51,4,-8.4,0.0,1.02
0.51,5,-6.89,0.0,1.01
0.51,6,-5.38,0.0,0.96
0.51,7,-3.86,0.0,0.92
0.51,8,-2.36,0.0,0.89
0.51,9,-0.85,0.0,0.87
0.51,10,0.07,0.0,0.67
0.51,11,0.0,0.0,0.45
0.51,12,0.8,0.0,0.6
0.51,13,2.32,0.0,0.74
0.51,14,3.83,0.0,0.8
0.51,15,5.34,0.0,0.85
0.51,16,6.86,0.0,0.9
0.51,17,8.37,0.0,0.95
0.51,18,9.88,0.0,0.96
0.51,19,11.36,0.0,0.92
0.51,20,12.84,0.0,0.84
0.52,1,-12.79,0.0,0.83
0.52,2,-11.3,0.0,0.89
0.52,3,-9.83,0.0,0.99
0.52,4,-8.35,0.0,1.04
0.52,5,-6.85,0.0,1.03
0.52,6,-5.33,0.0,0.98
0.52,7,-3.81,0.0,0.93
0.52,8,-2.31,0.0,0.9
0.52,9,-0.8,0.0,0.88
0.52,10,0.07,0.0,0.67
0.52,11,0.0,0.0,0.45
0.52,12,0.75,0.0,0.61
0.52,13,2.27,0.0,0.75
0.52,14,3.78,0.0,0.82
0.52,15,5.3,0.0,0.86
0.52,16,6.81,0.0,0.91
0.52,17,8.33,0.0,0.97
0.52,18,9.83,0.0,0.98
0.52,19,11.32,0.0,0.94
0.52,20,12.79,0.0,0.85
0.54,1,-12.74,0.0,0.84
0.54,2,-11.26,0.0,0.91
0.54,3,-9.79,0.0,1.0
0.54,4,-8.31,0.0,1.06
0.54,5,-6.8,0.0,1.04
0.54,6,-5.28,0.0,0.99
0.54,7,-3.77,0.0,0.94
0.54,8,-2.26,0.0,0.92
0.54,9,-0.75,0.0,0.89
0.54,10,0.07,0.0,0.67
0.54,11,0.0,0.0,0.45
0.54,12,0.7,0.0,0.61
0.54,13,2.22,0.0,0.76
0.54,14,3.74,0.0,0.83
0.54,15,5.25,0.0,0.87
0.54,16,6.76,0.0,0.93
0.54,17,8.28,0.0,0.98
0.54,18,9.78,0.0,1.0
0.54,19,11.27,0.0,0.95
0.54,20,12.74,0.0,0.87
0.55,1,-12.69,0.0,0.85
0.55,2,-11.21,0.0,0.92
0.55,3,-9.74,0.0,1.02
0.55,4,-8.26,0.0,1.07
0.55,5,-6.75,0.0,1.06
0.55,6,-5.23,0.0,1.01
0.55,7,-3.72,0.0,0.96
0.55,8,-2.21,0.0,0.93
0.55,9,-0.7,0.0,0.9
0.55,10,0.07,0.0,0.67
0.55,11,0.0,0.0,0.45
0.55,12,0.65,0.0,0.61
0.55,13,2.17,0.0,0.76
0.55,14,3.69,0.0,0.84
0.55,15,5.2,0.0,0.89
0.55,16,6.71,0.0,0.94
0.55,17,8.23,0.0,1.0
0.55,18,9.74,0.0,1.01
0.55,19,11.22,0.0,0.96
0.55,20,12.7,0.0,0.88
0.57,1,-12.64,0.0,0.86
0.57,2,-11.16,0.0,0.93
0.57,3,-9.69,0.0,1.03
0.57,4,-8.21,0.0,1.09
0.57,5,-6.71,0.0,1.08
0.57,6,-5.19,0.0,1.02
0.57,7,-3.67,0.0,0.97
0.57,8,-2.16,0.0,0.94
0.57,9,-0.65,0.0,0.92
0.57,10,0.07,0.0,0.67
0.57,11,0.0,0.0,0.45
0.57,12,0.6,0.0,0.62
0.57,13,2.12,0.0,0.77
0.57,14,3.64,0.0,0.85
0.57,15,5.15,0.0,0.9
0.57,16,6.67,0.0,0.96
0.57,17,8.18,0.0,1.01
0.57,18,9.69,0.0,1.03
0.57,19,11.17,0.0,0.98
0.57,20,12.65,0.0,0.89
0.59,1,-12.59,0.0,0.87
0.59,2,-11.11,0.0,0.95
0.59,3,-9.64,0.0,1.05
0.59,4,-8.17,0.0,1.11
0.59,5,-6.66,0.0,1.1
0.59,6,-5.14,0.0,1.04
0.59,7,-3.62,0.0,0.99
0.59,8,-2.11,0.0,0.96
0.59,9,-0.61,0.0,0.93
0.59,10,0.07,0.0,0.67
0.59,11,0.0,0.0,0.45
0.59,12,0.55,0.0,0.62
0.59,13,2.07,0.0,0.78
0.59,14,3.59,0.0,0.86
0.59,15,5.1,0.0,0.91
0.59,16,6.62,0.0,0.97
0.59,17,8.14,0.0,1.03
0.59,18,9.64,0.0,1.05
0.59,19,11.12,0.0,0.99
0.59,20,12.6,0.0,0.9
0.6,1,-12.54,0.0,0.88
0.6,2,-11.06,0.0,0.96
0.6,3,-9.6,0.0,1.07
0.6,4,-8.12,0.0,1.13
0.6,5,-6.61,0.0,1.11
0.6,6,-5.09,0.0,1.06
0.6,7,-3.58,0.0,1.0
0.6,8,-2.07,0.0,0.97
0.6,9,-0.56,0.0,0.94
0.6,10,0.07,0.0,0.67
0.6,11,0.0,0.0,0.45
0.6,12,0.5,0.0,0.62
0.6,13,2.02,0.0,0.79
0.6,14,3.54,0.0,0.87
0.6,15,5.05,0.0,0.92
0.6,16,6.57,0.0,0.98
0.6,17,8.09,0.0,1.04
0.6,18,9.59,0.0,1.06
0.6,19,11.08,0.0,1.01
0.6,20,12.55,0.0,0.91
0.62,1,-12.5,0.0,0.89
0.62,2,-11.01,0.0,0.97
0.62,3,-9.55,0.0,1.08
0.62,4,-8.07,0.0,1.15
0.62,5,-6.57,0.0,1.13
0.62,6,-5.05,0.0,1.07
0.62,7,-3.53,0.0,1.02
0.62,8,-2.02,0.0,0.99
0.62,9,-0.51,0.0,0.95
0.62,10,0.07,0.0,0.67
0.62,11,0.0,0.0,0.45
0.62,12,0.45,0.0,0.63
0.62,13,1.98,0.0,0.8
0.62,14,3.49,0.0,0.88
0.62,15,5.0,0.0,0.93
0.62,16,6.52,0.0,1.0
0.62,17,8.04,0.0,1.06
0.62,18,9.55,0.0,1.08
0.62,19,11.03,0.0,1.02
0.62,20,12.5,0.0,0.92
0.63,1,-12.45,0.0,0.91
0.63,2,-10.97,0.0,0.98
0.63,3,-9.5,0.0,1.1
0.63,4,-8.03,0.0,1.16
0.63,5,-6.52,0.0,1.15
0.63,6,-5.0,0.0,1.09
0.63,7,-3.48,0.0,1.03
0.63,8,-1.97,0.0,1.0
0.63,9,-0.46,0.0,0.97
0.63,10,0.07,0.0,0.67
0.63,11,0.0,0.0,0.45
0.63,12,0.41,0.0,0.63
0.63,13,1.93,0.0,0.81
0.63,14,3.44,0.0,0.89
0.63,15,4.96,0.0,0.95
0.63,16,6.47,0.0,1.01
0.63,17,7.99,0.0,1.07
0.63,18,9.5,0.0,1.09
0.63,19,10.98,0.0,1.04
0.63,20,12.45,0.0,0.94
0.65,1,-12.4,0.0,0.92
0.65,2,-10.92,0.0,1.0
0.65,3,-9.45,0.0,1.12
0.65,4,-7.98,0.0,1.18
0.65,5,-6.47,0.0,1.17
0.65,6,-4.95,0.0,1.1
0.65,7,-3.43,0.0,1.05
0.65,8,-1.92,0.0,1.01
0.65,9,-0.41,0.0,0.98
0.65,10,0.07,0.0,0.67
0.65,11,0.0,0.0,0.45
0.65,12,0.36,0.0,0.64
0.65,13,1.88,0.0,0.81
0.65,14,3.39,0.0,0.9
0.65,15,4.91,0.0,0.96
0.65,16,6.43,0.0,1.03
0.65,17,7.95,0.0,1.09
0.65,18,9.45,0.0,1.11
0.65,19,10.93,0.0,1.05
0.65,20,12.41,0.0,0.95
0.66,1,-12.35,0.0,0.93
0.66,2,-10.87,0.0,1.01
0.66,3,-9.41,0.0,1.13
0.66,4,-7.93,0.0,1.2
0.66,5,-6.43,0.0,1.18
0.66,6,-4.9,0.0,1.12
0.66,7,-3.38,0.0,1.06
0.66,8,-1.87,0.0,1.03
0.66,9,-0.36,0.0,0.99
0.66,10,0.07,0.0,0.67
0.66,11,0.0,0.0,0.45
0.66,12,0.32,0.0,0.64
0.66,13,1.83,0.0,0.82
0.66,14,3.34,0.0,0.91
0.66,15,4.86,0.0,0.97
0.66,16,6.38,0.0,1.04
0.66,17,7.9,0.0,1.11
0.66,18,9.41,0.0,1.13
0.66,19,10.89,0.0,1.07
0.66,20,12.36,0.0,0.96
0.68,1,-12.3,0.0,0.94
0.68,2,-10.82,0.0,1.02
0.68,3,-9.36,0.0,1.15
0.68,4,-7.89,0.0,1.22
0.68,5,-6.38,0.0,1.2
0.68,6,-4.86,0.0,1.14
0.68,7,-3.34,0.0,1.07
0.68,8,-1.83,0.0,1.04
0.68,9,-0.32,0.0,1.0
0.68,10,0.07,0.0,0.67
0.68,11,0.0,0.0,0.45
0.68,12,0.28,0.0,0.64
0.68,13,1.78,0.0,0.83
0.68,14,3.3,0.0,0.92
0.68,15,4.81,0.0,0.98
0.68,16,6.33,0.0,1.05
0.68,17,7.85,0.0,1.12
0.68,18,9.36,0.0,1.14
0.68,19,10.84,0.0,1.08
0.68,20,12.31,0.0,0.97
0.7,1,-12.25,0.0,0.95
0.7,2,-10.77,0.0,1.04
0.7,3,-9.31,0.0,1.16
0.7,4,-7.84,0.0,1.24
0.7,5,-6.33,0.0,1.22
0.7,6,-4.81,0.0,1.15
0.7,7,-3.29,0.0,1.09
0.7,8,-1.78,0.0,1.05
0.7,9,-0.27,0.0,1.02
0.7,10,0.07,0.0,0.67
0.7,11,0.0,0.0,0.45
0.7,12,0.24,0.0,0.65
0.7,13,1.73,0.0,0.84
0.7,14,3.25,0.0,0.93
0.7,15,4.76,0.0,0.99
0.7,16,6.28,0.0,1.07
0.7,17,7.8,0.0,1.14
0.7,18,9.31,0.0,1.16
0.7,19,10.79,0.0,1.09
0.7,20,12.26,0.0,0.98
0.71,1,-12.2,0.0,0.96
0.71,2,-10.73,0.0,1.05
0.71,3,-9.27,0.0,1.18
0.71,4,-7.79,0.0,1.25
0.71,5,-6.29,0.0,1.24
0.71,6,-4.76,0.0,1.17
0.71,7,-3.24,0.0,1.1
0.71,8,-1.73,0.0,1.07
0.71,9,-0.22,0.0,1.03
0.71,10,0.07,0.0,0.67
0.71,11,0.0,0.0,0.45
0.71,12,0.2,0.0,0.65
0.71,13,1.68,0.0,0.85
0.71,14,3.2,0.0,0.94
0.71,15,4.71,0.0,1.01
0.71,16,6.23,0.0,1.08
0.71,17,7.76,0.0,1.15
0.71,18,9.26,0.0,1.17
0.71,19,10.74,0.0,1.11
0.71,20,12.21,0.0,1.0
0.73,1,-12.15,0.0,0.97
0.73,2,-10.68,0.0,1.06
0.73,3,-9.22,0.0,1.2
0.73,4,-7.75,0.0,1.27
0.73,5,-6.24,0.0,1.25
0.73,6,-4.71,0.0,1.18
0.73,7,-3.19,0.0,1.12
0.73,8,-1.68,0.0,1.08
0.73,9,-0.17,0.0,1.04
0.73,10,0.07,0.0,0.67
0.73,11,0.0,0.0,0.45
0.73,12,0.16,0.0,0.66
0.73,13,1.63,0.0,0.85
0.73,14,3.15,0.0,0.95
0.73,15,4.67,0.0,1.02
0.73,16,6.19,0.0,1.09
0.73,17,7.71,0.0,1.17
0.73,18,9.22,0.0,1.19
0.73,19,10.69,0.0,1.12
0.73,20,12.16,0.0,1.01
0.74,1,-12.11,0.0,0.98
0.74,2,-10.63,0.0,1.08
0.74,3,-9.17,0.0,1.21
0.74,4,-7.7,0.0,1.29
0.74,5,-6.19,0.0,1.27
0.74,6,-4.67,0.0,1.2
0.74,7,-3.14,0.0,1.13
0.74,8,-1.63,0.0,1.09
0.74,9,-0.12,0.0,1.06
0.74,10,0.07,0.0,0.67
0.74,11,0.0,0.0,0.45
0.74,12,0.13,0.0,0.66
0.74,13,1.58,0.0,0.86
0.74,14,3.1,0.0,0.96
0.74,15,4.62,0.0,1.03
0.74,16,6.14,0.0,1.11
0.74,17,7.66,0.0,1.18
0.74,18,9.17,0.0,1.21
0.74,19,10.65,0.0,1.14
0.74,20,12.11,0.0,1.02
0.76,1,-12.06,0.0,0.99
0.76,2,-10.58,0.0,1.09
0.76,3,-9.12,0.0,1.23
0.76,4,-7.65,0.0,1.31
0.76,5,-6.15,0.0,1.29
0.76,6,-4.62,0.0,1.22
0.76,7,-3.1,0.0,1.15
0.76,8,-1.59,0.0,1.11
0.76,9,-0.07,0.0,1.07
0.76,10,0.07,0.0,0.67
0.76,11,0.0,0.0,0.45
0.76,12,0.09,0.0,0.66
0.76,13,1.53,0.0,0.87
0.76,14,3.05,0.0,0.97
0.76,15,4.57,0.0,1.04
0.76,16,6.09,0.0,1.12
0.76,17,7.61,0.0,1.2
0.76,18,9.12,0.0,1.22
0.76,19,10.6,0.0,1.15
0.76,20,12.07,0.0,1.03
0.77,1,-12.01,0.0,1.0
0.77,2,-10.53,0.0,1.1
0.77,3,-9.08,0.0,1.24
0.77,4,-7.61,0.0,1.33
0.77,5,-6.1,0.0,1.31
0.77,6,-4.57,0.0,1.23
0.77,7,-3.05,0.0,1.16
0.77,8,-1.54,0.0,1.12
0.77,9,-0.03,0.0,1.08
0.77,10,0.07,0.0,0.67
0.77,11,0.0,0.0,0.45
0.77,12,0.06,0.0,0.66
0.77,13,1.48,0.0,0.88
0.77,14,3.0,0.0,0.98
0.77,15,4.52,0.0,1.05
0.77,16,6.04,0.0,1.14
0.77,17,7.57,0.0,1.21
0.77,18,9.07,0.0,1.24
0.77,19,10.55,0.0,1.17
0.77,20,12.02,0.0,1.04
0.79,1,-11.96,0.0,1.02
0.79,2,-10.48,0.0,1.12
0.79,3,-9.03,0.0,1.26
0.79,4,-7.56,0.0,1.34
0.79,5,-6.05,0.0,1.33
0.79,6,-4.52,0.0,1.25
0.79,7,-3.0,0.0,1.17
0.79,8,-1.49,0.0,1.13
0.79,9,0.02,0.0,1.09
0.79,10,0.07,0.0,0.67
0.79,11,0.0,0.0,0.45
0.79,12,-0.0,0.0,0.67
0.79,13,1.43,0.0,0.89
0.79,14,2.95,0.0,0.99
0.79,15,4.47,0.0,1.07
0.79,16,5.99,0.0,1.15
0.79,17,7.52,0.0,1.23
0.79,18,9.03,0.0,1.25
0.79,19,10.5,0.0,1.18
0.79,20,11.97,0.0,1.05
0.81,1,-11.91,0.0,1.03
0.81,2,-10.44,0.0,1.13
0.81,3,-8.98,0.0,1.28
0.81,4,-7.51,0.0,1.36
0.81,5,-6.01,0.0,1.34
0.81,6,-4.48,0.0,1.26
0.81,7,-2.95,0.0,1.19
0.81,8,-1.44,0.0,1.15
0.81,9,0.07,0.0,1.11
0.81,10,0.07,0.0,0.67
0.81,11,0.0,0.0,0.45
0.81,12,-0.07,0.0,0.67
0.81,13,1.38,0.0,0.9
0.81,14,2.91,0.0,1.0
0.81,15,4.42,0.0,1.08
0.81,16,5.95,0.0,1.16
0.81,17,7.47,0.0,1.25
0.81,18,8.98,0.0,1.27
0.81,19,10.46,0.0,1.2
0.81,20,11.92,0.0,1.07
0.82,1,-11.86,0.0,1.04
0.82,2,-10.39,0.0,1.14
0.82,3,-8.93,0.0,1.29
0.82,4,-7.47,0.0,1.38
0.82,5,-5.96,0.0,1.36
0.82,6,-4.43,0.0,1.28
0.82,7,-2.91,0.0,1.2
0.82,8,-1.39,0.0,1.16
0.82,9,0.12,0.0,1.12
0.82,10,0.07,0.0,0.67
0.82,11,0.0,0.0,0.45
0.82,12,-0.07,0.0,0.67
0.82,13,1.34,0.0,0.9
0.82,14,2.86,0.0,1.02
0.82,15,4.37,0.0,1.09
0.82,16,5.9,0.0,1.18
0.82,17,7.42,0.0,1.26
0.82,18,8.93,0.0,1.29
0.82,19,10.41,0.0,1.21
0.82,20,11.87,0.0,1.08
0.84,1,-11.81,0.0,1.05
0.84,2,-10.34,0.0,1.16
0.84,3,-8.89,0.0,1.31
0.84,4,-7.42,0.0,1.4
0.84,5,-5.91,0.0,1.38
0.84,6,-4.38,0.0,1.29
0.84,7,-2.86,0.0,1.22
0.84,8,-1.35,0.0,1.17
0.84,9,0.17,0.0,1.13
0.84,10,0.07,0.0,0.67
0.84,11,0.0,0.0,0.45
0.84,12,-0.07,0.0,0.67
0.84,13,1.29,0.0,0.91
0.84,14,2.81,0.0,1.03
0.84,15,4.33,0.0,1.1
0.84,16,5.85,0.0,1.19
0.84,17,7.38,0.0,1.28
0.84,18,8.88,0.0,1.3
0.84,19,10.36,0.0,1.23
0.84,20,11.82,0.0,1.09
0.85,1,-11.76,0.0,1.06
0.85,2,-10.29,0.0,1.17
0.85,3,-8.84,0.0,1.33
0.85,4,-7.37,0.0,1.42
0.85,5,-5.87,0.0,1.4
0.85,6,-4.34,0.0,1.31
0.85,7,-2.81,0.0,1.23
0.85,8,-1.3,0.0,1.19
0.85,9,0.21,0.0,1.15
0.85,10,0.07,0.0,0.67
0.85,11,0.0,0.0,0.45
0.85,12,-0.07,0.0,0.67
0.85,13,1.24,0.0,0.92
0.85,14,2.76,0.0,1.04
0.85,15,4.28,0.0,1.11
0.85,16,5.8,0.0,1.21
0.85,17,7.33,0.0,1.29
0.85,18,8.84,0.0,1.32
0.85,19,10.31,0.0,1.24
0.85,20,11.77,0.0,1.1
0.87,1,-11.72,0.0,1.07
0.87,2,-10.24,0.0,1.18
0.87,3,-8.79,0.0,1.34
0.87,4,-7.33,0.0,1.43
0.87,5,-5.82,0.0,1.41
0.87,6,-4.29,0.0,1.33
0.87,7,-2.76,0.0,1.25
0.87,8,-1.25,0.0,1.2
0.87,9,0.26,0.0,1.16
0.87,10,0.07,0.0,0.67
0.87,11,0.0,0.0,0.45
0.87,12,-0.07,0.0,0.67
0.87,13,1.19,0.0,0.93
0.87,14,2.71,0.0,1.05
0.87,15,4.23,0.0,1.13
0.87,16,5.75,0.0,1.22
0.87,17,7.28,0.0,1.31
0.87,18,8.79,0.0,1.33
0.87,19,10.26,0.0,1.25
0.87,20,11.73,0.0,1.11
0.88,1,-11.67,0.0,1.08
0.88,2,-10.2,0.0,1.19
0.88,3,-8.75,0.0,1.36
0.88,4,-7.28,0.0,1.45
0.88,5,-5.77,0.0,1.43
0.88,6,-4.24,0.0,1.34
0.88,7,-2.71,0.0,1.26
0.88,8,-1.2,0.0,1.22
0.88,9,0.31,0.0,1.17
0.88,10,0.07,0.0,0.67
0.88,11,0.0,0.0,0.45
0.88,12,-0.07,0.0,0.67
0.88,13,1.14,0.0,0.94
0.88,14,2.66,0.0,1.06
0.88,15,4.18,0.0,1.14
0.88,16,5.71,0.0,1.23
0.88,17,7.23,0.0,1.32
0.88,18,8.74,0.0,1.35
0.88,19,10.22,0.0,1.27
0.88,20,11.68,0.0,1.13
0.91,1,-11.62,0.0,1.09
0.91,2,-10.15,0.0,1.21
0.91,3,-8.7,0.0,1.37
0.91,4,-7.23,0.0,1.47
0.91,5,-5.73,0.0,1.45
0.91,6,-4.19,0.0,1.36
0.91,7,-2.67,0.0,1.28
0.91,8,-1.15,0.0,1.23
0.91,9,0.36,0.0,1.18
0.91,10,0.07,0.0,0.67
0.91,11,0.0,0.0,0.45
0.91,12,-0.07,0.0,0.67
0.91,13,1.09,0.0,0.95
0.91,14,2.61,0.0,1.07
0.91,15,4.13,0.0,1.15
0.91,16,5.66,0.0,1.25
0.91,17,7.19,0.0,1.34
0.91,18,8.7,0.0,1.37
0.91,19,10.17,0.0,1.28
0.91,20,11.63,0.0,1.14
0.92,1,-11.57,0.0,1.1
0.92,2,-10.1,0.0,1.22
0.92,3,-8.65,0.0,1.39
0.92,4,-7.19,0.0,1.49
0.92,5,-5.68,0.0,1.47
0.92,6,-4.15,0.0,1.37
0.92,7,-2.62,0.0,1.29
0.92,8,-1.1,0.0,1.24
0.92,9,0.41,0.0,1.2
0.92,10,0.07,0.0,0.67
0.92,11,0.0,0.0,0.45
0.92,12,-0.07,0.0,0.67
0.92,13,1.04,0.0,0.95
0.92,14,2.56,0.0,1.08
0.92,15,4.08,0.0,1.16
0.92,16,5.61,0.0,1.26
0.92,17,7.14,0.0,1.35
0.92,18,8.65,0.0,1.38
0.92,19,10.12,0.0,1.3
0.92,20,11.58,0.0,1.15
0.93,1,-11.52,0.0,1.11
0.93,2,-10.05,0.0,1.23
0.93,3,-8.6,0.0,1.41
0.93,4,-7.14,0.0,1.51
0.93,5,-5.63,0.0,1.48
0.93,6,-4.1,0.0,1.39
0.93,7,-2.57,0.0,1.3
0.93,8,-1.06,0.0,1.26
0.93,9,0.46,0.0,1.21
0.93,10,0.07,0.0,0.67
0.93,11,0.0,0.0,0.45
0.93,12,-0.07,0.0,0.67
0.93,13,0.99,0.0,0.96
0.93,14,2.51,0.0,1.09
0.93,15,4.03,0.0,1.17
0.93,16,5.56,0.0,1.27
0.93,17,7.09,0.0,1.37
0.93,18,8.6,0.0,1.4
0.93,19,10.07,0.0,1.31
0.93,20,11.53,0.0,1.16
0.95,1,-11.47,0.0,1.13
0.95,2,-10.0,0.0,1.25
0.95,3,-8.56,0.0,1.42
0.95,4,-7.09,0.0,1.52
0.95,5,-5.59,0.0,1.5
0.95,6,-4.05,0.0,1.41
0.95,7,-2.52,0.0,1.32
0.95,8,-1.01,0.0,1.27
0.95,9,0.49,0.0,1.22
0.95,10,0.07,0.0,0.67
0.95,11,0.0,0.0,0.45
0.95,12,-0.07,0.0,0.67
0.95,13,0.94,0.0,0.97
0.95,14,2.47,0.0,1.1
0.95,15,3.99,0.0,1.19
0.95,16,5.51,0.0,1.29
0.95,17,7.04,0.0,1.39
0.95,18,8.55,0.0,1.41
0.95,19,10.03,0.0,1.33
0.95,20,11.48,0.0,1.17
0.96,1,-11.42,0.0,1.14
0.96,2,-9.95,0.0,1.26
0.96,3,-8.51,0.0,1.44
0.96,4,-7.05,0.0,1.54
0.96,5,-5.54,0.0,1.52
0.96,6,-4.0,0.0,1.42
0.96,7,-2.48,0.0,1.33
0.96,8,-0.96,0.0,1.28
0.96,9,0.49,0.0,1.22
0.96,10,0.07,0.0,0.67
0.96,11,0.0,0.0,0.45
0.96,12,-0.07,0.0,0.67
0.96,13,0.89,0.0,0.98
0.96,14,2.42,0.0,1.11
0.96,15,3.94,0.0,1.2
0.96,16,5.47,0.0,1.3
0.96,17,7.0,0.0,1.4
0.96,18,8.51,0.0,1.43
0.96,19,9.98,0.0,1.34
0.96,20,11.43,0.0,1.18
0.98,1,-11.37,0.0,1.15
0.98,2,-9.91,0.0,1.27
0.98,3,-8.46,0.0,1.46
0.98,4,-7.0,0.0,1.56
0.98,5,-5.49,0.0,1.54
0.98,6,-3.96,0.0,1.44
0.98,7,-2.43,0.0,1.35
0.98,8,-0.91,0.0,1.3
0.98,9,0.49,0.0,1.22
0.98,10,0.07,0.0,0.67
0.98,11,0.0,0.0,0.45
0.98,12,-0.07,0.0,0.67
0.98,13,0.84,0.0,0.99
0.98,14,2.37,0.0,1.12
0.98,15,3.89,0.0,1.21
0.98,16,5.42,0.0,1.32
0.98,17,6.95,0.0,1.42
0.98,18,8.46,0.0,1.45
0.98,19,9.93,0.0,1.36
0.98,20,11.39,0.0,1.2
0.99,1,-11.33,0.0,1.16
0.99,2,-9.86,0.0,1.29
0.99,3,-8.42,0.0,1.47
0.99,4,-6.95,0.0,1.58
0.99,5,-5.44,0.0,1.55
0.99,6,-3.91,0.0,1.45
0.99,7,-2.38,0.0,1.36
0.99,8,-0.86,0.0,1.31
0.99,9,0.49,0.0,1.22
0.99,10,0.07,0.0,0.67
0.99,11,0.0,0.0,0.45
0.99,12,-0.07,0.0,0.67
0.99,13,0.79,0.0,1.0
0.99,14,2.32,0.0,1.13
0.99,15,3.84,0.0,1.22
0.99,16,5.37,0.0,1.33
0.99,17,6.9,0.0,1.43
0.99,18,8.41,0.0,1.46
0.99,19,9.88,0.0,1.37
0.99,20,11.34,0.0,1.21
1.01,1,-11.28,0.0,1.17
1.01,2,-9.81,0.0,1.3
1.01,3,-8.37,0.0,1.49
1.01,4,-6.91,0.0,1.6
1.01,5,-5.4,0.0,1.57
1.01,6,-3.86,0.0,1.47
1.01,7,-2.33,0.0,1.38
1.01,8,-0.82,0.0,1.32
1.01,9,0.49,0.0,1.22
1.01,10,0.07,0.0,0.67
1.01,11,0.0,0.0,0.45
1.01,12,-0.07,0.0,0.67
1.01,13,0.74,0.0,1.0
1.01,14,2.27,0.0,1.14
1.01,15,3.79,0.0,1.23
1.01,16,5.32,0.0,1.34
1.01,17,6.85,0.0,1.45
1.01,18,8.36,0.0,1.48
1.01,19,9.83,0.0,1.39
1.01,20,11.29,0.0,1.22
1.02,1,-11.23,0.0,1.18
1.02,2,-9.76,0.0,1.31
1.02,3,-8.32,0.0,1.5
1.02,4,-6.86,0.0,1.61
1.02,5,-5.35,0.0,1.59
1.02,6,-3.81,0.0,1.49
1.02,7,-2.28,0.0,1.39
1.02,8,-0.77,0.0,1.34
1.02,9,0.49,0.0,1.22
1.02,10,0.07,0.0,0.67
1.02,11,0.0,0.0,0.45
1.02,12,-0.07,0.0,0.67
1.02,13,0.7,0.0,1.01
1.02,14,2.22,0.0,1.15
1.02,15,3.74,0.0,1.25
1.02,16,5.27,0.0,1.36
1.02,17,6.81,0.0,1.46
1.02,18,8.32,0.0,1.49
1.02,19,9.79,0.0,1.4
1.02,20,11.24,0.0,1.23
1.04,1,-11.18,0.0,1.19
1.04,2,-9.71,0.0,1.33
1.04,3,-8.27,0.0,1.52
1.04,4,-6.81,0.0,1.63
1.04,5,-5.3,0.0,1.61
1.04,6,-3.77,0.0,1.5
1.04,7,-2.24,0.0,1.4
1.04,8,-0.72,0.0,1.35
1.04,9,0.49,0.0,1.22
1.04,10,0.07,0.0,0.67
1.04,11,0.0,0.0,0.45
1.04,12,-0.07,0.0,0.67
1.04,13,0.65,0.0,1.02
1.04,14,2.17,0.0,1.16
1.04,15,3.7,0.0,1.26
1.04,16,5.23,0.0,1.37
1.04,17,6.76,0.0,1.48
1.04,18,8.27,0.0,1.51
1.04,19,9.74,0.0,1.41
1.04,20,11.19,0.0,1.24
1.06,1,-11.13,0.0,1.2
1.06,2,-9.66,0.0,1.34
1.06,3,-8.23,0.0,1.54
1.06,4,-6.77,0.0,1.65
1.06,5,-5.26,0.0,1.62
1.06,6,-3.72,0.0,1.52
1.06,7,-2.19,0.0,1.42
1.06,8,-0.67,0.0,1.37
1.06,9,0.49,0.0,1.22
1.06,10,0.07,0.0,0.67
1.06,11,0.0,0.0,0.45
1.06,12,-0.07,0.0,0.67
1.06,13,0.61,0.0,1.02
1.06,14,2.12,0.0,1.17
1.06,15,3.65,0.0,1.27
1.06,16,5.18,0.0,1.39
1.06,17,6.71,0.0,1.5
1.06,18,8.22,0.0,1.53
1.06,19,9.69,0.0,1.43
1.06,20,11.14,0.0,1.26
1.07,1,-11.08,0.0,1.21
1.07,2,-9.62,0.0,1.35
1.07,3,-8.18,0.0,1.55
1.07,4,-6.72,0.0,1.67
1.07,5,-5.21,0.0,1.64
1.07,6,-3.67,0.0,1.53
1.07,7,-2.14,0.0,1.43
1.07,8,-0.62,0.0,1.38
1.07,9,0.49,0.0,1.22
1.07,10,0.07,0.0,0.67
1.07,11,0.0,0.0,0.45
1.07,12,-0.07,0.0,0.67
1.07,13,0.56,0.0,1.02
1.07,14,2.08,0.0,1.18
1.07,15,3.6,0.0,1.28
1.07,16,5.13,0.0,1.4
1.07,17,6.66,0.0,1.51
1.07,18,8.18,0.0,1.54
1.07,19,9.64,0.0,1.44
1.07,20,11.09,0.0,1.27
1.09,1,-11.03,0.0,1.22
1.09,2,-9.57,0.0,1.37
1.09,3,-8.13,0.0,1.57
1.09,4,-6.67,0.0,1.69
1.09,5,-5.16,0.0,1.66
1.09,6,-3.63,0.0,1.55
1.09,7,-2.09,0.0,1.45
1.09,8,-0.58,0.0,1.39
1.09,9,0.49,0.0,1.22
1.09,10,0.07,0.0,0.67
1.09,11,0.0,0.0,0.45
1.09,12,-0.07,0.0,0.67
1.09,13,0.51,0.0,1.03
1.09,14,2.03,0.0,1.2
1.09,15,3.55,0.0,1.3
1.09,16,5.08,0.0,1.41
1.09,17,6.62,0.0,1.53
1.09,18,8.13,0.0,1.56
1.09,19,9.6,0.0,1.46
1.09,20,11.05,0.0,1.28
1.1,1,-10.98,0.0,1.23
1.1,2,-9.52,0.0,1.38
1.1,3,-8.08,0.0,1.59
1.1,4,-6.63,0.0,1.7
1.1,5,-5.12,0.0,1.68
1.1,6,-3.58,0.0,1.57
1.1,7,-2.04,0.0,1.46
1.1,8,-0.53,0.0,1.41
1.1,9,0.49,0.0,1.22
1.1,10,0.07,0.0,0.67
1.1,11,0.0,0.0,0.45
1.1,12,-0.07,0.0,0.67
1.1,13,0.47,0.0,1.03
1.1,14,1.98,0.0,1.21
1.1,15,3.5,0.0,1.31
1.1,16,5.03,0.0,1.43
1.1,17,6.57,0.0,1.54
1.1,18,8.08,0.0,1.57
1.1,19,9.55,0.0,1.47
1.1,20,11.0,0.0,1.29
1.12,1,-10.94,0.0,1.25
1.12,2,-9.47,0.0,1.39
1.12,3,-8.04,0.0,1.6
1.12,4,-6.58,0.0,1.72
1.12,5,-5.07,0.0,1.69
1.12,6,-3.53,0.0,1.58
1.12,7,-2.0,0.0,1.48
1.12,8,-0.48,0.0,1.42
1.12,9,0.49,0.0,1.22
1.12,10,0.07,0.0,0.67
1.12,11,0.0,0.0,0.45
1.12,12,-0.07,0.0,0.67
1.12,13,0.42,0.0,1.03
1.12,14,1.93,0.0,1.22
1.12,15,3.45,0.0,1.32
1.12,16,4.99,0.0,1.44
1.12,17,6.52,0.0,1.56
1.12,18,8.03,0.0,1.59
1.12,19,9.5,0.0,1.49
1.12,20,10.95,0.0,1.3
1.13,1,-10.89,0.0,1.26
1.13,2,-9.42,0.0,1.4
1.13,3,-7.99,0.0,1.62
1.13,4,-6.54,0.0,1.74
1.13,5,-5.02,0.0,1.71
1.13,6,-3.48,0.0,1.6
1.13,7,-1.95,0.0,1.49
1.13,8,-0.43,0.0,1.43
1.13,9,0.49,0.0,1.22
1.13,10,0.07,0.0,0.67
1.13,11,0.0,0.0,0.45
1.13,12,-0.07,0.0,0.67
1.13,13,0.36,0.0,1.03
1.13,14,1.88,0.0,1.23
1.13,15,3.4,0.0,1.33
1.13,16,4.94,0.0,1.45
1.13,17,6.47,0.0,1.57
1.13,18,7.99,0.0,1.61
1.13,19,9.45,0.0,1.5
1.13,20,10.9,0.0,1.31
1.15,1,-10.84,0.0,1.27
1.15,2,-9.38,0.0,1.42
1.15,3,-7.94,0.0,1.63
1.15,4,-6.49,0.0,1.76
1.15,5,-4.98,0.0,1.73
1.15,6,-3.44,0.0,1.61
1.15,7,-1.9,0.0,1.51
1.15,8,-0.38,0.0,1.45
1.15,9,0.49,0.0,1.22
1.15,10,0.07,0.0,0.67
1.15,11,0.0,0.0,0.45
1.15,12,-0.07,0.0,0.67
1.15,13,0.31,0.0,1.04
1.15,14,1.83,0.0,1.24
1.15,15,3.36,0.0,1.34
1.15,16,4.89,0.0,1.47
1.15,17,6.43,0.0,1.59
1.15,18,7.94,0.0,1.62
1.15,19,9.4,0.0,1.52
1.15,20,10.85,0.0,1.33
1.16,1,-10.79,0.0,1.28
1.16,2,-9.33,0.0,1.43
1.16,3,-7.9,0.0,1.65
1.16,4,-6.44,0.0,1.78
1.16,5,-4.93,0.0,1.75
1.16,6,-3.39,0.0,1.63
1.16,7,-1.85,0.0,1.52
1.16,8,-0.34,0.0,1.46
1.16,9,0.49,0.0,1.22
1.16,10,0.07,0.0,0.67
1.16,11,0.0,0.0,0.45
1.16,12,-0.07,0.0,0.67
1.16,13,0.26,0.0,1.05
1.16,14,1.78,0.0,1.25
1.16,15,3.31,0.0,1.36
1.16,16,4.84,0.0,1.48
1.16,17,6.38,0.0,1.6
1.16,18,7.89,0.0,1.64
1.16,19,9.36,0.0,1.53
1.16,20,10.8,0.0,1.34
1.18,1,-10.74,0.0,1.29
1.18,2,-9.28,0.0,1.44
1.18,3,-7.85,0.0,1.67
1.18,4,-6.4,0.0,1.79
1.18,5,-4.88,0.0,1.76
1.18,6,-3.34,0.0,1.65
1.18,7,-1.81,0.0,1.53
1.18,8,-0.29,0.0,1.47
1.18,9,0.49,0.0,1.22
1.18,10,0.07,0.0,0.67
1.18,11,0.0,0.0,0.45
1.18,12,-0.07,0.0,0.67
1.18,13,0.21,0.0,1.05
1.18,14,1.73,0.0,1.26
1.18,15,3.26,0.0,1.37
1.18,16,4.79,0.0,1.5
1.18,17,6.33,0.0,1.62
1.18,18,7.84,0.0,1.66
1.18,19,9.31,0.0,1.55
1.18,20,10.75,0.0,1.35
1.2,1,-10.69,0.0,1.3
1.2,2,-9.23,0.0,1.46
1.2,3,-7.8,0.0,1.68
1.2,4,-6.35,0.0,1.81
1.2,5,-4.84,0.0,1.78
1.2,6,-3.29,0.0,1.66
1.2,7,-1.76,0.0,1.55
1.2,8,-0.24,0.0,1.49
1.2,9,0.49,0.0,1.22
1.2,10,0.07,0.0,0.67
1.2,11,0.0,0.0,0.45
1.2,12,-0.07,0.0,0.67
1.2,13,0.15,0.0,1.06
1.2,14,1.68,0.0,1.27
1.2,15,3.21,0.0,1.38
1.2,16,4.75,0.0,1.51
1.2,17,6.29,0.0,1.64
1.2,18,7.8,0.0,1.67
1.2,19,9.26,0.0,1.56
1.2,20,10.71,0.0,1.36
1.21,1,-10.64,0.0,1.31
1.21,2,-9.18,0.0,1.47
1.21,3,-7.75,0.0,1.7
1.21,4,-6.3,0.0,1.83
1.21,5,-4.79,0.0,1.8
1.21,6,-3.25,0.0,1.68
1.21,7,-1.71,0.0,1.56
1.21,8,-0.19,0.0,1.5
1.21,9,0.49,0.0,1.22
1.21,10,0.07,0.0,0.67
1.21,11,0.0,0.0,0.45
1.21,12,-0.07,0.0,0.67
1.21,13,0.11,0.0,1.08
1.21,14,1.64,0.0,1.28
1.21,15,3.16,0.0,1.39
1.21,16,4.7,0.0,1.52
1.21,17,6.24,0.0,1.65
1.21,18,7.75,0.0,1.69
1.21,19,9.21,0.0,1.57
1.21,20,10.66,0.0,1.37
1.23,1,-10.59,0.0,1.32
1.23,2,-9.13,0.0,1.48
1.23,3,-7.71,0.0,1.72
1.23,4,-6.26,0.0,1.85
1.23,5,-4.74,0.0,1.82
1.23,6,-3.2,0.0,1.69
1.23,7,-1.66,0.0,1.58
1.23,8,-0.14,0.0,1.51
1.23,9,0.49,0.0,1.22
1.23,10,0.07,0.0,0.67
1.23,11,0.0,0.0,0.45
1.23,12,-0.07,0.0,0.67
1.23,13,0.06,0.0,1.09
1.23,14,1.59,0.0,1.29
1.23,15,3.11,0.0,1.4
1.23,16,4.65,0.0,1.54
1.23,17,6.19,0.0,1.67
1.23,18,7.7,0.0,1.7
1.23,19,9.17,0.0,1.59
1.23,20,10.61,0.0,1.39
1.24,1,-10.55,0.0,1.33
1.24,2,-9.09,0.0,1.5
1.24,3,-7.66,0.0,1.73
1.24,4,-6.21,0.0,1.87
1.24,5,-4.7,0.0,1.84
1.24,6,-3.15,0.0,1.71
1.24,7,-1.61,0.0,1.59
1.24,8,-0.1,0.0,1.53
1.24,9,0.49,0.0,1.22
1.24,10,0.07,0.0,0.67
1.24,11,0.0,0.0,0.45
1.24,12,-0.07,0.0,0.67
1.24,13,0.01,0.0,1.1
1.24,14,1.54,0.0,1.3
1.24,15,3.07,0.0,1.42
1.24,16,4.6,0.0,1.55
1.24,17,6.14,0.0,1.68
1.24,18,7.66,0.0,1.72
1.24,19,9.12,0.0,1.6
1.24,20,10.56,0.0,1.4
1.26,1,-10.5,0.0,1.34
1.26,2,-9.04,0.0,1.51
1.26,3,-7.61,0.0,1.75
1.26,4,-6.16,0.0,1.88
1.26,5,-4.65,0.0,1.85
1.26,6,-3.1,0.0,1.73
1.26,7,-1.57,0.0,1.61
1.26,8,-0.05,0.0,1.54
1.26,9,0.49,0.0,1.22
1.26,10,0.07,0.0,0.67
1.26,11,0.0,0.0,0.45
1.26,12,-0.07,0.0,0.67
1.26,13,-0.04,0.0,1.11
1.26,14,1.49,0.0,1.31
1.26,15,3.02,0.0,1.43
1.26,16,4.55,0.0,1.57
1.26,17,6.1,0.0,1.7
1.26,18,7.61,0.0,1.74
1.26,19,9.07,0.0,1.62
1.26,20,10.51,0.0,1.41
1.28,1,-10.45,0.0,1.36
1.28,2,-8.99,0.0,1.52
1.28,3,-7.56,0.0,1.76
1.28,4,-6.12,0.0,1.9
1.28,5,-4.6,0.0,1.87
1.28,6,-3.06,0.0,1.74
1.28,7,-1.52,0.0,1.62
1.28,8,0.0,0.0,1.56
1.28,9,0.49,0.0,1.22
1.28,10,0.07,0.0,0.67
1.28,11,0.0,0.0,0.45
1.28,12,-0.07,0.0,0.67
1.28,13,-0.09,0.0,1.12
1.28,14,1.44,0.0,1.32
1.28,15,2.97,0.0,1.44
1.28,16,4.51,0.0,1.58
1.28,17,6.05,0.0,1.71
1.28,18,7.56,0.0,1.75
1.28,19,9.02,0.0,1.63
1.28,20,10.46,0.0,1.42
1.29,1,-10.4,0.0,1.37
1.29,2,-8.94,0.0,1.54
1.29,3,-7.52,0.0,1.78
1.29,4,-6.07,0.0,1.92
1.29,5,-4.56,0.0,1.89
1.29,6,-3.01,0.0,1.76
1.29,7,-1.47,0.0,1.64
1.29,8,0.05,0.0,1.57
1.29,9,0.49,0.0,1.22
1.29,10,0.07,0.0,0.67
1.29,11,0.0,0.0,0.45
1.29,12,-0.07,0.0,0.67
1.29,13,-0.14,0.0,1.13
1.29,14,1.39,0.0,1.33
1.29,15,2.92,0.0,1.45
1.29,16,4.46,0.0,1.59
1.29,17,6.0,0.0,1.73
1.29,18,7.51,0.0,1.77
1.29,19,8.97,0.0,1.65
1.29,20,10.41,0.0,1.43
1.31,1,-10.35,0.0,1.38
1.31,2,-8.89,0.0,1.55
1.31,3,-7.47,0.0,1.8
1.31,4,-6.02,0.0,1.94
1.31,5,-4.51,0.0,1.91
1.31,6,-2.96,0.0,1.77
1.31,7,-1.42,0.0,1.65
1.31,8,0.1,0.0,1.58
1.31,9,0.49,0.0,1.22
1.31,10,0.07,0.0,0.67
1.31,11,0.0,0.0,0.45
1.31,12,-0.07,0.0,0.67
1.31,13,-0.19,0.0,1.15
1.31,14,1.34,0.0,1.34
1.31,15,2.87,0.0,1.46
1.31,16,4.41,0.0,1.61
1.31,17,5.95,0.0,1.74
1.31,18,7.47,0.0,1.78
1.31,19,8.93,0.0,1.66
1.31,20,10.37,0.0,1.44
1.32,1,-10.3,0.0,1.39
1.32,2,-8.85,0.0,1.56
1.32,3,-7.42,0.0,1.81
1.32,4,-5.98,0.0,1.96
1.32,5,-4.46,0.0,1.92
1.32,6,-2.92,0.0,1.79
1.32,7,-1.38,0.0,1.66
1.32,8,0.14,0.0,1.6
1.32,9,0.49,0.0,1.22
1.32,10,0.07,0.0,0.67
1.32,11,0.0,0.0,0.45
1.32,12,-0.07,0.0,0.67
1.32,13,-0.23,0.0,1.16
1.32,14,1.29,0.0,1.35
1.32,15,2.82,0.0,1.48
1.32,16,4.36,0.0,1.62
1.32,17,5.91,0.0,1.76
1.32,18,7.42,0.0,1.8
1.32,19,8.88,0.0,1.68
1.32,20,10.32,0.0,1.46
1.34,1,-10.25,0.0,1.4
1.34,2,-8.8,0.0,1.58
1.34,3,-7.38,0.0,1.83
1.34,4,-5.93,0.0,1.97
1.34,5,-4.42,0.0,1.94
1.34,6,-2.87,0.0,1.8
1.34,7,-1.33,0.0,1.68
1.34,8,0.19,0.0,1.61
1.34,9,0.49,0.0,1.22
1.34,10,0.07,0.0,0.67
1.34,11,0.0,0.0,0.45
1.34,12,-0.07,0.0,0.67
1.34,13,-0.28,0.0,1.17
1.34,14,1.25,0.0,1.36
1.34,15,2.77,0.0,1.49
1.34,16,4.31,0.0,1.63
1.34,17,5.86,0.0,1.78
1.34,18,7.37,0.0,1.82
1.34,19,8.83,0.0,1.69
1.34,20,10.27,0.0,1.47
1.35,1,-10.2,0.0,1.41
1.35,2,-8.75,0.0,1.59
1.35,3,-7.33,0.0,1.84
1.35,4,-5.88,0.0,1.99
1.35,5,-4.37,0.0,1.96
1.35,6,-2.82,0.0,1.82
1.35,7,-1.28,0.0,1.69
1.35,8,0.24,0.0,1.62
1.35,9,0.49,0.0,1.22
1.35,10,0.07,0.0,0.67
1.35,11,0.0,0.0,0.45
1.35,12,-0.07,0.0,0.67
1.35,13,-0.33,0.0,1.18
1.35,14,1.2,0.0,1.38
1.35,15,2.73,0.0,1.5
1.35,16,4.27,0.0,1.65
1.35,17,5.81,0.0,1.79
1.35,18,7.32,0.0,1.83
1.35,19,8.78,0.0,1.71
1.35,20,10.22,0.0,1.48
1.37,1,-10.16,0.0,1.42
1.37,2,-8.7,0.0,1.6
1.37,3,-7.28,0.0,1.86
1.37,4,-5.84,0.0,2.01
1.37,5,-4.32,0.0,1.98
1.37,6,-2.77,0.0,1.84
1.37,7,-1.23,0.0,1.71
1.37,8,0.29,0.0,1.64
1.37,9,0.49,0.0,1.22
1.37,10,0.07,0.0,0.67
1.37,11,0.0,0.0,0.45
1.37,12,-0.07,0.0,0.67
1.37,13,-0.38,0.0,1.19
1.37,14,1.15,0.0,1.39
1.37,15,2.68,0.0,1.51
1.37,16,4.22,0.0,1.66
1.37,17,5.76,0.0,1.81
1.37,18,7.28,0.0,1.85
1.37,19,8.74,0.0,1.72
1.37,20,10.17,0.0,1.49
1.38,1,-10.11,0.0,1.43
1.38,2,-8.65,0.0,1.61
1.38,3,-7.23,0.0,1.88
1.38,4,-5.79,0.0,2.03
1.38,5,-4.28,0.0,1.99
1.38,6,-2.73,0.0,1.85
1.38,7,-1.18,0.0,1.72
1.38,8,0.34,0.0,1.65
1.38,9,0.49,0.0,1.22
1.38,10,0.07,0.0,0.67
1.38,11,0.0,0.0,0.45
1.38,12,-0.07,0.0,0.67
1.38,13,-0.43,0.0,1.2
1.38,14,1.1,0.0,1.4
1.38,15,2.63,0.0,1.53
1.38,16,4.17,0.0,1.68
1.38,17,5.72,0.0,1.82
1.38,18,7.23,0.0,1.86
1.38,19,8.69,0.0,1.73
1.38,20,10.12,0.0,1.5
1.4,1,-10.06,0.0,1.44
1.4,2,-8.6,0.0,1.63
1.4,3,-7.19,0.0,1.89
1.4,4,-5.74,0.0,2.05
1.4,5,-4.23,0.0,2.01
1.4,6,-2.68,0.0,1.87
1.4,7,-1.14,0.0,1.74
1.4,8,0.38,0.0,1.67
1.4,9,0.49,0.0,1.22
1.4,10,0.07,0.0,0.67
1.4,11,0.0,0.0,0.45
1.4,12,-0.07,0.0,0.67
1.4,13,-0.48,0.0,1.22
1.4,14,1.05,0.0,1.41
1.4,15,2.58,0.0,1.54
1.4,16,4.12,0.0,1.69
1.4,17,5.67,0.0,1.84
1.4,18,7.18,0.0,1.88
1.4,19,8.64,0.0,1.75
1.4,20,10.08,0.0,1.52
1.42,1,-10.01,0.0,1.45
1.42,2,-8.56,0.0,1.64
1.42,3,-7.14,0.0,1.91
1.42,4,-5.7,0.0,2.06
1.42,5,-4.18,0.0,2.03
1.42,6,-2.63,0.0,1.88
1.42,7,-1.09,0.0,1.75
1.42,8,0.43,0.0,1.68
1.42,9,0.49,0.0,1.22
1.42,10,0.07,0.0,0.67
1.42,11,0.0,0.0,0.45
1.42,12,-0.07,0.0,0.67
1.42,13,-0.49,0.0,1.22
1.42,14,1.0,0.0,1.42
1.42,15,2.53,0.0,1.55
1.42,16,4.07,0.0,1.7
1.42,17,5.62,0.0,1.85
1.42,18,7.14,0.0,1.9
1.42,19,8.59,0.0,1.76
1.42,20,10.03,0.0,1.53
1.43,1,-9.96,0.0,1.47
1.43,2,-8.51,0.0,1.65
1.43,3,-7.09,0.0,1.93
1.43,4,-5.65,0.0,2.08
1.43,5,-4.14,0.0,2.05
1.43,6,-2.58,0.0,1.9
1.43,7,-1.04,0.0,1.77
1.43,8,0.48,0.0,1.69
1.43,9,0.49,0.0,1.22
1.43,10,0.07,0.0,0.67
1.43,11,0.0,0.0,0.45
1.43,12,-0.07,0.0,0.67
1.43,13,-0.49,0.0,1.22
1.43,14,0.95,0.0,1.43
1.43,15,2.48,0.0,1.56
1.43,16,4.03,0.0,1.72
1.43,17,5.57,0.0,1.87
1.43,18,7.09,0.0,1.91
1.43,19,8.54,0.0,1.78
1.43,20,9.98,0.0,1.54
1.45,1,-9.91,0.0,1.48
1.45,2,-8.46,0.0,1.67
1.45,3,-7.05,0.0,1.94
1.45,4,-5.6,0.0,2.1
1.45,5,-4.09,0.0,2.06
1.45,6,-2.54,0.0,1.92
1.45,7,-0.99,0.0,1.78
1.45,8,0.53,0.0,1.71
1.45,9,0.49,0.0,1.22
1.45,10,0.07,0.0,0.67
1.45,11,0.0,0.0,0.45
1.45,12,-0.07,0.0,0.67
1.45,13,-0.49,0.0,1.22
1.45,14,0.9,0.0,1.44
1.45,15,2.44,0.0,1.57
1.45,16,3.98,0.0,1.73
1.45,17,5.53,0.0,1.88
1.45,18,7.04,0.0,1.93
1.45,19,8.5,0.0,1.79
1.45,20,9.93,0.0,1.55
1.46,1,-9.86,0.0,1.49
1.46,2,-8.41,0.0,1.68
1.46,3,-7.0,0.0,1.96
1.46,4,-5.56,0.0,2.12
1.46,5,-4.04,0.0,2.08
1.46,6,-2.49,0.0,1.93
1.46,7,-0.94,0.0,1.79
1.46,8,0.58,0.0,1.72
1.46,9,0.49,0.0,1.22
1.46,10,0.07,0.0,0.67
1.46,11,0.0,0.0,0.45
1.46,12,-0.07,0.0,0.67
1.46,13,-0.49,0.0,1.22
1.46,14,0.85,0.0,1.45
1.46,15,2.39,0.0,1.59
1.46,16,3.93,0.0,1.75
1.46,17,5.48,0.0,1.9
1.46,18,6.99,0.0,1.94
1.46,19,8.45,0.0,1.81
1.46,20,9.88,0.0,1.56
1.48,1,-9.81,0.0,1.5
1.48,2,-8.36,0.0,1.69
1.48,3,-6.95,0.0,1.97
1.48,4,-5.51,0.0,2.14
1.48,5,-4.0,0.0,2.1
1.48,6,-2.44,0.0,1.95
1.48,7,-0.9,0.0,1.81
1.48,8,0.62,0.0,1.73
1.48,9,0.49,0.0,1.22
1.48,10,0.07,0.0,0.67
1.48,11,0.0,0.0,0.45
1.48,12,-0.07,0.0,0.67
1.48,13,-0.49,0.0,1.22
1.48,14,0.81,0.0,1.46
1.48,15,2.34,0.0,1.6
1.48,16,3.88,0.0,1.76
1.48,17,5.43,0.0,1.92
1.48,18,6.95,0.0,1.96
1.48,19,8.4,0.0,1.82
1.48,20,9.83,0.0,1.57
1.49,1,-9.77,0.0,1.51
1.49,2,-8.32,0.0,1.71
1.49,3,-6.9,0.0,1.99
1.49,4,-5.46,0.0,2.15
1.49,5,-3.95,0.0,2.12
1.49,6,-2.39,0.0,1.96
1.49,7,-0.85,0.0,1.82
1.49,8,0.67,0.0,1.75
1.49,9,0.49,0.0,1.22
1.49,10,0.07,0.0,0.67
1.49,11,0.0,0.0,0.45
1.49,12,-0.07,0.0,0.67
1.49,13,-0.49,0.0,1.22
1.49,14,0.76,0.0,1.47
1.49,15,2.29,0.0,1.61
1.49,16,3.83,0.0,1.77
1.49,17,5.38,0.0,1.93
1.49,18,6.9,0.0,1.98
1.49,19,8.35,0.0,1.84
1.49,20,9.78,0.0,1.59
1.51,1,-9.72,0.0,1.52
1.51,2,-8.27,0.0,1.72
1.51,3,-6.86,0.0,2.01
1.51,4,-5.42,0.0,2.17
1.51,5,-3.9,0.0,2.13
1.51,6,-2.35,0.0,1.98
1.51,7,-0.8,0.0,1.84
1.51,8,0.72,0.0,1.77
1.51,9,0.49,0.0,1.22
1.51,10,0.07,0.0,0.67
1.51,11,0.0,0.0,0.45
1.51,12,-0.07,0.0,0.67
1.51,13,-0.49,0.0,1.22
1.51,14,0.71,0.0,1.48
1.51,15,2.24,0.0,1.62
1.51,16,3.79,0.0,1.79
1.51,17,5.34,0.0,1.95
1.51,18,6.85,0.0,1.99
1.51,19,8.31,0.0,1.85
1.51,20,9.74,0.0,1.6
1.52,1,-9.67,0.0,1.53
1.52,2,-8.22,0.0,1.73
1.52,3,-6.81,0.0,2.02
1.52,4,-5.37,0.0,2.19
1.52,5,-3.86,0.0,2.15
1.52,6,-2.3,0.0,2.0
1.52,7,-0.75,0.0,1.85
1.52,8,0.77,0.0,1.79
1.52,9,0.49,0.0,1.22
1.52,10,0.07,0.0,0.67
1.52,11,0.0,0.0,0.45
1.52,12,-0.07,0.0,0.67
1.52,13,-0.49,0.0,1.22
1.52,14,0.67,0.0,1.49
1.52,15,2.19,0.0,1.63
1.52,16,3.74,0.0,1.8
1.52,17,5.29,0.0,1.96
1.52,18,6.8,0.0,2.01
1.52,19,8.26,0.0,1.87
1.52,20,9.69,0.0,1.61
1.54,1,-9.62,0.0,1.54
1.54,2,-8.17,0.0,1.75
1.54,3,-6.76,0.0,2.04
1.54,4,-5.32,0.0,2.21
1.54,5,-3.81,0.0,2.17
1.54,6,-2.25,0.0,2.01
1.54,7,-0.71,0.0,1.87
1.54,8,0.82,0.0,1.81
1.54,9,0.49,0.0,1.22
1.54,10,0.07,0.0,0.67
1.54,11,0.0,0.0,0.45
1.54,12,-0.07,0.0,0.67
1.54,13,-0.49,0.0,1.22
1.54,14,0.62,0.0,1.5
1.54,15,2.14,0.0,1.65
1.54,16,3.69,0.0,1.82
1.54,17,5.24,0.0,1.98
1.54,18,6.76,0.0,2.02
1.54,19,8.21,0.0,1.88
1.54,20,9.64,0.0,1.62
1.55,1,-9.57,0.0,1.55
1.55,2,-8.12,0.0,1.76
1.55,3,-6.71,0.0,2.06
1.55,4,-5.28,0.0,2.23
1.55,5,-3.76,0.0,2.19
1.55,6,-2.21,0.0,2.03
1.55,7,-0.66,0.0,1.88
1.55,8,0.87,0.0,1.82
1.55,9,0.49,0.0,1.22
1.55,10,0.07,0.0,0.67
1.55,11,0.0,0.0,0.45
1.55,12,-0.07,0.0,0.67
1.55,13,-0.49,0.0,1.22
1.55,14,0.57,0.0,1.51
1.55,15,2.1,0.0,1.66
1.55,16,3.64,0.0,1.83
1.55,17,5.19,0.0,1.99
1.55,18,6.71,0.0,2.04
1.55,19,8.16,0.0,1.89
1.55,20,9.59,0.0,1.63
1.57,1,-9.52,0.0,1.57
1.57,2,-8.07,0.0,1.77
1.57,3,-6.67,0.0,2.07
1.57,4,-5.23,0.0,2.24
1.57,5,-3.72,0.0,2.2
1.57,6,-2.16,0.0,2.04
1.57,7,-0.61,0.0,1.9
1.57,8,0.92,0.0,1.83
1.57,9,0.49,0.0,1.22
1.57,10,0.07,0.0,0.67
1.57,11,0.0,0.0,0.45
1.57,12,-0.07,0.0,0.67
1.57,13,-0.49,0.0,1.22
1.57,14,0.52,0.0,1.52
1.57,15,2.05,0.0,1.67
1.57,16,3.59,0.0,1.84
1.57,17,5.15,0.0,2.01
1.57,18,6.66,0.0,2.06
1.57,19,8.11,0.0,1.91
1.57,20,9.54,0.0,1.65
1.58,1,-9.47,0.0,1.58
1.58,2,-8.03,0.0,1.79
1.58,3,-6.62,0.0,2.09
1.58,4,-5.18,0.0,2.26
1.58,5,-3.67,0.0,2.22
1.58,6,-2.11,0.0,2.06
1.58,7,-0.56,0.0,1.91
1.58,8,0.97,0.0,1.85
1.58,9,0.49,0.0,1.22
1.58,10,0.07,0.0,0.67
1.58,11,0.0,0.0,0.45
1.58,12,-0.07,0.0,0.67
1.58,13,-0.49,0.0,1.22
1.58,14,0.47,0.0,1.54
1.58,15,2.0,0.0,1.68
1.58,16,3.55,0.0,1.86
1.58,17,5.1,0.0,2.02
1.58,18,6.62,0.0,2.07
1.58,19,8.07,0.0,1.92
1.58,20,9.49,0.0,1.66
1.6,1,-9.42,0.0,1.59
1.6,2,-7.98,0.0,1.8
1.6,3,-6.57,0.0,2.1
1.6,4,-5.14,0.0,2.28
1.6,5,-3.62,0.0,2.24
1.6,6,-2.06,0.0,2.08
1.6,7,-0.51,0.0,1.92
1.6,8,1.02,0.0,1.86
1.6,9,0.49,0.0,1.22
1.6,10,0.07,0.0,0.67
1.6,11,0.0,0.0,0.45
1.6,12,-0.07,0.0,0.67
1.6,13,-0.49,0.0,1.22
1.6,14,0.42,0.0,1.55
1.6,15,1.95,0.0,1.7
1.6,16,3.5,0.0,1.87
1.6,17,5.05,0.0,2.04
1.6,18,6.57,0.0,2.09
1.6,19,8.02,0.0,1.94
1.6,20,9.44,0.0,1.67
1.62,1,-9.38,0.0,1.6
1.62,2,-7.93,0.0,1.81
1.62,3,-6.53,0.0,2.12
1.62,4,-5.09,0.0,2.3
1.62,5,-3.58,0.0,2.26
1.62,6,-2.02,0.0,2.09
1.62,7,-0.47,0.0,1.94
1.62,8,1.06,0.0,1.87
1.62,9,0.49,0.0,1.22
1.62,10,0.07,0.0,0.67
1.62,11,0.0,0.0,0.45
1.62,12,-0.07,0.0,0.67
1.62,13,-0.49,0.0,1.22
1.62,14,0.37,0.0,1.56
1.62,15,1.9,0.0,1.71
1.62,16,3.45,0.0,1.88
1.62,17,5.0,0.0,2.06
1.62,18,6.52,0.0,2.11
1.62,19,7.97,0.0,1.95
1.62,20,9.4,0.0,1.68
1.63,1,-9.33,0.0,1.61
1.63,2,-7.88,0.0,1.83
1.63,3,-6.48,0.0,2.14
1.63,4,-5.04,0.0,2.32
1.63,5,-3.53,0.0,2.28
1.63,6,-1.97,0.0,2.11
1.63,7,-0.42,0.0,1.95
1.63,8,1.11,0.0,1.88
1.63,9,0.49,0.0,1.22
1.63,10,0.07,0.0,0.67
1.63,11,0.0,0.0,0.45
1.63,12,-0.07,0.0,0.67
1.63,13,-0.49,0.0,1.22
1.63,14,0.33,0.0,1.58
1.63,15,1.85,0.0,1.72
1.63,16,3.4,0.0,1.9
1.63,17,4.96,0.0,2.07
1.63,18,6.47,0.0,2.12
1.63,19,7.92,0.0,1.97
1.63,20,9.35,0.0,1.69
1.65,1,-9.28,0.0,1.62
1.65,2,-7.83,0.0,1.84
1.65,3,-6.43,0.0,2.15
1.65,4,-5.0,0.0,2.33
1.65,5,-3.48,0.0,2.29
1.65,6,-1.92,0.0,2.12
1.65,7,-0.37,0.0,1.97
1.65,8,1.16,0.0,1.89
1.65,9,0.49,0.0,1.22
1.65,10,0.07,0.0,0.67
1.65,11,0.0,0.0,0.45
1.65,12,-0.07,0.0,0.67
1.65,13,-0.49,0.0,1.22
1.65,14,0.28,0.0,1.59
1.65,15,1.81,0.0,1.73
1.65,16,3.35,0.0,1.91
1.65,17,4.91,0.0,2.09
1.65,18,6.43,0.0,2.14
1.65,19,7.88,0.0,1.98
1.65,20,9.3,0.0,1.7
1.66,1,-9.23,0.0,1.63
1.66,2,-7.79,0.0,1.85
1.66,3,-6.38,0.0,2.17
1.66,4,-4.95,0.0,2.35
1.66,5,-3.44,0.0,2.31
1.66,6,-1.87,0.0,2.14
1.66,7,-0.32,0.0,1.98
1.66,8,1.21,0.0,1.91
1.66,9,0.49,0.0,1.22
1.66,10,0.07,0.0,0.67
1.66,11,0.0,0.0,0.45
1.66,12,-0.07,0.0,0.67
1.66,13,-0.49,0.0,1.22
1.66,14,0.23,0.0,1.6
1.66,15,1.76,0.0,1.74
1.66,16,3.31,0.0,1.93
1.66,17,4.86,0.0,2.1
1.66,18,6.38,0.0,2.15
1.66,19,7.83,0.0,2.0
1.66,20,9.25,0.0,1.72
1.68,1,-9.18,0.0,1.64
1.68,2,-7.74,0.0,1.86
1.68,3,-6.34,0.0,2.19
1.68,4,-4.9,0.0,2.37
1.68,5,-3.39,0.0,2.33
1.68,6,-1.83,0.0,2.16
1.68,7,-0.28,0.0,2.0
1.68,8,1.26,0.0,1.92
1.68,9,0.49,0.0,1.22
1.68,10,0.07,0.0,0.67
1.68,11,0.0,0.0,0.45
1.68,12,-0.07,0.0,0.67
1.68,13,-0.49,0.0,1.22
1.68,14,0.18,0.0,1.61
1.68,15,1.71,0.0,1.76
1.68,16,3.26,0.0,1.94
1.68,17,4.81,0.0,2.12
1.68,18,6.33,0.0,2.17
1.68,19,7.78,0.0,2.01
1.68,20,9.2,0.0,1.73
1.69,1,-9.13,0.0,1.65
1.69,2,-7.69,0.0,1.88
1.69,3,-6.29,0.0,2.2
1.69,4,-4.86,0.0,2.39
1.69,5,-3.34,0.0,2.35
1.69,6,-1.78,0.0,2.17
1.69,7,-0.23,0.0,2.01
1.69,8,1.27,0.0,1.92
1.69,9,0.49,0.0,1.22
1.69,10,0.07,0.0,0.67
1.69,11,0.0,0.0,0.45
1.69,12,-0.07,0.0,0.67
1.69,13,-0.49,0.0,1.22
1.69,14,0.13,0.0,1.62
1.69,15,1.66,0.0,1.77
1.69,16,3.21,0.0,1.95
1.69,17,4.77,0.0,2.13
1.69,18,6.28,0.0,2.19
1.69,19,7.73,0.0,2.03
1.69,20,9.15,0.0,1.74
1.71,1,-9.08,0.0,1.66
1.71,2,-7.64,0.0,1.89
1.71,3,-6.24,0.0,2.22
1.71,4,-4.81,0.0,2.41
1.71,5,-3.3,0.0,2.36
1.71,6,-1.73,0.0,2.19
1.71,7,-0.18,0.0,2.03
1.71,8,1.27,0.0,1.92
1.71,9,0.49,0.0,1.22
1.71,10,0.07,0.0,0.67
1.71,11,0.0,0.0,0.45
1.71,12,-0.07,0.0,0.67
1.71,13,-0.49,0.0,1.22
1.71,14,0.08,0.0,1.63
1.71,15,1.61,0.0,1.78
1.71,16,3.16,0.0,1.97
1.71,17,4.72,0.0,2.15
1.71,18,6.24,0.0,2.2
1.71,19,7.68,0.0,2.04
1.71,20,9.1,0.0,1.75
1.72,1,-9.03,0.0,1.68
1.72,2,-7.59,0.0,1.9
1.72,3,-6.2,0.0,2.23
1.72,4,-4.77,0.0,2.42
1.72,5,-3.25,0.0,2.38
1.72,6,-1.68,0.0,2.2
1.72,7,-0.13,0.0,2.04
1.72,8,1.27,0.0,1.92
1.72,9,0.49,0.0,1.22
1.72,10,0.07,0.0,0.67
1.72,11,0.0,0.0,0.45
1.72,12,-0.07,0.0,0.67
1.72,13,-0.49,0.0,1.22
1.72,14,0.03,0.0,1.64
1.72,15,1.56,0.0,1.79
1.72,16,3.11,0.0,1.98
1.72,17,4.67,0.0,2.17
1.72,18,6.19,0.0,2.22
1.72,19,7.64,0.0,2.05
1.72,20,9.06,0.0,1.76
1.74,1,-8.99,0.0,1.69
1.74,2,-7.54,0.0,1.92
1.74,3,-6.15,0.0,2.25
1.74,4,-4.72,0.0,2.44
1.74,5,-3.2,0.0,2.4
1.74,6,-1.64,0.0,2.22
1.74,7,-0.08,0.0,2.06
1.74,8,1.27,0.0,1.92
1.74,9,0.49,0.0,1.22
1.74,10,0.07,0.0,0.67
1.74,11,0.0,0.0,0.45
1.74,12,-0.07,0.0,0.67
1.74,13,-0.49,0.0,1.22
1.74,14,-0.02,0.0,1.65
1.74,15,1.52,0.0,1.8
1.74,16,3.07,0.0,2.0
1.74,17,4.62,0.0,2.18
1.74,18,6.14,0.0,2.23
1.74,19,7.59,0.0,2.07
1.74,20,9.01,0.0,1.78
1.76,1,-8.94,0.0,1.7
1.76,2,-7.5,0.0,1.93
1.76,3,-6.1,0.0,2.27
1.76,4,-4.67,0.0,2.46
1.76,5,-3.16,0.0,2.42
1.76,6,-1.59,0.0,2.24
1.76,7,-0.04,0.0,2.07
1.76,8,1.27,0.0,1.92
1.76,9,0.49,0.0,1.22
1.76,10,0.07,0.0,0.67
1.76,11,0.0,0.0,0.45
1.76,12,-0.07,0.0,0.67
1.76,13,-0.49,0.0,1.22
1.76,14,-0.07,0.0,1.66
1.76,15,1.47,0.0,1.81
1.76,16,3.02,0.0,2.01
1.76,17,4.58,0.0,2.2
1.76,18,6.09,0.0,2.25
1.76,19,7.54,0.0,2.08
1.76,20,8.96,0.0,1.79
1.77,1,-8.89,0.0,1.71
1.77,2,-7.45,0.0,1.94
1.77,3,-6.05,0.0,2.28
1.77,4,-4.63,0.0,2.48
1.77,5,-3.11,0.0,2.43
1.77,6,-1.54,0.0,2.25
1.77,7,0.01,0.0,2.08
1.77,8,1.27,0.0,1.92
1.77,9,0.49,0.0,1.22
1.77,10,0.07,0.0,0.67
1.77,11,0.0,0.0,0.45
1.77,12,-0.07,0.0,0.67
1.77,13,-0.49,0.0,1.22
1.77,14,-0.11,0.0,1.67
1.77,15,1.43,0.0,1.82
1.77,16,2.97,0.0,2.02
1.77,17,4.53,0.0,2.21
1.77,18,6.05,0.0,2.27
1.77,19,7.49,0.0,2.1
1.77,20,8.91,0.0,1.8
1.79,1,-8.84,0.0,1.72
1.79,2,-7.4,0.0,1.96
1.79,3,-6.01,0.0,2.3
1.79,4,-4.58,0.0,2.5
1.79,5,-3.06,0.0,2.45
1.79,6,-1.5,0.0,2.27
1.79,7,0.06,0.0,2.1
1.79,8,1.27,0.0,1.92
1.79,9,0.49,0.0,1.22
1.79,10,0.07,0.0,0.67
1.79,11,0.0,0.0,0.45
1.79,12,-0.07,0.0,0.67
1.79,13,-0.49,0.0,1.22
1.79,14,-0.16,0.0,1.68
1.79,15,1.39,0.0,1.83
1.79,16,2.92,0.0,2.04
1.79,17,4.48,0.0,2.23
1.79,18,6.0,0.0,2.28
1.79,19,7.45,0.0,2.11
1.79,20,8.86,0.0,1.81
1.8,1,-8.79,0.0,1.73
1.8,2,-7.35,0.0,1.97
1.8,3,-5.96,0.0,2.32
1.8,4,-4.53,0.0,2.51
1.8,5,-3.01,0.0,2.47
1.8,6,-1.45,0.0,2.28
1.8,7,0.11,0.0,2.11
1.8,8,1.27,0.0,1.92
1.8,9,0.49,0.0,1.22
1.8,10,0.07,0.0,0.67
1.8,11,0.0,0.0,0.45
1.8,12,-0.07,0.0,0.67
1.8,13,-0.49,0.0,1.22
1.8,14,-0.21,0.0,1.69
1.8,15,1.35,0.0,1.84
1.8,16,2.87,0.0,2.05
1.8,17,4.43,0.0,2.24
1.8,18,5.95,0.0,2.3
1.8,19,7.4,0.0,2.13
1.8,20,8.81,0.0,1.82
1.82,1,-8.74,0.0,1.74
1.82,2,-7.3,0.0,1.98
1.82,3,-5.91,0.0,2.33
1.82,4,-4.49,0.0,2.53
1.82,5,-2.97,0.0,2.49
1.82,6,-1.4,0.0,2.3
1.82,7,0.15,0.0,2.13
1.82,8,1.27,0.0,1.92
1.82,9,0.49,0.0,1.22
1.82,10,0.07,0.0,0.67
1.82,11,0.0,0.0,0.45
1.82,12,-0.07,0.0,0.67
1.82,13,-0.49,0.0,1.22
1.82,14,-0.26,0.0,1.7
1.82,15,1.31,0.0,1.84
1.82,16,2.83,0.0,2.07
1.82,17,4.39,0.0,2.26
1.82,18,5.91,0.0,2.31
1.82,19,7.35,0.0,2.14
1.82,20,8.76,0.0,1.84
1.83,1,-8.69,0.0,1.75
1.83,2,-7.26,0.0,2.0
1.83,3,-5.86,0.0,2.35
1.83,4,-4.44,0.0,2.55
1.83,5,-2.92,0.0,2.5
1.83,6,-1.35,0.0,2.32
1.83,7,0.2,0.0,2.14
1.83,8,1.27,0.0,1.92
1.83,9,0.49,0.0,1.22
1.83,10,0.07,0.0,0.67
1.83,11,0.0,0.0,0.45
1.83,12,-0.07,0.0,0.67
1.83,13,-0.49,0.0,1.22
1.83,14,-0.31,0.0,1.71
1.83,15,1.27,0.0,1.84
1.83,16,2.78,0.0,2.08
1.83,17,4.34,0.0,2.27
1.83,18,5.86,0.0,2.33
1.83,19,7.3,0.0,2.16
1.83,20,8.72,0.0,1.85
1.85,1,-8.64,0.0,1.76
1.85,2,-7.21,0.0,2.01
1.85,3,-5.82,0.0,2.37
1.85,4,-4.39,0.0,2.57
1.85,5,-2.87,0.0,2.52
1.85,6,-1.31,0.0,2.33
1.85,7,0.25,0.0,2.16
1.85,8,1.27,0.0,1.92
1.85,9,0.49,0.0,1.22
1.85,10,0.07,0.0,0.67
1.85,11,0.0,0.0,0.45
1.85,12,-0.07,0.0,0.67
1.85,13,-0.49,0.0,1.22
1.85,14,-0.36,0.0,1.72
1.85,15,1.22,0.0,1.84
1.85,16,2.73,0.0,2.09
1.85,17,4.29,0.0,2.29
1.85,18,5.81,0.0,2.35
1.85,19,7.25,0.0,2.17
1.85,20,8.67,0.0,1.86
1.87,1,-8.6,0.0,1.77
1.87,2,-7.16,0.0,2.02
1.87,3,-5.77,0.0,2.38
1.87,4,-4.35,0.0,2.59
1.87,5,-2.83,0.0,2.54
1.87,6,-1.26,0.0,2.35
1.87,7,0.3,0.0,2.17
1.87,8,1.27,0.0,1.92
1.87,9,0.49,0.0,1.22
1.87,10,0.07,0.0,0.67
1.87,11,0.0,0.0,0.45
1.87,12,-0.07,0.0,0.67
1.87,13,-0.49,0.0,1.22
1.87,14,-0.41,0.0,1.73
1.87,15,1.16,0.0,1.84
1.87,16,2.68,0.0,2.11
1.87,17,4.24,0.0,2.31
1.87,18,5.76,0.0,2.36
1.87,19,7.21,0.0,2.19
1.87,20,8.62,0.0,1.87
1.88,1,-8.55,0.0,1.79
1.88,2,-7.11,0.0,2.04
1.88,3,-5.72,0.0,2.4
1.88,4,-4.3,0.0,2.61
1.88,5,-2.78,0.0,2.56
1.88,6,-1.21,0.0,2.36
1.88,7,0.35,0.0,2.19
1.88,8,1.27,0.0,1.92
1.88,9,0.49,0.0,1.22
1.88,10,0.07,0.0,0.67
1.88,11,0.0,0.0,0.45
1.88,12,-0.07,0.0,0.67
1.88,13,-0.49,0.0,1.22
1.88,14,-0.46,0.0,1.74
1.88,15,1.11,0.0,1.85
1.88,16,2.63,0.0,2.12
1.88,17,4.2,0.0,2.32
1.88,18,5.72,0.0,2.38
1.88,19,7.16,0.0,2.2
1.88,20,8.57,0.0,1.88
1.9,1,-8.5,0.0,1.8
1.9,2,-7.06,0.0,2.05
1.9,3,-5.68,0.0,2.41
1.9,4,-4.25,0.0,2.62
1.9,5,-2.73,0.0,2.58
1.9,6,-1.16,0.0,2.38
1.9,7,0.39,0.0,2.2
1.9,8,1.27,0.0,1.92
1.9,9,0.49,0.0,1.22
1.9,10,0.07,0.0,0.67
1.9,11,0.0,0.0,0.45
1.9,12,-0.07,0.0,0.67
1.9,13,-0.49,0.0,1.22
1.9,14,-0.51,0.0,1.75
1.9,15,1.05,0.0,1.86
1.9,16,2.59,0.0,2.14
1.9,17,4.15,0.0,2.34
1.9,18,5.67,0.0,2.4
1.9,19,7.11,0.0,2.21
1.9,20,8.52,0.0,1.89
1.91,1,-8.45,0.0,1.81
1.91,2,-7.01,0.0,2.06
1.91,3,-5.63,0.0,2.43
1.91,4,-4.21,0.0,2.64
1.91,5,-2.69,0.0,2.59
1.91,6,-1.12,0.0,2.4
1.91,7,0.44,0.0,2.21
1.91,8,1.27,0.0,1.92
1.91,9,0.49,0.0,1.22
1.91,10,0.07,0.0,0.67
1.91,11,0.0,0.0,0.45
1.91,12,-0.07,0.0,0.67
1.91,13,-0.49,0.0,1.22
1.91,14,-0.55,0.0,1.76
1.91,15,0.99,0.0,1.87
1.91,16,2.54,0.0,2.15
1.91,17,4.1,0.0,2.35
1.91,18,5.62,0.0,2.41
1.91,19,7.06,0.0,2.23
1.91,20,8.47,0.0,1.91
1.93,1,-8.4,0.0,1.82
1.93,2,-6.97,0.0,2.08
1.93,3,-5.58,0.0,2.45
1.93,4,-4.16,0.0,2.66
1.93,5,-2.64,0.0,2.61
1.93,6,-1.07,0.0,2.41
1.93,7,0.49,0.0,2.23
1.93,8,1.27,0.0,1.92
1.93,9,0.49,0.0,1.22
1.93,10,0.07,0.0,0.67
1.93,11,0.0,0.0,0.45
1.93,12,-0.07,0.0,0.67
1.93,13,-0.49,0.0,1.22
1.93,14,-0.6,0.0,1.78
1.93,15,0.94,0.0,1.88
1.93,16,2.49,0.0,2.16
1.93,17,4.05,0.0,2.37
1.93,18,5.57,0.0,2.43
1.93,19,7.02,0.0,2.24
1.93,20,8.43,0.0,1.92
1.95,1,-8.35,0.0,1.83
1.95,2,-6.92,0.0,2.09
1.95,3,-5.53,0.0,2.46
1.95,4,-4.11,0.0,2.68
1.95,5,-2.59,0.0,2.63
1.95,6,-1.02,0.0,2.43
1.95,7,0.54,0.0,2.24
1.95,8,1.27,0.0,1.92
1.95,9,0.49,0.0,1.22
1.95,10,0.07,0.0,0.67
1.95,11,0.0,0.0,0.45
1.95,12,-0.07,0.0,0.67
1.95,13,-0.49,0.0,1.22
1.95,14,-0.65,0.0,1.79
1.95,15,0.89,0.0,1.9
1.95,16,2.44,0.0,2.18
1.95,17,4.01,0.0,2.38
1.95,18,5.53,0.0,2.44
1.95,19,6.97,0.0,2.26
1.95,20,8.38,0.0,1.93
1.96,1,-8.3,0.0,1.84
1.96,2,-6.87,0.0,2.1
1.96,3,-5.49,0.0,2.48
1.96,4,-4.07,0.0,2.7
1.96,5,-2.55,0.0,2.65
1.96,6,-0.98,0.0,2.44
1.96,7,0.58,0.0,2.26
1.96,8,1.27,0.0,1.92
1.96,9,0.49,0.0,1.22
1.96,10,0.07,0.0,0.67
1.96,11,0.0,0.0,0.45
1.96,12,-0.07,0.0,0.67
1.96,13,-0.49,0.0,1.22
1.96,14,-0.7,0.0,1.8
1.96,15,0.84,0.0,1.91
1.96,16,2.4,0.0,2.19
1.96,17,3.96,0.0,2.4
1.96,18,5.48,0.0,2.46
1.96,19,6.92,0.0,2.27
1.96,20,8.33,0.0,1.94
1.98,1,-8.26,0.0,1.85
1.98,2,-6.82,0.0,2.12
1.98,3,-5.44,0.0,2.5
1.98,4,-4.02,0.0,2.71
1.98,5,-2.5,0.0,2.66
1.98,6,-0.93,0.0,2.46
1.98,7,0.63,0.0,2.27
1.98,8,1.27,0.0,1.92
1.98,9,0.49,0.0,1.22
1.98,10,0.07,0.0,0.67
1.98,11,0.0,0.0,0.45
1.98,12,-0.07,0.0,0.67
1.98,13,-0.49,0.0,1.22
1.98,14,-0.75,0.0,1.81
1.98,15,0.79,0.0,1.92
1.98,16,2.35,0.0,2.2
1.98,17,3.91,0.0,2.42
1.98,18,5.43,0.0,2.48
1.98,19,6.87,0.0,2.29
1.98,20,8.28,0.0,1.95
1.99,1,-8.21,0.0,1.86
1.99,2,-6.77,0.0,2.13
1.99,3,-5.39,0.0,2.51
1.99,4,-3.97,0.0,2.73
1.99,5,-2.45,0.0,2.68
1.99,6,-0.88,0.0,2.48
1.99,7,0.68,0.0,2.29
1.99,8,1.27,0.0,1.92
1.99,9,0.49,0.0,1.22
1.99,10,0.07,0.0,0.67
1.99,11,0.0,0.0,0.45
1.99,12,-0.07,0.0,0.67
1.99,13,-0.49,0.0,1.22
1.99,14,-0.8,0.0,1.82
1.99,15,0.75,0.0,1.94
1.99,16,2.3,0.0,2.22
1.99,17,3.87,0.0,2.43
1.99,18,5.39,0.0,2.49
1.99,19,6.82,0.0,2.3
1.99,20,8.23,0.0,1.97
2.01,1,-8.16,0.0,1.87
2.01,2,-6.73,0.0,2.14
2.01,3,-5.35,0.0,2.53
2.01,4,-3.93,0.0,2.75
2.01,5,-2.41,0.0,2.7
2.01,6,-0.83,0.0,2.49
2.01,7,0.73,0.0,2.3
2.01,8,1.27,0.0,1.92
2.01,9,0.49,0.0,1.22
2.01,10,0.07,0.0,0.67
2.01,11,0.0,0.0,0.45
2.01,12,-0.07,0.0,0.67
2.01,13,-0.49,0.0,1.22
2.01,14,-0.85,0.0,1.83
2.01,15,0.7,0.0,1.95
2.01,16,2.25,0.0,2.23
2.01,17,3.82,0.0,2.45
2.01,18,5.34,0.0,2.51
2.01,19,6.78,0.0,2.32
2.01,20,8.18,0.0,1.98
2.02,1,-8.11,0.0,1.88
2.02,2,-6.68,0.0,2.15
2.02,3,-5.3,0.0,2.54
2.02,4,-3.88,0.0,2.77
2.02,5,-2.36,0.0,2.72
2.02,6,-0.79,0.0,2.51
2.02,7,0.78,0.0,2.32
2.02,8,1.27,0.0,1.92
2.02,9,0.49,0.0,1.22
2.02,10,0.07,0.0,0.67
2.02,11,0.0,0.0,0.45
2.02,12,-0.07,0.0,0.67
2.02,13,-0.49,0.0,1.22
2.02,14,-0.9,0.0,1.84
2.02,15,0.65,0.0,1.96
2.02,16,2.2,0.0,2.25
2.02,17,3.77,0.0,2.46
2.02,18,5.29,0.0,2.52
2.02,19,6.73,0.0,2.33
2.02,20,8.13,0.0,1.99
2.04,1,-8.06,0.0,1.9
2.04,2,-6.63,0.0,2.17
2.04,3,-5.25,0.0,2.56
2.04,4,-3.83,0.0,2.79
2.04,5,-2.31,0.0,2.73
2.04,6,-0.74,0.0,2.52
2.04,7,0.82,0.0,2.34
2.04,8,1.27,0.0,1.92
2.04,9,0.49,0.0,1.22
2.04,10,0.07,0.0,0.67
2.04,11,0.0,0.0,0.45
2.04,12,-0.07,0.0,0.67
2.04,13,-0.49,0.0,1.22
2.04,14,-0.94,0.0,1.85
2.04,15,0.6,0.0,1.97
2.04,16,2.16,0.0,2.26
2.04,17,3.72,0.0,2.48
2.04,18,5.24,0.0,2.54
2.04,19,6.68,0.0,2.35
2.04,20,8.09,0.0,2.0
2.05,1,-8.01,0.0,1.91
2.05,2,-6.58,0.0,2.18
2.05,3,-5.2,0.0,2.58
2.05,4,-3.79,0.0,2.8
2.05,5,-2.27,0.0,2.75
2.05,6,-0.69,0.0,2.54
2.05,7,0.87,0.0,2.35
2.05,8,1.27,0.0,1.92
2.05,9,0.49,0.0,1.22
2.05,10,0.07,0.0,0.67
2.05,11,0.0,0.0,0.45
2.05,12,-0.07,0.0,0.67
2.05,13,-0.49,0.0,1.22
2.05,14,-0.99,0.0,1.86
2.05,15,0.55,0.0,1.98
2.05,16,2.11,0.0,2.27
2.05,17,3.68,0.0,2.49
2.05,18,5.2,0.0,2.56
2.05,19,6.63,0.0,2.36
2.05,20,8.04,0.0,2.01
2.07,1,-7.96,0.0,1.92
2.07,2,-6.53,0.0,2.19
2.07,3,-5.16,0.0,2.59
2.07,4,-3.74,0.0,2.82
2.07,5,-2.22,0.0,2.77
2.07,6,-0.64,0.0,2.56
2.07,7,0.92,0.0,2.36
2.07,8,1.27,0.0,1.92
2.07,9,0.49,0.0,1.22
2.07,10,0.07,0.0,0.67
2.07,11,0.0,0.0,0.45
2.07,12,-0.07,0.0,0.67
2.07,13,-0.49,0.0,1.22
2.07,14,-1.04,0.0,1.87
2.07,15,0.5,0.0,2.0
2.07,16,2.06,0.0,2.29
2.07,17,3.63,0.0,2.51
2.07,18,5.15,0.0,2.57
2.07,19,6.59,0.0,2.38
2.07,20,7.99,0.0,2.03
2.08,1,-7.91,0.0,1.93
2.08,2,-6.48,0.0,2.21
2.08,3,-5.11,0.0,2.61
2.08,4,-3.69,0.0,2.84
2.08,5,-2.17,0.0,2.79
2.08,6,-0.6,0.0,2.57
2.08,7,0.97,0.0,2.38
2.08,8,1.27,0.0,1.92
2.08,9,0.49,0.0,1.22
2.08,10,0.07,0.0,0.67
2.08,11,0.0,0.0,0.45
2.08,12,-0.07,0.0,0.67
2.08,13,-0.49,0.0,1.22
2.08,14,-1.09,0.0,1.88
2.08,15,0.46,0.0,2.01
2.08,16,2.01,0.0,2.3
2.08,17,3.58,0.0,2.52
2.08,18,5.1,0.0,2.59
2.08,19,6.54,0.0,2.39
2.08,20,7.94,0.0,2.04
2.1,1,-7.87,0.0,1.94
2.1,2,-6.44,0.0,2.22
2.1,3,-5.06,0.0,2.63
2.1,4,-3.65,0.0,2.86
2.1,5,-2.13,0.0,2.8
2.1,6,-0.55,0.0,2.59
2.1,7,1.01,0.0,2.39
2.1,8,1.27,0.0,1.92
2.1,9,0.49,0.0,1.22
2.1,10,0.07,0.0,0.67
2.1,11,0.0,0.0,0.45
2.1,12,-0.07,0.0,0.67
2.1,13,-0.49,0.0,1.22
2.1,14,-1.14,0.0,1.89
2.1,15,0.41,0.0,2.02
2.1,16,1.96,0.0,2.32
2.1,17,3.53,0.0,2.54
2.1,18,5.05,0.0,2.6
2.1,19,6.49,0.0,2.4
2.1,20,7.89,0.0,2.05
2.12,1,-7.82,0.0,1.95
2.12,2,-6.39,0.0,2.23
2.12,3,-5.01,0.0,2.64
2.12,4,-3.6,0.0,2.88
2.12,5,-2.08,0.0,2.82
2.12,6,-0.5,0.0,2.6
2.12,7,1.06,0.0,2.41
2.12,8,1.27,0.0,1.92
2.12,9,0.49,0.0,1.22
2.12,10,0.07,0.0,0.67
2.12,11,0.0,0.0,0.45
2.12,12,-0.07,0.0,0.67
2.12,13,-0.49,0.0,1.22
2.12,14,-1.19,0.0,1.9
2.12,15,0.36,0.0,2.04
2.12,16,1.92,0.0,2.33
2.12,17,3.49,0.0,2.56
2.12,18,5.01,0.0,2.62
2.12,19,6.44,0.0,2.42
2.12,20,7.84,0.0,2.06
2.13,1,-7.77,0.0,1.96
2.13,2,-6.34,0.0,2.25
2.13,3,-4.97,0.0,2.66
2.13,4,-3.55,0.0,2.89
2.13,5,-2.03,0.0,2.84
2.13,6,-0.45,0.0,2.62
2.13,7,1.11,0.0,2.42
2.13,8,1.27,0.0,1.92
2.13,9,0.49,0.0,1.22
2.13,10,0.07,0.0,0.67
2.13,11,0.0,0.0,0.45
2.13,12,-0.07,0.0,0.67
2.13,13,-0.49,0.0,1.22
2.13,14,-1.24,0.0,1.91
2.13,15,0.31,0.0,2.05
2.13,16,1.87,0.0,2.34
2.13,17,3.44,0.0,2.57
2.13,18,4.96,0.0,2.64
2.13,19,6.39,0.0,2.43
2.13,20,7.79,0.0,2.07
2.15,1,-7.72,0.0,1.97
2.15,2,-6.29,0.0,2.26
2.15,3,-4.92,0.0,2.67
2.15,4,-3.51,0.0,2.91
2.15,5,-1.99,0.0,2.86
2.15,6,-0.41,0.0,2.64
2.15,7,1.16,0.0,2.44
2.15,8,1.27,0.0,1.92
2.15,9,0.49,0.0,1.22
2.15,10,0.07,0.0,0.67
2.15,11,0.0,0.0,0.45
2.15,12,-0.07,0.0,0.67
2.15,13,-0.49,0.0,1.22
2.15,14,-1.27,0.0,1.92
2.15,15,0.26,0.0,2.06
2.15,16,1.82,0.0,2.36
2.15,17,3.39,0.0,2.59
2.15,18,4.91,0.0,2.65
2.15,19,6.35,0.0,2.45
2.15,20,7.75,0.0,2.08
2.16,1,-7.67,0.0,1.98
2.16,2,-6.24,0.0,2.27
2.16,3,-4.87,0.0,2.69
2.16,4,-3.46,0.0,2.93
2.16,5,-1.94,0.0,2.88
2.16,6,-0.36,0.0,2.65
2.16,7,1.21,0.0,2.45
2.16,8,1.27,0.0,1.92
2.16,9,0.49,0.0,1.22
2.16,10,0.07,0.0,0.67
2.16,11,0.0,0.0,0.45
2.16,12,-0.07,0.0,0.67
2.16,13,-0.49,0.0,1.22
2.16,14,-1.27,0.0,1.92
2.16,15,0.22,0.0,2.08
2.16,16,1.77,0.0,2.37
2.16,17,3.34,0.0,2.6
2.16,18,4.87,0.0,2.67
2.16,19,6.3,0.0,2.46
2.16,20,7.7,0.0,2.1
2.18,1,-7.62,0.0,2.0
2.18,2,-6.2,0.0,2.29
2.18,3,-4.83,0.0,2.71
2.18,4,-3.41,0.0,2.95
2.18,5,-1.89,0.0,2.89
2.18,6,-0.31,0.0,2.67
2.18,7,1.25,0.0,2.47
2.18,8,1.27,0.0,1.92
2.18,9,0.49,0.0,1.22
2.18,10,0.07,0.0,0.67
2.18,11,0.0,0.0,0.45
2.18,12,-0.07,0.0,0.67
2.18,13,-0.49,0.0,1.22
2.18,14,-1.27,0.0,1.92
2.18,15,0.17,0.0,2.09
2.18,16,1.72,0.0,2.39
2.18,17,3.3,0.0,2.62
2.18,18,4.82,0.0,2.69
2.18,19,6.25,0.0,2.48
2.18,20,7.65,0.0,2.11
2.19,1,-7.57,0.0,2.01
2.19,2,-6.15,0.0,2.3
2.19,3,-4.78,0.0,2.72
2.19,4,-3.37,0.0,2.97
2.19,5,-1.85,0.0,2.91
2.19,6,-0.27,0.0,2.69
2.19,7,1.3,0.0,2.48
2.19,8,1.27,0.0,1.92
2.19,9,0.49,0.0,1.22
2.19,10,0.07,0.0,0.67
2.19,11,0.0,0.0,0.45
2.19,12,-0.07,0.0,0.67
2.19,13,-0.49,0.0,1.22
2.19,14,-1.27,0.0,1.92
2.19,15,0.12,0.0,2.1
2.19,16,1.68,0.0,2.4
2.19,17,3.25,0.0,2.63
2.19,18,4.77,0.0,2.7
2.19,19,6.2,0.0,2.49
2.19,20,7.6,0.0,2.12
2.21,1,-7.52,0.0,2.02
2.21,2,-6.1,0.0,2.31
2.21,3,-4.73,0.0,2.74
2.21,4,-3.32,0.0,2.98
2.21,5,-1.8,0.0,2.93
2.21,6,-0.22,0.0,2.7
2.21,7,1.35,0.0,2.5
2.21,8,1.27,0.0,1.92
2.21,9,0.49,0.0,1.22
2.21,10,0.07,0.0,0.67
2.21,11,0.0,0.0,0.45
2.21,12,-0.07,0.0,0.67
2.21,13,-0.49,0.0,1.22
2.21,14,-1.27,0.0,1.92
2.21,15,0.07,0.0,2.12
2.21,16,1.63,0.0,2.41
2.21,17,3.2,0.0,2.65
2.21,18,4.72,0.0,2.72
2.21,19,6.16,0.0,2.51
2.21,20,7.55,0.0,2.13
2.22,1,-7.48,0.0,2.03
2.22,2,-6.05,0.0,2.33
2.22,3,-4.68,0.0,2.76
2.22,4,-3.28,0.0,3.0
2.22,5,-1.75,0.0,2.95
2.22,6,-0.17,0.0,2.72
2.22,7,1.39,0.0,2.51
2.22,8,1.27,0.0,1.92
2.22,9,0.49,0.0,1.22
2.22,10,0.07,0.0,0.67
2.22,11,0.0,0.0,0.45
2.22,12,-0.07,0.0,0.67
2.22,13,-0.49,0.0,1.22
2.22,14,-1.27,0.0,1.92
2.22,15,0.02,0.0,2.13
2.22,16,1.58,0.0,2.43
2.22,17,3.15,0.0,2.67
2.22,18,4.68,0.0,2.73
2.22,19,6.11,0.0,2.52
2.22,20,7.5,0.0,2.14
2.24,1,-7.43,0.0,2.04
2.24,2,-6.0,0.0,2.34
2.24,3,-4.64,0.0,2.77
2.24,4,-3.23,0.0,3.02
2.24,5,-1.71,0.0,2.96
2.24,6,-0.12,0.0,2.73
2.24,7,1.43,0.0,2.53
2.24,8,1.27,0.0,1.92
2.24,9,0.49,0.0,1.22
2.24,10,0.07,0.0,0.67
2.24,11,0.0,0.0,0.45
2.24,12,-0.07,0.0,0.67
2.24,13,-0.49,0.0,1.22
2.24,14,-1.27,0.0,1.92
2.24,15,-0.02,0.0,2.14
2.24,16,1.54,0.0,2.44
2.24,17,3.11,0.0,2.68
2.24,18,4.63,0.0,2.75
2.24,19,6.06,0.0,2.54
2.24,20,7.45,0.0,2.16
2.26,1,-7.38,0.0,2.05
2.26,2,-5.95,0.0,2.35
2.26,3,-4.59,0.0,2.79
2.26,4,-3.18,0.0,3.04
2.26,5,-1.66,0.0,2.98
2.26,6,-0.08,0.0,2.75
2.26,7,1.47,0.0,2.55
2.26,8,1.27,0.0,1.92
2.26,9,0.49,0.0,1.22
2.26,10,0.07,0.0,0.67
2.26,11,0.0,0.0,0.45
2.26,12,-0.07,0.0,0.67
2.26,13,-0.49,0.0,1.22
2.26,14,-1.27,0.0,1.92
2.26,15,-0.07,0.0,2.16
2.26,16,1.5,0.0,2.44
2.26,17,3.06,0.0,2.7
2.26,18,4.58,0.0,2.77
2.26,19,6.01,0.0,2.55
2.26,20,7.41,0.0,2.17
2.27,1,-7.33,0.0,2.06
2.27,2,-5.91,0.0,2.37
2.27,3,-4.54,0.0,2.8
2.27,4,-3.14,0.0,3.06
2.27,5,-1.61,0.0,3.0
2.27,6,-0.03,0.0,2.77
2.27,7,1.52,0.0,2.57
2.27,8,1.27,0.0,1.92
2.27,9,0.49,0.0,1.22
2.27,10,0.07,0.0,0.67
2.27,11,0.0,0.0,0.45
2.27,12,-0.07,0.0,0.67
2.27,13,-0.49,0.0,1.22
2.27,14,-1.27,0.0,1.92
2.27,15,-0.12,0.0,2.17
2.27,16,1.46,0.0,2.45
2.27,17,3.01,0.0,2.71
2.27,18,4.53,0.0,2.78
2.27,19,5.96,0.0,2.56
2.27,20,7.36,0.0,2.18
2.29,1,-7.28,0.0,2.07
2.29,2,-5.86,0.0,2.38
2.29,3,-4.5,0.0,2.82
2.29,4,-3.09,0.0,3.07
2.29,5,-1.57,0.0,3.02
2.29,6,0.02,0.0,2.78
2.29,7,1.57,0.0,2.59
2.29,8,1.27,0.0,1.92
2.29,9,0.49,0.0,1.22
2.29,10,0.07,0.0,0.67
2.29,11,0.0,0.0,0.45
2.29,12,-0.07,0.0,0.67
2.29,13,-0.49,0.0,1.22
2.29,14,-1.27,0.0,1.92
2.29,15,-0.17,0.0,2.18
2.29,16,1.41,0.0,2.45
2.29,17,2.96,0.0,2.73
2.29,18,4.49,0.0,2.8
2.29,19,5.92,0.0,2.58
2.29,20,7.31,0.0,2.19
2.3,1,-7.23,0.0,2.08
2.3,2,-5.81,0.0,2.39
2.3,3,-4.45,0.0,2.84
2.3,4,-3.04,0.0,3.09
2.3,5,-1.52,0.0,3.03
2.3,6,0.07,0.0,2.8
2.3,7,1.63,0.0,2.61
2.3,8,1.27,0.0,1.92
2.3,9,0.49,0.0,1.22
2.3,10,0.07,0.0,0.67
2.3,11,0.0,0.0,0.45
2.3,12,-0.07,0.0,0.67
2.3,13,-0.49,0.0,1.22
2.3,14,-1.27,0.0,1.92
2.3,15,-0.22,0.0,2.2
2.3,16,1.35,0.0,2.46
2.3,17,2.92,0.0,2.74
2.3,18,4.44,0.0,2.81
2.3,19,5.87,0.0,2.59
2.3,20,7.26,0.0,2.2
2.32,1,-7.18,0.0,2.09
2.32,2,-5.76,0.0,2.41
2.32,3,-4.4,0.0,2.85
2.32,4,-3.0,0.0,3.11
2.32,5,-1.47,0.0,3.05
2.32,6,0.11,0.0,2.81
2.32,7,1.68,0.0,2.62
2.32,8,1.27,0.0,1.92
2.32,9,0.49,0.0,1.22
2.32,10,0.07,0.0,0.67
2.32,11,0.0,0.0,0.45
2.32,12,-0.07,0.0,0.67
2.32,13,-0.49,0.0,1.22
2.32,14,-1.27,0.0,1.92
2.32,15,-0.27,0.0,2.21
2.32,16,1.3,0.0,2.47
2.32,17,2.87,0.0,2.76
2.32,18,4.39,0.0,2.83
2.32,19,5.82,0.0,2.61
2.32,20,7.21,0.0,2.22
2.33,1,-7.13,0.0,2.11
2.33,2,-5.71,0.0,2.42
2.33,3,-4.35,0.0,2.87
2.33,4,-2.95,0.0,3.13
2.33,5,-1.43,0.0,3.07
2.33,6,0.16,0.0,2.83
2.33,7,1.73,0.0,2.63
2.33,8,1.27,0.0,1.92
2.33,9,0.49,0.0,1.22
2.33,10,0.07,0.0,0.67
2.33,11,0.0,0.0,0.45
2.33,12,-0.07,0.0,0.67
2.33,13,-0.49,0.0,1.22
2.33,14,-1.27,0.0,1.92
2.33,15,-0.31,0.0,2.22
2.33,16,1.25,0.0,2.49
2.33,17,2.82,0.0,2.78
2.33,18,4.35,0.0,2.85
2.33,19,5.77,0.0,2.62
2.33,20,7.16,0.0,2.23
2.35,1,-7.09,0.0,2.12
2.35,2,-5.67,0.0,2.43
2.35,3,-4.31,0.0,2.89
2.35,4,-2.9,0.0,3.15
2.35,5,-1.38,0.0,3.09
2.35,6,0.21,0.0,2.85
2.35,7,1.77,0.0,2.65
2.35,8,1.27,0.0,1.92
2.35,9,0.49,0.0,1.22
2.35,10,0.07,0.0,0.67
2.35,11,0.0,0.0,0.45
2.35,12,-0.07,0.0,0.67
2.35,13,-0.49,0.0,1.22
2.35,14,-1.27,0.0,1.92
2.35,15,-0.36,0.0,2.24
2.35,16,1.21,0.0,2.5
2.35,17,2.77,0.0,2.79
2.35,18,4.3,0.0,2.86
2.35,19,5.73,0.0,2.64
2.35,20,7.11,0.0,2.24
2.36,1,-7.04,0.0,2.13
2.36,2,-5.62,0.0,2.45
2.36,3,-4.26,0.0,2.9
2.36,4,-2.86,0.0,3.17
2.36,5,-1.33,0.0,3.11
2.36,6,0.25,0.0,2.86
2.36,7,1.82,0.0,2.66
2.36,8,1.27,0.0,1.92
2.36,9,0.49,0.0,1.22
2.36,10,0.07,0.0,0.67
2.36,11,0.0,0.0,0.45
2.36,12,-0.07,0.0,0.67
2.36,13,-0.49,0.0,1.22
2.36,14,-1.27,0.0,1.92
2.36,15,-0.41,0.0,2.25
2.36,16,1.16,0.0,2.52
2.36,17,2.73,0.0,2.81
2.36,18,4.25,0.0,2.88
2.36,19,5.68,0.0,2.65
2.36,20,7.07,0.0,2.25
2.38,1,-6.99,0.0,2.14
2.38,2,-5.57,0.0,2.46
2.38,3,-4.21,0.0,2.92
2.38,4,-2.81,0.0,3.18
2.38,5,-1.29,0.0,3.12
2.38,6,0.3,0.0,2.88
2.38,7,1.87,0.0,2.67
2.38,8,1.27,0.0,1.92
2.38,9,0.49,0.0,1.22
2.38,10,0.07,0.0,0.67
2.38,11,0.0,0.0,0.45
2.38,12,-0.07,0.0,0.67
2.38,13,-0.49,0.0,1.22
2.38,14,-1.27,0.0,1.92
2.38,15,-0.46,0.0,2.26
2.38,16,1.11,0.0,2.53
2.38,17,2.68,0.0,2.82
2.38,18,4.2,0.0,2.89
2.38,19,5.63,0.0,2.67
2.38,20,7.02,0.0,2.26
2.4,1,-6.94,0.0,2.15
2.4,2,-5.52,0.0,2.47
2.4,3,-4.17,0.0,2.94
2.4,4,-2.76,0.0,3.2
2.4,5,-1.24,0.0,3.14
2.4,6,0.35,0.0,2.89
2.4,7,1.92,0.0,2.68
2.4,8,1.27,0.0,1.92
2.4,9,0.49,0.0,1.22
2.4,10,0.07,0.0,0.67
2.4,11,0.0,0.0,0.45
2.4,12,-0.07,0.0,0.67
2.4,13,-0.49,0.0,1.22
2.4,14,-1.27,0.0,1.92
2.4,15,-0.51,0.0,2.28
2.4,16,1.06,0.0,2.55
2.4,17,2.63,0.0,2.84
2.4,18,4.16,0.0,2.91
2.4,19,5.58,0.0,2.68
2.4,20,6.97,0.0,2.27
2.41,1,-6.89,0.0,2.16
2.41,2,-5.47,0.0,2.48
2.41,3,-4.12,0.0,2.95
2.41,4,-2.72,0.0,3.22
2.41,5,-1.19,0.0,3.16
2.41,6,0.4,0.0,2.91
2.41,7,1.97,0.0,2.69
2.41,8,1.27,0.0,1.92
2.41,9,0.49,0.0,1.22
2.41,10,0.07,0.0,0.67
2.41,11,0.0,0.0,0.45
2.41,12,-0.07,0.0,0.67
2.41,13,-0.49,0.0,1.22
2.41,14,-1.27,0.0,1.92
2.41,15,-0.55,0.0,2.29
2.41,16,1.01,0.0,2.56
2.41,17,2.58,0.0,2.85
2.41,18,4.11,0.0,2.93
2.41,19,5.53,0.0,2.7
2.41,20,6.92,0.0,2.29
2.43,1,-6.84,0.0,2.17
2.43,2,-5.42,0.0,2.5
2.43,3,-4.07,0.0,2.97
2.43,4,-2.67,0.0,3.24
2.43,5,-1.15,0.0,3.18
2.43,6,0.44,0.0,2.93
2.43,7,2.02,0.0,2.7
2.43,8,1.27,0.0,1.92
2.43,9,0.49,0.0,1.22
2.43,10,0.07,0.0,0.67
2.43,11,0.0,0.0,0.45
2.43,12,-0.07,0.0,0.67
2.43,13,-0.49,0.0,1.22
2.43,14,-1.27,0.0,1.92
2.43,15,-0.6,0.0,2.3
2.43,16,0.97,0.0,2.58
2.43,17,2.54,0.0,2.87
2.43,18,4.06,0.0,2.94
2.43,19,5.49,0.0,2.71
2.43,20,6.87,0.0,2.3
2.44,1,-6.79,0.0,2.18
2.44,2,-5.38,0.0,2.51
2.44,3,-4.02,0.0,2.98
2.44,4,-2.62,0.0,3.26
2.44,5,-1.1,0.0,3.19
2.44,6,0.49,0.0,2.94
2.44,7,2.06,0.0,2.72
2.44,8,1.27,0.0,1.92
2.44,9,0.49,0.0,1.22
2.44,10,0.07,0.0,0.67
2.44,11,0.0,0.0,0.45
2.44,12,-0.07,0.0,0.67
2.44,13,-0.49,0.0,1.22
2.44,14,-1.27,0.0,1.92
2.44,15,-0.65,0.0,2.32
2.44,16,0.92,0.0,2.59
2.44,17,2.49,0.0,2.88
2.44,18,4.01,0.0,2.96
2.44,19,5.44,0.0,2.73
2.44,20,6.82,0.0,2.31
2.46,1,-6.74,0.0,2.19
2.46,2,-5.33,0.0,2.52
2.46,3,-3.98,0.0,3.0
2.46,4,-2.58,0.0,3.27
2.46,5,-1.05,0.0,3.21
2.46,6,0.54,0.0,2.96
2.46,7,2.06,0.0,2.72
2.46,8,1.27,0.0,1.92
2.46,9,0.49,0.0,1.22
2.46,10,0.07,0.0,0.67
2.46,11,0.0,0.0,0.45
2.46,12,-0.07,0.0,0.67
2.46,13,-0.49,0.0,1.22
2.46,14,-1.27,0.0,1.92
2.46,15,-0.7,0.0,2.33
2.46,16,0.87,0.0,2.6
2.46,17,2.44,0.0,2.9
2.46,18,3.97,0.0,2.98
2.46,19,5.39,0.0,2.74
2.46,20,6.78,0.0,2.32
2.47,1,-6.7,0.0,2.21
2.47,2,-5.28,0.0,2.54
2.47,3,-3.93,0.0,3.02
2.47,4,-2.53,0.0,3.29
2.47,5,-1.01,0.0,3.23
2.47,6,0.59,0.0,2.97
2.47,7,2.06,0.0,2.72
2.47,8,1.27,0.0,1.92
2.47,9,0.49,0.0,1.22
2.47,10,0.07,0.0,0.67
2.47,11,0.0,0.0,0.45
2.47,12,-0.07,0.0,0.67
2.47,13,-0.49,0.0,1.22
2.47,14,-1.27,0.0,1.92
2.47,15,-0.75,0.0,2.34
2.47,16,0.82,0.0,2.62
2.47,17,2.39,0.0,2.92
2.47,18,3.92,0.0,2.99
2.47,19,5.34,0.0,2.75
2.47,20,6.73,0.0,2.33
2.49,1,-6.65,0.0,2.22
2.49,2,-5.23,0.0,2.55
2.49,3,-3.88,0.0,3.03
2.49,4,-2.48,0.0,3.31
2.49,5,-0.96,0.0,3.25
2.49,6,0.63,0.0,2.99
2.49,7,2.06,0.0,2.72
2.49,8,1.27,0.0,1.92
2.49,9,0.49,0.0,1.22
2.49,10,0.07,0.0,0.67
2.49,11,0.0,0.0,0.45
2.49,12,-0.07,0.0,0.67
2.49,13,-0.49,0.0,1.22
2.49,14,-1.27,0.0,1.92
2.49,15,-0.8,0.0,2.36
2.49,16,0.78,0.0,2.63
2.49,17,2.35,0.0,2.93
2.49,18,3.87,0.0,3.01
2.49,19,5.3,0.0,2.77
2.49,20,6.68,0.0,2.35
2.51,1,-6.6,0.0,2.23
2.51,2,-5.18,0.0,2.56
2.51,3,-3.83,0.0,3.05
2.51,4,-2.44,0.0,3.33
2.51,5,-0.91,0.0,3.26
2.51,6,0.68,0.0,3.01
2.51,7,2.06,0.0,2.72
2.51,8,1.27,0.0,1.92
2.51,9,0.49,0.0,1.22
2.51,10,0.07,0.0,0.67
2.51,11,0.0,0.0,0.45
2.51,12,-0.07,0.0,0.67
2.51,13,-0.49,0.0,1.22
2.51,14,-1.27,0.0,1.92
2.51,15,-0.84,0.0,2.37
2.51,16,0.73,0.0,2.65
2.51,17,2.3,0.0,2.95
2.51,18,3.83,0.0,3.02
2.51,19,5.25,0.0,2.78
2.51,20,6.63,0.0,2.36
2.52,1,-6.55,0.0,2.24
2.52,2,-5.14,0.0,2.58
2.52,3,-3.79,0.0,3.07
2.52,4,-2.39,0.0,3.35
2.52,5,-0.87,0.0,3.28
2.52,6,0.73,0.0,3.03
2.52,7,2.06,0.0,2.72
2.52,8,1.27,0.0,1.92
2.52,9,0.49,0.0,1.22
2.52,10,0.07,0.0,0.67
2.52,11,0.0,0.0,0.45
2.52,12,-0.07,0.0,0.67
2.52,13,-0.49,0.0,1.22
2.52,14,-1.27,0.0,1.92
2.52,15,-0.89,0.0,2.38
2.52,16,0.68,0.0,2.66
2.52,17,2.26,0.0,2.97
2.52,18,3.78,0.0,3.04
2.52,19,5.2,0.0,2.8
2.52,20,6.58,0.0,2.37
2.54,1,-6.5,0.0,2.25
2.54,2,-5.09,0.0,2.59
2.54,3,-3.74,0.0,3.08
2.54,4,-2.34,0.0,3.36
2.54,5,-0.82,0.0,3.3
2.54,6,0.77,0.0,3.04
2.54,7,2.06,0.0,2.72
2.54,8,1.27,0.0,1.92
2.54,9,0.49,0.0,1.22
2.54,10,0.07,0.0,0.67
2.54,11,0.0,0.0,0.45
2.54,12,-0.07,0.0,0.67
2.54,13,-0.49,0.0,1.22
2.54,14,-1.27,0.0,1.92
2.54,15,-0.94,0.0,2.4
2.54,16,0.63,0.0,2.67
2.54,17,2.21,0.0,2.98
2.54,18,3.73,0.0,3.06
2.54,19,5.15,0.0,2.81
2.54,20,6.53,0.0,2.38
2.55,1,-6.45,0.0,2.26
2.55,2,-5.04,0.0,2.6
2.55,3,-3.69,0.0,3.1
2.55,4,-2.3,0.0,3.38
2.55,5,-0.77,0.0,3.32
2.55,6,0.82,0.0,3.06
2.55,7,2.06,0.0,2.72
2.55,8,1.27,0.0,1.92
2.55,9,0.49,0.0,1.22
2.55,10,0.07,0.0,0.67
2.55,11,0.0,0.0,0.45
2.55,12,-0.07,0.0,0.67
2.55,13,-0.49,0.0,1.22
2.55,14,-1.27,0.0,1.92
2.55,15,-0.99,0.0,2.41
2.55,16,0.58,0.0,2.69
2.55,17,2.17,0.0,3.0
2.55,18,3.68,0.0,3.07
2.55,19,5.1,0.0,2.83
2.55,20,6.48,0.0,2.39
2.57,1,-6.4,0.0,2.27
2.57,2,-4.99,0.0,2.62
2.57,3,-3.65,0.0,3.11
2.57,4,-2.25,0.0,3.4
2.57,5,-0.73,0.0,3.34
2.57,6,0.87,0.0,3.07
2.57,7,2.06,0.0,2.72
2.57,8,1.27,0.0,1.92
2.57,9,0.49,0.0,1.22
2.57,10,0.07,0.0,0.67
2.57,11,0.0,0.0,0.45
2.57,12,-0.07,0.0,0.67
2.57,13,-0.49,0.0,1.22
2.57,14,-1.27,0.0,1.92
2.57,15,-1.04,0.0,2.42
2.57,16,0.54,0.0,2.7
2.57,17,2.12,0.0,3.02
2.57,18,3.64,0.0,3.09
2.57,19,5.06,0.0,2.84
2.57,20,6.44,0.0,2.41
2.58,1,-6.35,0.0,2.28
2.58,2,-4.94,0.0,2.63
2.58,3,-3.6,0.0,3.13
2.58,4,-2.2,0.0,3.42
2.58,5,-0.68,0.0,3.35
2.58,6,0.92,0.0,3.09
2.58,7,2.06,0.0,2.72
2.58,8,1.27,0.0,1.92
2.58,9,0.49,0.0,1.22
2.58,10,0.07,0.0,0.67
2.58,11,0.0,0.0,0.45
2.58,12,-0.07,0.0,0.67
2.58,13,-0.49,0.0,1.22
2.58,14,-1.27,0.0,1.92
2.58,15,-1.08,0.0,2.44
2.58,16,0.49,0.0,2.72
2.58,17,2.07,0.0,3.04
2.58,18,3.59,0.0,3.1
2.58,19,5.01,0.0,2.86
2.58,20,6.39,0.0,2.42
2.6,1,-6.31,0.0,2.29
2.6,2,-4.89,0.0,2.64
2.6,3,-3.55,0.0,3.15
2.6,4,-2.16,0.0,3.44
2.6,5,-0.63,0.0,3.37
2.6,6,0.96,0.0,3.11
2.6,7,2.06,0.0,2.72
2.6,8,1.27,0.0,1.92
2.6,9,0.49,0.0,1.22
2.6,10,0.07,0.0,0.67
2.6,11,0.0,0.0,0.45
2.6,12,-0.07,0.0,0.67
2.6,13,-0.49,0.0,1.22
2.6,14,-1.27,0.0,1.92
2.6,15,-1.13,0.0,2.45
2.6,16,0.44,0.0,2.73
2.6,17,2.02,0.0,3.06
2.6,18,3.54,0.0,3.12
2.6,19,4.96,0.0,2.87
2.6,20,6.34,0.0,2.43
2.61,1,-6.26,0.0,2.3
2.61,2,-4.85,0.0,2.66
2.61,3,-3.5,0.0,3.16
2.61,4,-2.11,0.0,3.46
2.61,5,-0.59,0.0,3.39
2.61,6,1.01,0.0,3.12
2.61,7,2.06,0.0,2.72
2.61,8,1.27,0.0,1.92
2.61,9,0.49,0.0,1.22
2.61,10,0.07,0.0,0.67
2.61,11,0.0,0.0,0.45
2.61,12,-0.07,0.0,0.67
2.61,13,-0.49,0.0,1.22
2.61,14,-1.27,0.0,1.92
2.61,15,-1.18,0.0,2.46
2.61,16,0.39,0.0,2.75
2.61,17,1.98,0.0,3.08
2.61,18,3.5,0.0,3.14
2.61,19,4.91,0.0,2.89
2.61,20,6.29,0.0,2.44
2.63,1,-6.21,0.0,2.32
2.63,2,-4.8,0.0,2.67
2.63,3,-3.46,0.0,3.18
2.63,4,-2.07,0.0,3.47
2.63,5,-0.54,0.0,3.41
2.63,6,1.06,0.0,3.14
2.63,7,2.06,0.0,2.72
2.63,8,1.27,0.0,1.92
2.63,9,0.49,0.0,1.22
2.63,10,0.07,0.0,0.67
2.63,11,0.0,0.0,0.45
2.63,12,-0.07,0.0,0.67
2.63,13,-0.49,0.0,1.22
2.63,14,-1.27,0.0,1.92
2.63,15,-1.23,0.0,2.48
2.63,16,0.35,0.0,2.76
2.63,17,1.93,0.0,3.09
2.63,18,3.45,0.0,3.15
2.63,19,4.87,0.0,2.9
2.63,20,6.24,0.0,2.45
2.64,1,-6.16,0.0,2.33
2.64,2,-4.75,0.0,2.68
2.64,3,-3.41,0.0,3.2
2.64,4,-2.02,0.0,3.49
2.64,5,-0.49,0.0,3.42
2.64,6,1.11,0.0,3.15
2.64,7,2.06,0.0,2.72
2.64,8,1.27,0.0,1.92
2.64,9,0.49,0.0,1.22
2.64,10,0.07,0.0,0.67
2.64,11,0.0,0.0,0.45
2.64,12,-0.07,0.0,0.67
2.64,13,-0.49,0.0,1.22
2.64,14,-1.27,0.0,1.92
2.64,15,-1.28,0.0,2.49
2.64,16,0.3,0.0,2.77
2.64,17,1.88,0.0,3.11
2.64,18,3.4,0.0,3.17
2.64,19,4.82,0.0,2.92
2.64,20,6.19,0.0,2.47
2.66,1,-6.11,0.0,2.34
2.66,2,-4.7,0.0,2.7
2.66,3,-3.36,0.0,3.21
2.66,4,-1.97,0.0,3.51
2.66,5,-0.45,0.0,3.44
2.66,6,1.15,0.0,3.17
2.66,7,2.06,0.0,2.72
2.66,8,1.27,0.0,1.92
2.66,9,0.49,0.0,1.22
2.66,10,0.07,0.0,0.67
2.66,11,0.0,0.0,0.45
2.66,12,-0.07,0.0,0.67
2.66,13,-0.49,0.0,1.22
2.66,14,-1.27,0.0,1.92
2.66,15,-1.32,0.0,2.51
2.66,16,0.25,0.0,2.79
2.66,17,1.83,0.0,3.12
2.66,18,3.35,0.0,3.19
2.66,19,4.77,0.0,2.93
2.66,20,6.14,0.0,2.48
2.68,1,-6.06,0.0,2.35
2.68,2,-4.65,0.0,2.71
2.68,3,-3.32,0.0,3.23
2.68,4,-1.93,0.0,3.53
2.68,5,-0.4,0.0,3.46
2.68,6,1.2,0.0,3.19
2.68,7,2.06,0.0,2.72
2.68,8,1.27,0.0,1.92
2.68,9,0.49,0.0,1.22
2.68,10,0.07,0.0,0.67
2.68,11,0.0,0.0,0.45
2.68,12,-0.07,0.0,0.67
2.68,13,-0.49,0.0,1.22
2.68,14,-1.27,0.0,1.92
2.68,15,-1.37,0.0,2.52
2.68,16,0.2,0.0,2.8
2.68,17,1.79,0.0,3.14
2.68,18,3.31,0.0,3.2
2.68,19,4.72,0.0,2.94
2.68,20,6.1,0.0,2.49
2.69,1,-6.01,0.0,2.36
2.69,2,-4.61,0.0,2.72
2.69,3,-3.27,0.0,3.25
2.69,4,-1.88,0.0,3.55
2.69,5,-0.35,0.0,3.48
2.69,6,1.25,0.0,3.2
2.69,7,2.06,0.0,2.72
2.69,8,1.27,0.0,1.92
2.69,9,0.49,0.0,1.22
2.69,10,0.07,0.0,0.67
2.69,11,0.0,0.0,0.45
2.69,12,-0.07,0.0,0.67
2.69,13,-0.49,0.0,1.22
2.69,14,-1.27,0.0,1.92
2.69,15,-1.42,0.0,2.53
2.69,16,0.15,0.0,2.82
2.69,17,1.74,0.0,3.16
2.69,18,3.26,0.0,3.22
2.69,19,4.67,0.0,2.96
2.69,20,6.05,0.0,2.5
2.71,1,-5.97,0.0,2.37
2.71,2,-4.56,0.0,2.74
2.71,3,-3.22,0.0,3.26
2.71,4,-1.83,0.0,3.56
2.71,5,-0.31,0.0,3.5
2.71,6,1.29,0.0,3.22
2.71,7,2.06,0.0,2.72
2.71,8,1.27,0.0,1.92
2.71,9,0.49,0.0,1.22
2.71,10,0.07,0.0,0.67
2.71,11,0.0,0.0,0.45
2.71,12,-0.07,0.0,0.67
2.71,13,-0.49,0.0,1.22
2.71,14,-1.27,0.0,1.92
2.71,15,-1.47,0.0,2.55
2.71,16,0.11,0.0,2.83
2.71,17,1.69,0.0,3.17
2.71,18,3.21,0.0,3.23
2.71,19,4.63,0.0,2.97
2.71,20,6.0,0.0,2.51
2.72,1,-5.92,0.0,2.38
2.72,2,-4.51,0.0,2.75
2.72,3,-3.17,0.0,3.28
2.72,4,-1.79,0.0,3.58
2.72,5,-0.26,0.0,3.51
2.72,6,1.34,0.0,3.24
2.72,7,2.06,0.0,2.72
2.72,8,1.27,0.0,1.92
2.72,9,0.49,0.0,1.22
2.72,10,0.07,0.0,0.67
2.72,11,0.0,0.0,0.45
2.72,12,-0.07,0.0,0.67
2.72,13,-0.49,0.0,1.22
2.72,14,-1.27,0.0,1.92
2.72,15,-1.52,0.0,2.56
2.72,16,0.06,0.0,2.85
2.72,17,1.64,0.0,3.19
2.72,18,3.16,0.0,3.25
2.72,19,4.58,0.0,2.99
2.72,20,5.95,0.0,2.52
2.74,1,-5.87,0.0,2.39
2.74,2,-4.46,0.0,2.76
2.74,3,-3.13,0.0,3.29
2.74,4,-1.74,0.0,3.6
2.74,5,-0.21,0.0,3.53
2.74,6,1.39,0.0,3.25
2.74,7,2.06,0.0,2.72
2.74,8,1.27,0.0,1.92
2.74,9,0.49,0.0,1.22
2.74,10,0.07,0.0,0.67
2.74,11,0.0,0.0,0.45
2.74,12,-0.07,0.0,0.67
2.74,13,-0.49,0.0,1.22
2.74,14,-1.27,0.0,1.92
2.74,15,-1.56,0.0,2.57
2.74,16,0.01,0.0,2.86
2.74,17,1.6,0.0,3.2
2.74,18,3.12,0.0,3.27
2.74,19,4.53,0.0,3.0
2.74,20,5.9,0.0,2.54
2.75,1,-5.82,0.0,2.4
2.75,2,-4.41,0.0,2.78
2.75,3,-3.08,0.0,3.31
2.75,4,-1.69,0.0,3.62
2.75,5,-0.17,0.0,3.55
2.75,6,1.43,0.0,3.27
2.75,7,2.06,0.0,2.72
2.75,8,1.27,0.0,1.92
2.75,9,0.49,0.0,1.22
2.75,10,0.07,0.0,0.67
2.75,11,0.0,0.0,0.45
2.75,12,-0.07,0.0,0.67
2.75,13,-0.49,0.0,1.22
2.75,14,-1.27,0.0,1.92
2.75,15,-1.61,0.0,2.59
2.75,16,-0.04,0.0,2.88
2.75,17,1.56,0.0,3.22
2.75,18,3.07,0.0,3.28
2.75,19,4.48,0.0,3.02
2.75,20,5.85,0.0,2.55
2.77,1,-5.77,0.0,2.42
2.77,2,-4.36,0.0,2.79
2.77,3,-3.03,0.0,3.33
2.77,4,-1.65,0.0,3.64
2.77,5,-0.12,0.0,3.57
2.77,6,1.46,0.0,3.29
2.77,7,2.06,0.0,2.72
2.77,8,1.27,0.0,1.92
2.77,9,0.49,0.0,1.22
2.77,10,0.07,0.0,0.67
2.77,11,0.0,0.0,0.45
2.77,12,-0.07,0.0,0.67
2.77,13,-0.49,0.0,1.22
2.77,14,-1.27,0.0,1.92
2.77,15,-1.66,0.0,2.6
2.77,16,-0.08,0.0,2.89
2.77,17,1.52,0.0,3.23
2.77,18,3.02,0.0,3.3
2.77,19,4.44,0.0,3.03
2.77,20,5.8,0.0,2.56
2.79,1,-5.72,0.0,2.43
2.79,2,-4.32,0.0,2.8
2.79,3,-2.99,0.0,3.34
2.79,4,-1.6,0.0,3.65
2.79,5,-0.07,0.0,3.58
2.79,6,1.5,0.0,3.31
2.79,7,2.06,0.0,2.72
2.79,8,1.27,0.0,1.92
2.79,9,0.49,0.0,1.22
2.79,10,0.07,0.0,0.67
2.79,11,0.0,0.0,0.45
2.79,12,-0.07,0.0,0.67
2.79,13,-0.49,0.0,1.22
2.79,14,-1.27,0.0,1.92
2.79,15,-1.71,0.0,2.61
2.79,16,-0.13,0.0,2.9
2.79,17,1.48,0.0,3.23
2.79,18,2.98,0.0,3.32
2.79,19,4.39,0.0,3.05
2.79,20,5.76,0.0,2.57
2.8,1,-5.67,0.0,2.44
2.8,2,-4.27,0.0,2.82
2.8,3,-2.94,0.0,3.36
2.8,4,-1.55,0.0,3.67
2.8,5,-0.03,0.0,3.6
2.8,6,1.55,0.0,3.34
2.8,7,2.06,0.0,2.72
2.8,8,1.27,0.0,1.92
2.8,9,0.49,0.0,1.22
2.8,10,0.07,0.0,0.67
2.8,11,0.0,0.0,0.45
2.8,12,-0.07,0.0,0.67
2.8,13,-0.49,0.0,1.22
2.8,14,-1.27,0.0,1.92
2.8,15,-1.76,0.0,2.63
2.8,16,-0.18,0.0,2.92
2.8,17,1.43,0.0,3.24
2.8,18,2.93,0.0,3.33
2.8,19,4.34,0.0,3.06
2.8,20,5.71,0.0,2.58
2.82,1,-5.62,0.0,2.45
2.82,2,-4.22,0.0,2.83
2.82,3,-2.89,0.0,3.38
2.82,4,-1.51,0.0,3.69
2.82,5,0.02,0.0,3.62
2.82,6,1.61,0.0,3.36
2.82,7,2.06,0.0,2.72
2.82,8,1.27,0.0,1.92
2.82,9,0.49,0.0,1.22
2.82,10,0.07,0.0,0.67
2.82,11,0.0,0.0,0.45
2.82,12,-0.07,0.0,0.67
2.82,13,-0.49,0.0,1.22
2.82,14,-1.27,0.0,1.92
2.82,15,-1.81,0.0,2.64
2.82,16,-0.23,0.0,2.93
2.82,17,1.38,0.0,3.25
2.82,18,2.88,0.0,3.35
2.82,19,4.29,0.0,3.08
2.82,20,5.66,0.0,2.6
2.83,1,-5.58,0.0,2.46
2.83,2,-4.17,0.0,2.84
2.83,3,-2.84,0.0,3.39
2.83,4,-1.46,0.0,3.71
2.83,5,0.07,0.0,3.64
2.83,6,1.66,0.0,3.38
2.83,7,2.06,0.0,2.72
2.83,8,1.27,0.0,1.92
2.83,9,0.49,0.0,1.22
2.83,10,0.07,0.0,0.67
2.83,11,0.0,0.0,0.45
2.83,12,-0.07,0.0,0.67
2.83,13,-0.49,0.0,1.22
2.83,14,-1.27,0.0,1.92
2.83,15,-1.85,0.0,2.65
2.83,16,-0.28,0.0,2.95
2.83,17,1.33,0.0,3.26
2.83,18,2.83,0.0,3.36
2.83,19,4.24,0.0,3.09
2.83,20,5.61,0.0,2.61
2.85,1,-5.53,0.0,2.47
2.85,2,-4.12,0.0,2.86
2.85,3,-2.8,0.0,3.41
2.85,4,-1.41,0.0,3.73
2.85,5,0.11,0.0,3.66
2.85,6,1.71,0.0,3.39
2.85,7,2.06,0.0,2.72
2.85,8,1.27,0.0,1.92
2.85,9,0.49,0.0,1.22
2.85,10,0.07,0.0,0.67
2.85,11,0.0,0.0,0.45
2.85,12,-0.07,0.0,0.67
2.85,13,-0.49,0.0,1.22
2.85,14,-1.27,0.0,1.92
2.85,15,-1.9,0.0,2.67
2.85,16,-0.32,0.0,2.96
2.85,17,1.28,0.0,3.27
2.85,18,2.79,0.0,3.38
2.85,19,4.2,0.0,3.11
2.85,20,5.56,0.0,2.62
2.87,1,-5.48,0.0,2.48
2.87,2,-4.08,0.0,2.87
2.87,3,-2.75,0.0,3.43
2.87,4,-1.37,0.0,3.75
2.87,5,0.16,0.0,3.67
2.87,6,1.76,0.0,3.41
2.87,7,2.06,0.0,2.72
2.87,8,1.27,0.0,1.92
2.87,9,0.49,0.0,1.22
2.87,10,0.07,0.0,0.67
2.87,11,0.0,0.0,0.45
2.87,12,-0.07,0.0,0.67
2.87,13,-0.49,0.0,1.22
2.87,14,-1.27,0.0,1.92
2.87,15,-1.95,0.0,2.68
2.87,16,-0.37,0.0,2.98
2.87,17,1.23,0.0,3.29
2.87,18,2.74,0.0,3.4
2.87,19,4.15,0.0,3.12
2.87,20,5.51,0.0,2.63
2.88,1,-5.43,0.0,2.49
2.88,2,-4.03,0.0,2.88
2.88,3,-2.7,0.0,3.44
2.88,4,-1.32,0.0,3.76
2.88,5,0.21,0.0,3.69
2.88,6,1.81,0.0,3.42
2.88,7,2.06,0.0,2.72
2.88,8,1.27,0.0,1.92
2.88,9,0.49,0.0,1.22
2.88,10,0.07,0.0,0.67
2.88,11,0.0,0.0,0.45
2.88,12,-0.07,0.0,0.67
2.88,13,-0.49,0.0,1.22
2.88,14,-1.27,0.0,1.92
2.88,15,-2.0,0.0,2.7
2.88,16,-0.42,0.0,2.99
2.88,17,1.18,0.0,3.31
2.88,18,2.69,0.0,3.41
2.88,19,4.1,0.0,3.14
2.88,20,5.47,0.0,2.64
2.9,1,-5.38,0.0,2.5
2.9,2,-3.98,0.0,2.9
2.9,3,-2.65,0.0,3.46
2.9,4,-1.27,0.0,3.78
2.9,5,0.25,0.0,3.71
2.9,6,1.85,0.0,3.44
2.9,7,2.06,0.0,2.72
2.9,8,1.27,0.0,1.92
2.9,9,0.49,0.0,1.22
2.9,10,0.07,0.0,0.67
2.9,11,0.0,0.0,0.45
2.9,12,-0.07,0.0,0.67
2.9,13,-0.49,0.0,1.22
2.9,14,-1.27,0.0,1.92
2.9,15,-2.05,0.0,2.71
2.9,16,-0.47,0.0,3.01
2.9,17,1.13,0.0,3.32
2.9,18,2.64,0.0,3.43
2.9,19,4.05,0.0,3.15
2.9,20,5.42,0.0,2.66
2.91,1,-5.33,0.0,2.52
2.91,2,-3.93,0.0,2.91
2.91,3,-2.61,0.0,3.47
2.91,4,-1.23,0.0,3.8
2.91,5,0.3,0.0,3.73
2.91,6,1.9,0.0,3.45
2.91,7,2.06,0.0,2.72
2.91,8,1.27,0.0,1.92
2.91,9,0.49,0.0,1.22
2.91,10,0.07,0.0,0.67
2.91,11,0.0,0.0,0.45
2.91,12,-0.07,0.0,0.67
2.91,13,-0.49,0.0,1.22
2.91,14,-1.27,0.0,1.92
2.91,15,-2.06,0.0,2.72
2.91,16,-0.51,0.0,3.02
2.91,17,1.09,0.0,3.34
2.91,18,2.6,0.0,3.44
2.91,19,4.01,0.0,3.16
2.91,20,5.37,0.0,2.67
2.93,1,-5.28,0.0,2.53
2.93,2,-3.88,0.0,2.92
2.93,3,-2.56,0.0,3.49
2.93,4,-1.18,0.0,3.82
2.93,5,0.35,0.0,3.74
2.93,6,1.95,0.0,3.46
2.93,7,2.06,0.0,2.72
2.93,8,1.27,0.0,1.92
2.93,9,0.49,0.0,1.22
2.93,10,0.07,0.0,0.67
2.93,11,0.0,0.0,0.45
2.93,12,-0.07,0.0,0.67
2.93,13,-0.49,0.0,1.22
2.93,14,-1.27,0.0,1.92
2.93,15,-2.06,0.0,2.72
2.93,16,-0.56,0.0,3.04
2.93,17,1.04,0.0,3.35
2.93,18,2.55,0.0,3.46
2.93,19,3.96,0.0,3.18
2.93,20,5.32,0.0,2.68
2.95,1,-5.23,0.0,2.54
2.95,2,-3.83,0.0,2.93
2.95,3,-2.51,0.0,3.51
2.95,4,-1.13,0.0,3.84
2.95,5,0.39,0.0,3.76
2.95,6,2.0,0.0,3.48
2.95,7,2.06,0.0,2.72
2.95,8,1.27,0.0,1.92
2.95,9,0.49,0.0,1.22
2.95,10,0.07,0.0,0.67
2.95,11,0.0,0.0,0.45
2.95,12,-0.07,0.0,0.67
2.95,13,-0.49,0.0,1.22
2.95,14,-1.27,0.0,1.92
2.95,15,-2.06,0.0,2.72
2.95,16,-0.61,0.0,3.05
2.95,17,0.99,0.0,3.37
2.95,18,2.5,0.0,3.48
2.95,19,3.91,0.0,3.19
2.95,20,5.27,0.0,2.69
2.96,1,-5.19,0.0,2.55
2.96,2,-3.79,0.0,2.95
2.96,3,-2.47,0.0,3.52
2.96,4,-1.09,0.0,3.85
2.96,5,0.44,0.0,3.78
2.96,6,2.05,0.0,3.49
2.96,7,2.06,0.0,2.72
2.96,8,1.27,0.0,1.92
2.96,9,0.49,0.0,1.22
2.96,10,0.07,0.0,0.67
2.96,11,0.0,0.0,0.45
2.96,12,-0.07,0.0,0.67
2.96,13,-0.49,0.0,1.22
2.96,14,-1.27,0.0,1.92
2.96,15,-2.06,0.0,2.72
2.96,16,-0.66,0.0,3.06
2.96,17,0.94,0.0,3.39
2.96,18,2.46,0.0,3.49
2.96,19,3.86,0.0,3.21
2.96,20,5.22,0.0,2.7
2.98,1,-5.14,0.0,2.56
2.98,2,-3.74,0.0,2.96
2.98,3,-2.42,0.0,3.54
2.98,4,-1.04,0.0,3.87
2.98,5,0.49,0.0,3.8
2.98,6,2.09,0.0,3.51
2.98,7,2.06,0.0,2.72
2.98,8,1.27,0.0,1.92
2.98,9,0.49,0.0,1.22
2.98,10,0.07,0.0,0.67
2.98,11,0.0,0.0,0.45
2.98,12,-0.07,0.0,0.67
2.98,13,-0.49,0.0,1.22
2.98,14,-1.27,0.0,1.92
2.98,15,-2.06,0.0,2.72
2.98,16,-0.71,0.0,3.08
2.98,17,0.9,0.0,3.4
2.98,18,2.41,0.0,3.51
2.98,19,3.82,0.0,3.22
2.98,20,5.17,0.0,2.72
2.99,1,-5.09,0.0,2.57
2.99,2,-3.69,0.0,2.97
2.99,3,-2.37,0.0,3.56
2.99,4,-1.0,0.0,3.89
2.99,5,0.53,0.0,3.82
2.99,6,2.14,0.0,3.52
2.99,7,2.06,0.0,2.72
2.99,8,1.27,0.0,1.92
2.99,9,0.49,0.0,1.22
2.99,10,0.07,0.0,0.67
2.99,11,0.0,0.0,0.45
2.99,12,-0.07,0.0,0.67
2.99,13,-0.49,0.0,1.22
2.99,14,-1.27,0.0,1.92
2.99,15,-2.06,0.0,2.72
2.99,16,-0.75,0.0,3.09
2.99,17,0.85,0.0,3.42
2.99,18,2.36,0.0,3.53
2.99,19,3.77,0.0,3.24
2.99,20,5.13,0.0,2.73
3.01,1,-5.04,0.0,2.58
3.01,2,-3.64,0.0,2.99
3.01,3,-2.32,0.0,3.57
3.01,4,-0.95,0.0,3.91
3.01,5,0.58,0.0,3.83
3.01,6,2.18,0.0,3.53
3.01,7,2.06,0.0,2.72
3.01,8,1.27,0.0,1.92
3.01,9,0.49,0.0,1.22
3.01,10,0.07,0.0,0.67
3.01,11,0.0,0.0,0.45
3.01,12,-0.07,0.0,0.67
3.01,13,-0.49,0.0,1.22
3.01,14,-1.27,0.0,1.92
3.01,15,-2.06,0.0,2.72
3.01,16,-0.8,0.0,3.11
3.01,17,0.8,0.0,3.43
3.01,18,2.32,0.0,3.54
3.01,19,3.72,0.0,3.25
3.01,20,5.08,0.0,2.74
3.02,1,-4.99,0.0,2.59
3.02,2,-3.59,0.0,3.0
3.02,3,-2.28,0.0,3.59
3.02,4,-0.9,0.0,3.93
3.02,5,0.63,0.0,3.85
3.02,6,2.22,0.0,3.55
3.02,7,2.06,0.0,2.72
3.02,8,1.27,0.0,1.92
3.02,9,0.49,0.0,1.22
3.02,10,0.07,0.0,0.67
3.02,11,0.0,0.0,0.45
3.02,12,-0.07,0.0,0.67
3.02,13,-0.49,0.0,1.22
3.02,14,-1.27,0.0,1.92
3.02,15,-2.06,0.0,2.72
3.02,16,-0.85,0.0,3.12
3.02,17,0.76,0.0,3.45
3.02,18,2.29,0.0,3.56
3.02,19,3.67,0.0,3.27
3.02,20,5.03,0.0,2.75
3.04,1,-4.94,0.0,2.6
3.04,2,-3.55,0.0,3.01
3.04,3,-2.23,0.0,3.61
3.04,4,-0.86,0.0,3.95
3.04,5,0.67,0.0,3.87
3.04,6,2.25,0.0,3.56
3.04,7,2.06,0.0,2.72
3.04,8,1.27,0.0,1.92
3.04,9,0.49,0.0,1.22
3.04,10,0.07,0.0,0.67
3.04,11,0.0,0.0,0.45
3.04,12,-0.07,0.0,0.67
3.04,13,-0.49,0.0,1.22
3.04,14,-1.27,0.0,1.92
3.04,15,-2.06,0.0,2.72
3.04,16,-0.9,0.0,3.14
3.04,17,0.71,0.0,3.47
3.04,18,2.25,0.0,3.58
3.04,19,3.62,0.0,3.28
3.04,20,4.98,0.0,2.76
3.06,1,-4.89,0.0,2.62
3.06,2,-3.5,0.0,3.03
3.06,3,-2.18,0.0,3.62
3.06,4,-0.81,0.0,3.96
3.06,5,0.72,0.0,3.89
3.06,6,2.3,0.0,3.56
3.06,7,2.06,0.0,2.72
3.06,8,1.27,0.0,1.92
3.06,9,0.49,0.0,1.22
3.06,10,0.07,0.0,0.67
3.06,11,0.0,0.0,0.45
3.06,12,-0.07,0.0,0.67
3.06,13,-0.49,0.0,1.22
3.06,14,-1.27,0.0,1.92
3.06,15,-2.06,0.0,2.72
3.06,16,-0.94,0.0,3.15
3.06,17,0.66,0.0,3.48
3.06,18,2.21,0.0,3.61
3.06,19,3.58,0.0,3.3
3.06,20,4.93,0.0,2.78
3.07,1,-4.84,0.0,2.63
3.07,2,-3.45,0.0,3.04
3.07,3,-2.14,0.0,3.64
3.07,4,-0.76,0.0,3.98
3.07,5,0.77,0.0,3.9
3.07,6,2.35,0.0,3.58
3.07,7,2.06,0.0,2.72
3.07,8,1.27,0.0,1.92
3.07,9,0.49,0.0,1.22
3.07,10,0.07,0.0,0.67
3.07,11,0.0,0.0,0.45
3.07,12,-0.07,0.0,0.67
3.07,13,-0.49,0.0,1.22
3.07,14,-1.27,0.0,1.92
3.07,15,-2.06,0.0,2.72
3.07,16,-0.99,0.0,3.17
3.07,17,0.61,0.0,3.5
3.07,18,2.15,0.0,3.63
3.07,19,3.53,0.0,3.31
3.07,20,4.88,0.0,2.79
3.09,1,-4.8,0.0,2.64
3.09,2,-3.4,0.0,3.05
3.09,3,-2.09,0.0,3.65
3.09,4,-0.72,0.0,4.0
3.09,5,0.81,0.0,3.92
3.09,6,2.4,0.0,3.6
3.09,7,2.06,0.0,2.72
3.09,8,1.27,0.0,1.92
3.09,9,0.49,0.0,1.22
3.09,10,0.07,0.0,0.67
3.09,11,0.0,0.0,0.45
3.09,12,-0.07,0.0,0.67
3.09,13,-0.49,0.0,1.22
3.09,14,-1.27,0.0,1.92
3.09,15,-2.06,0.0,2.72
3.09,16,-1.04,0.0,3.18
3.09,17,0.57,0.0,3.51
3.09,18,2.09,0.0,3.65
3.09,19,3.48,0.0,3.33
3.09,20,4.83,0.0,2.8
3.1,1,-4.75,0.0,2.65
3.1,2,-3.35,0.0,3.07
3.1,3,-2.04,0.0,3.67
3.1,4,-0.67,0.0,4.02
3.1,5,0.86,0.0,3.94
3.1,6,2.4,0.0,3.6
3.1,7,2.06,0.0,2.72
3.1,8,1.27,0.0,1.92
3.1,9,0.49,0.0,1.22
3.1,10,0.07,0.0,0.67
3.1,11,0.0,0.0,0.45
3.1,12,-0.07,0.0,0.67
3.1,13,-0.49,0.0,1.22
3.1,14,-1.27,0.0,1.92
3.1,15,-2.06,0.0,2.72
3.1,16,-1.09,0.0,3.2
3.1,17,0.52,0.0,3.53
3.1,18,2.04,0.0,3.66
3.1,19,3.43,0.0,3.34
3.1,20,4.79,0.0,2.81
3.12,1,-4.7,0.0,2.66
3.12,2,-3.31,0.0,3.08
3.12,3,-1.99,0.0,3.69
3.12,4,-0.62,0.0,4.04
3.12,5,0.91,0.0,3.96
3.12,6,2.4,0.0,3.6
3.12,7,2.06,0.0,2.72
3.12,8,1.27,0.0,1.92
3.12,9,0.49,0.0,1.22
3.12,10,0.07,0.0,0.67
3.12,11,0.0,0.0,0.45
3.12,12,-0.07,0.0,0.67
3.12,13,-0.49,0.0,1.22
3.12,14,-1.27,0.0,1.92
3.12,15,-2.06,0.0,2.72
3.12,16,-1.14,0.0,3.21
3.12,17,0.47,0.0,3.54
3.12,18,1.99,0.0,3.68
3.12,19,3.39,0.0,3.36
3.12,20,4.74,0.0,2.82
3.13,1,-4.65,0.0,2.67
3.13,2,-3.26,0.0,3.09
3.13,3,-1.95,0.0,3.7
3.13,4,-0.58,0.0,4.05
3.13,5,0.95,0.0,3.98
3.13,6,2.4,0.0,3.6
3.13,7,2.06,0.0,2.72
3.13,8,1.27,0.0,1.92
3.13,9,0.49,0.0,1.22
3.13,10,0.07,0.0,0.67
3.13,11,0.0,0.0,0.45
3.13,12,-0.07,0.0,0.67
3.13,13,-0.49,0.0,1.22
3.13,14,-1.27,0.0,1.92
3.13,15,-2.06,0.0,2.72
3.13,16,-1.18,0.0,3.22
3.13,17,0.42,0.0,3.56
3.13,18,1.95,0.0,3.69
3.13,19,3.34,0.0,3.37
3.13,20,4.69,0.0,2.84
3.15,1,-4.6,0.0,2.68
3.15,2,-3.21,0.0,3.11
3.15,3,-1.9,0.0,3.72
3.15,4,-0.53,0.0,4.07
3.15,5,1.0,0.0,3.99
3.15,6,2.4,0.0,3.6
3.15,7,2.06,0.0,2.72
3.15,8,1.27,0.0,1.92
3.15,9,0.49,0.0,1.22
3.15,10,0.07,0.0,0.67
3.15,11,0.0,0.0,0.45
3.15,12,-0.07,0.0,0.67
3.15,13,-0.49,0.0,1.22
3.15,14,-1.27,0.0,1.92
3.15,15,-2.06,0.0,2.72
3.15,16,-1.23,0.0,3.24
3.15,17,0.38,0.0,3.58
3.15,18,1.9,0.0,3.71
3.15,19,3.29,0.0,3.38
3.15,20,4.64,0.0,2.85
3.17,1,-4.55,0.0,2.69
3.17,2,-3.16,0.0,3.12
3.17,3,-1.85,0.0,3.74
3.17,4,-0.48,0.0,4.09
3.17,5,1.05,0.0,4.01
3.17,6,2.4,0.0,3.6
3.17,7,2.06,0.0,2.72
3.17,8,1.27,0.0,1.92
3.17,9,0.49,0.0,1.22
3.17,10,0.07,0.0,0.67
3.17,11,0.0,0.0,0.45
3.17,12,-0.07,0.0,0.67
3.17,13,-0.49,0.0,1.22
3.17,14,-1.27,0.0,1.92
3.17,15,-2.06,0.0,2.72
3.17,16,-1.28,0.0,3.25
3.17,17,0.33,0.0,3.59
3.17,18,1.85,0.0,3.73
3.17,19,3.24,0.0,3.4
3.17,20,4.59,0.0,2.86
3.18,1,-4.5,0.0,2.7
3.18,2,-3.11,0.0,3.13
3.18,3,-1.81,0.0,3.75
3.18,4,-0.44,0.0,4.11
3.18,5,1.09,0.0,4.03
3.18,6,2.4,0.0,3.6
3.18,7,2.06,0.0,2.72
3.18,8,1.27,0.0,1.92
3.18,9,0.49,0.0,1.22
3.18,10,0.07,0.0,0.67
3.18,11,0.0,0.0,0.45
3.18,12,-0.07,0.0,0.67
3.18,13,-0.49,0.0,1.22
3.18,14,-1.27,0.0,1.92
3.18,15,-2.06,0.0,2.72
3.18,16,-1.33,0.0,3.27
3.18,17,0.28,0.0,3.61
3.18,18,1.8,0.0,3.74
3.18,19,3.19,0.0,3.41
3.18,20,4.54,0.0,2.87
3.2,1,-4.46,0.0,2.72
3.2,2,-3.06,0.0,3.15
3.2,3,-1.76,0.0,3.77
3.2,4,-0.39,0.0,4.13
3.2,5,1.14,0.0,4.05
3.2,6,2.4,0.0,3.6
3.2,7,2.06,0.0,2.72
3.2,8,1.27,0.0,1.92
3.2,9,0.49,0.0,1.22
3.2,10,0.07,0.0,0.67
3.2,11,0.0,0.0,0.45
3.2,12,-0.07,0.0,0.67
3.2,13,-0.49,0.0,1.22
3.2,14,-1.27,0.0,1.92
3.2,15,-2.06,0.0,2.72
3.2,16,-1.37,0.0,3.28
3.2,17,0.23,0.0,3.62
3.2,18,1.76,0.0,3.76
3.2,19,3.15,0.0,3.43
3.2,20,4.49,0.0,2.88
3.21,1,-4.41,0.0,2.73
3.21,2,-3.02,0.0,3.16
3.21,3,-1.71,0.0,3.79
3.21,4,-0.34,0.0,4.15
3.21,5,1.19,0.0,4.07
3.21,6,2.4,0.0,3.6
3.21,7,2.06,0.0,2.72
3.21,8,1.27,0.0,1.92
3.21,9,0.49,0.0,1.22
3.21,10,0.07,0.0,0.67
3.21,11,0.0,0.0,0.45
3.21,12,-0.07,0.0,0.67
3.21,13,-0.49,0.0,1.22
3.21,14,-1.27,0.0,1.92
3.21,15,-2.06,0.0,2.72
3.21,16,-1.42,0.0,3.3
3.21,17,0.19,0.0,3.64
3.21,18,1.71,0.0,3.77
3.21,19,3.1,0.0,3.44
3.21,20,4.45,0.0,2.89
3.23,1,-4.36,0.0,2.74
3.23,2,-2.97,0.0,3.17
3.23,3,-1.66,0.0,3.8
3.23,4,-0.3,0.0,4.16
3.23,5,1.23,0.0,4.08
3.23,6,2.4,0.0,3.6
3.23,7,2.06,0.0,2.72
3.23,8,1.27,0.0,1.92
3.23,9,0.49,0.0,1.22
3.23,10,0.07,0.0,0.67
3.23,11,0.0,0.0,0.45
3.23,12,-0.07,0.0,0.67
3.23,13,-0.49,0.0,1.22
3.23,14,-1.27,0.0,1.92
3.23,15,-2.06,0.0,2.72
3.23,16,-1.47,0.0,3.31
3.23,17,0.14,0.0,3.66
3.23,18,1.66,0.0,3.79
3.23,19,3.05,0.0,3.46
3.23,20,4.4,0.0,2.91
3.25,1,-4.31,0.0,2.75
3.25,2,-2.92,0.0,3.19
3.25,3,-1.62,0.0,3.82
3.25,4,-0.25,0.0,4.18
3.25,5,1.28,0.0,4.1
3.25,6,2.4,0.0,3.6
3.25,7,2.06,0.0,2.72
3.25,8,1.27,0.0,1.92
3.25,9,0.49,0.0,1.22
3.25,10,0.07,0.0,0.67
3.25,11,0.0,0.0,0.45
3.25,12,-0.07,0.0,0.67
3.25,13,-0.49,0.0,1.22
3.25,14,-1.27,0.0,1.92
3.25,15,-2.06,0.0,2.72
3.25,16,-1.52,0.0,3.33
3.25,17,0.09,0.0,3.67
3.25,18,1.61,0.0,3.81
3.25,19,3.0,0.0,3.47
3.25,20,4.35,0.0,2.92
3.26,1,-4.26,0.0,2.76
3.26,2,-2.87,0.0,3.2
3.26,3,-1.57,0.0,3.84
3.26,4,-0.2,0.0,4.2
3.26,5,1.33,0.0,4.12
3.26,6,2.4,0.0,3.6
3.26,7,2.06,0.0,2.72
3.26,8,1.27,0.0,1.92
3.26,9,0.49,0.0,1.22
3.26,10,0.07,0.0,0.67
3.26,11,0.0,0.0,0.45
3.26,12,-0.07,0.0,0.67
3.26,13,-0.49,0.0,1.22
3.26,14,-1.27,0.0,1.92
3.26,15,-2.06,0.0,2.72
3.26,16,-1.57,0.0,3.34
3.26,17,0.05,0.0,3.69
3.26,18,1.57,0.0,3.82
3.26,19,2.96,0.0,3.49
3.26,20,4.3,0.0,2.93
3.28,1,-4.21,0.0,2.77
3.28,2,-2.82,0.0,3.21
3.28,3,-1.52,0.0,3.85
3.28,4,-0.16,0.0,4.22
3.28,5,1.37,0.0,4.14
3.28,6,2.4,0.0,3.6
3.28,7,2.06,0.0,2.72
3.28,8,1.27,0.0,1.92
3.28,9,0.49,0.0,1.22
3.28,10,0.07,0.0,0.67
3.28,11,0.0,0.0,0.45
3.28,12,-0.07,0.0,0.67
3.28,13,-0.49,0.0,1.22
3.28,14,-1.27,0.0,1.92
3.28,15,-2.06,0.0,2.72
3.28,16,-1.61,0.0,3.36
3.28,17,-0.0,0.0,3.7
3.28,18,1.52,0.0,3.84
3.28,19,2.91,0.0,3.5
3.28,20,4.25,0.0,2.94
3.29,1,-4.16,0.0,2.78
3.29,2,-2.78,0.0,3.23
3.29,3,-1.48,0.0,3.87
3.29,4,-0.11,0.0,4.24
3.29,5,1.42,0.0,4.16
3.29,6,2.4,0.0,3.6
3.29,7,2.06,0.0,2.72
3.29,8,1.27,0.0,1.92
3.29,9,0.49,0.0,1.22
3.29,10,0.07,0.0,0.67
3.29,11,0.0,0.0,0.45
3.29,12,-0.07,0.0,0.67
3.29,13,-0.49,0.0,1.22
3.29,14,-1.27,0.0,1.92
3.29,15,-2.06,0.0,2.72
3.29,16,-1.66,0.0,3.37
3.29,17,-0.05,0.0,3.72
3.29,18,1.47,0.0,3.85
3.29,19,2.86,0.0,3.52
3.29,20,4.2,0.0,2.95
3.31,1,-4.11,0.0,2.79
3.31,2,-2.73,0.0,3.24
3.31,3,-1.43,0.0,3.88
3.31,4,-0.07,0.0,4.25
3.31,5,1.46,0.0,4.18
3.31,6,2.4,0.0,3.6
3.31,7,2.06,0.0,2.72
3.31,8,1.27,0.0,1.92
3.31,9,0.49,0.0,1.22
3.31,10,0.07,0.0,0.67
3.31,11,0.0,0.0,0.45
3.31,12,-0.07,0.0,0.67
3.31,13,-0.49,0.0,1.22
3.31,14,-1.27,0.0,1.92
3.31,15,-2.06,0.0,2.72
3.31,16,-1.71,0.0,3.39
3.31,17,-0.1,0.0,3.74
3.31,18,1.43,0.0,3.86
3.31,19,2.81,0.0,3.53
3.31,20,4.16,0.0,2.97
3.33,1,-4.07,0.0,2.81
3.33,2,-2.68,0.0,3.25
3.33,3,-1.38,0.0,3.9
3.33,4,-0.02,0.0,4.27
3.33,5,1.51,0.0,4.2
3.33,6,2.4,0.0,3.6
3.33,7,2.06,0.0,2.72
3.33,8,1.27,0.0,1.92
3.33,9,0.49,0.0,1.22
3.33,10,0.07,0.0,0.67
3.33,11,0.0,0.0,0.45
3.33,12,-0.07,0.0,0.67
3.33,13,-0.49,0.0,1.22
3.33,14,-1.27,0.0,1.92
3.33,15,-2.06,0.0,2.72
3.33,16,-1.76,0.0,3.4
3.33,17,-0.14,0.0,3.75
3.33,18,1.38,0.0,3.88
3.33,19,2.76,0.0,3.55
3.33,20,4.11,0.0,2.98
3.34,1,-4.02,0.0,2.82
3.34,2,-2.63,0.0,3.27
3.34,3,-1.33,0.0,3.92
3.34,4,0.03,0.0,4.29
3.34,5,1.56,0.0,4.22
3.34,6,2.4,0.0,3.6
3.34,7,2.06,0.0,2.72
3.34,8,1.27,0.0,1.92
3.34,9,0.49,0.0,1.22
3.34,10,0.07,0.0,0.67
3.34,11,0.0,0.0,0.45
3.34,12,-0.07,0.0,0.67
3.34,13,-0.49,0.0,1.22
3.34,14,-1.27,0.0,1.92
3.34,15,-2.06,0.0,2.72
3.34,16,-1.8,0.0,3.41
3.34,17,-0.19,0.0,3.77
3.34,18,1.33,0.0,3.89
3.34,19,2.72,0.0,3.56
3.34,20,4.06,0.0,2.99
3.36,1,-3.97,0.0,2.83
3.36,2,-2.58,0.0,3.28
3.36,3,-1.29,0.0,3.93
3.36,4,0.07,0.0,4.31
3.36,5,1.61,0.0,4.24
3.36,6,2.4,0.0,3.6
3.36,7,2.06,0.0,2.72
3.36,8,1.27,0.0,1.92
3.36,9,0.49,0.0,1.22
3.36,10,0.07,0.0,0.67
3.36,11,0.0,0.0,0.45
3.36,12,-0.07,0.0,0.67
3.36,13,-0.49,0.0,1.22
3.36,14,-1.27,0.0,1.92
3.36,15,-2.06,0.0,2.72
3.36,16,-1.85,0.0,3.43
3.36,17,-0.24,0.0,3.78
3.36,18,1.28,0.0,3.91
3.36,19,2.67,0.0,3.58
3.36,20,4.01,0.0,3.0
3.37,1,-3.92,0.0,2.84
3.37,2,-2.53,0.0,3.29
3.37,3,-1.24,0.0,3.95
3.37,4,0.12,0.0,4.33
3.37,5,1.65,0.0,4.25
3.37,6,2.4,0.0,3.6
3.37,7,2.06,0.0,2.72
3.37,8,1.27,0.0,1.92
3.37,9,0.49,0.0,1.22
3.37,10,0.07,0.0,0.67
3.37,11,0.0,0.0,0.45
3.37,12,-0.07,0.0,0.67
3.37,13,-0.49,0.0,1.22
3.37,14,-1.27,0.0,1.92
3.37,15,-2.06,0.0,2.72
3.37,16,-1.9,0.0,3.44
3.37,17,-0.29,0.0,3.8
3.37,18,1.24,0.0,3.92
3.37,19,2.63,0.0,3.59
3.37,20,3.96,0.0,3.01
3.39,1,-3.87,0.0,2.85
3.39,2,-2.49,0.0,3.31
3.39,3,-1.19,0.0,3.97
3.39,4,0.17,0.0,4.35
3.39,5,1.7,0.0,4.27
3.39,6,2.4,0.0,3.6
3.39,7,2.06,0.0,2.72
3.39,8,1.27,0.0,1.92
3.39,9,0.49,0.0,1.22
3.39,10,0.07,0.0,0.67
3.39,11,0.0,0.0,0.45
3.39,12,-0.07,0.0,0.67
3.39,13,-0.49,0.0,1.22
3.39,14,-1.27,0.0,1.92
3.39,15,-2.06,0.0,2.72
3.39,16,-1.95,0.0,3.46
3.39,17,-0.33,0.0,3.82
3.39,18,1.19,0.0,3.94
3.39,19,2.59,0.0,3.6
3.39,20,3.91,0.0,3.03
3.4,1,-3.82,0.0,2.86
3.4,2,-2.44,0.0,3.32
3.4,3,-1.15,0.0,3.98
3.4,4,0.21,0.0,4.36
3.4,5,1.75,0.0,4.29
3.4,6,2.4,0.0,3.6
3.4,7,2.06,0.0,2.72
3.4,8,1.27,0.0,1.92
3.4,9,0.49,0.0,1.22
3.4,10,0.07,0.0,0.67
3.4,11,0.0,0.0,0.45
3.4,12,-0.07,0.0,0.67
3.4,13,-0.49,0.0,1.22
3.4,14,-1.27,0.0,1.92
3.4,15,-2.06,0.0,2.72
3.4,16,-2.0,0.0,3.47
3.4,17,-0.38,0.0,3.83
3.4,18,1.14,0.0,3.95
3.4,19,2.55,0.0,3.62
3.4,20,3.86,0.0,3.04
3.42,1,-3.77,0.0,2.87
3.42,2,-2.39,0.0,3.33
3.42,3,-1.1,0.0,4.0
3.42,4,0.26,0.0,4.38
3.42,5,1.79,0.0,4.3
3.42,6,2.4,0.0,3.6
3.42,7,2.06,0.0,2.72
3.42,8,1.27,0.0,1.92
3.42,9,0.49,0.0,1.22
3.42,10,0.07,0.0,0.67
3.42,11,0.0,0.0,0.45
3.42,12,-0.07,0.0,0.67
3.42,13,-0.49,0.0,1.22
3.42,14,-1.27,0.0,1.92
3.42,15,-2.06,0.0,2.72
3.42,16,-2.04,0.0,3.49
3.42,17,-0.43,0.0,3.85
3.42,18,1.1,0.0,3.97
3.42,19,2.51,0.0,3.63
3.42,20,3.82,0.0,3.05
3.44,1,-3.72,0.0,2.88
3.44,2,-2.34,0.0,3.35
3.44,3,-1.05,0.0,4.02
3.44,4,0.31,0.0,4.4
3.44,5,1.84,0.0,4.32
3.44,6,2.4,0.0,3.6
3.44,7,2.06,0.0,2.72
3.44,8,1.27,0.0,1.92
3.44,9,0.49,0.0,1.22
3.44,10,0.07,0.0,0.67
3.44,11,0.0,0.0,0.45
3.44,12,-0.07,0.0,0.67
3.44,13,-0.49,0.0,1.22
3.44,14,-1.27,0.0,1.92
3.44,15,-2.06,0.0,2.72
3.44,16,-2.09,0.0,3.5
3.44,17,-0.48,0.0,3.86
3.44,18,1.05,0.0,3.99
3.44,19,2.48,0.0,3.65
3.44,20,3.77,0.0,3.06
3.45,1,-3.68,0.0,2.89
3.45,2,-2.3,0.0,3.36
3.45,3,-1.0,0.0,4.03
3.45,4,0.35,0.0,4.42
3.45,5,1.89,0.0,4.34
3.45,6,2.4,0.0,3.6
3.45,7,2.06,0.0,2.72
3.45,8,1.27,0.0,1.92
3.45,9,0.49,0.0,1.22
3.45,10,0.07,0.0,0.67
3.45,11,0.0,0.0,0.45
3.45,12,-0.07,0.0,0.67
3.45,13,-0.49,0.0,1.22
3.45,14,-1.27,0.0,1.92
3.45,15,-2.06,0.0,2.72
3.45,16,-2.13,0.0,3.52
3.45,17,-0.52,0.0,3.88
3.45,18,1.0,0.0,4.0
3.45,19,2.44,0.0,3.67
3.45,20,3.72,0.0,3.07
3.47,1,-3.63,0.0,2.91
3.47,2,-2.26,0.0,3.37
3.47,3,-0.96,0.0,4.05
3.47,4,0.4,0.0,4.44
3.47,5,1.93,0.0,4.36
3.47,6,2.4,0.0,3.6
3.47,7,2.06,0.0,2.72
3.47,8,1.27,0.0,1.92
3.47,9,0.49,0.0,1.22
3.47,10,0.07,0.0,0.67
3.47,11,0.0,0.0,0.45
3.47,12,-0.07,0.0,0.67
3.47,13,-0.49,0.0,1.22
3.47,14,-1.27,0.0,1.92
3.47,15,-2.06,0.0,2.72
3.47,16,-2.18,0.0,3.54
3.47,17,-0.57,0.0,3.9
3.47,18,0.95,0.0,4.02
3.47,19,2.4,0.0,3.7
3.47,20,3.67,0.0,3.09
3.48,1,-3.58,0.0,2.92
3.48,2,-2.21,0.0,3.37
3.48,3,-0.91,0.0,4.07
3.48,4,0.45,0.0,4.46
3.48,5,1.98,0.0,4.37
3.48,6,2.4,0.0,3.6
3.48,7,2.06,0.0,2.72
3.48,8,1.27,0.0,1.92
3.48,9,0.49,0.0,1.22
3.48,10,0.07,0.0,0.67
3.48,11,0.0,0.0,0.45
3.48,12,-0.07,0.0,0.67
3.48,13,-0.49,0.0,1.22
3.48,14,-1.27,0.0,1.92
3.48,15,-2.06,0.0,2.72
3.48,16,-2.22,0.0,3.56
3.48,17,-0.62,0.0,3.91
3.48,18,0.91,0.0,4.04
3.48,19,2.35,0.0,3.72
3.48,20,3.62,0.0,3.1
3.5,1,-3.53,0.0,2.93
3.5,2,-2.16,0.0,3.38
3.5,3,-0.87,0.0,4.08
3.5,4,0.49,0.0,4.47
3.5,5,2.03,0.0,4.39
3.5,6,2.4,0.0,3.6
3.5,7,2.06,0.0,2.72
3.5,8,1.27,0.0,1.92
3.5,9,0.49,0.0,1.22
3.5,10,0.07,0.0,0.67
3.5,11,0.0,0.0,0.45
3.5,12,-0.07,0.0,0.67
3.5,13,-0.49,0.0,1.22
3.5,14,-1.27,0.0,1.92
3.5,15,-2.06,0.0,2.72
3.5,16,-2.27,0.0,3.58
3.5,17,-0.66,0.0,3.93
3.5,18,0.86,0.0,4.05
3.5,19,2.3,0.0,3.75
3.5,20,3.57,0.0,3.11
3.51,1,-3.48,0.0,2.94
3.51,2,-2.11,0.0,3.39
3.51,3,-0.82,0.0,4.1
3.51,4,0.54,0.0,4.49
3.51,5,2.06,0.0,4.41
3.51,6,2.4,0.0,3.6
3.51,7,2.06,0.0,2.72
3.51,8,1.27,0.0,1.92
3.51,9,0.49,0.0,1.22
3.51,10,0.07,0.0,0.67
3.51,11,0.0,0.0,0.45
3.51,12,-0.07,0.0,0.67
3.51,13,-0.49,0.0,1.22
3.51,14,-1.27,0.0,1.92
3.51,15,-2.06,0.0,2.72
3.51,16,-2.33,0.0,3.59
3.51,17,-0.7,0.0,3.94
3.51,18,0.81,0.0,4.07
3.51,19,2.24,0.0,3.77
3.51,20,3.52,0.0,3.12
3.53,1,-3.43,0.0,2.95
3.53,2,-2.06,0.0,3.4
3.53,3,-0.78,0.0,4.13
3.53,4,0.59,0.0,4.51
3.53,5,2.06,0.0,4.41
3.53,6,2.4,0.0,3.6
3.53,7,2.06,0.0,2.72
3.53,8,1.27,0.0,1.92
3.53,9,0.49,0.0,1.22
3.53,10,0.07,0.0,0.67
3.53,11,0.0,0.0,0.45
3.53,12,-0.07,0.0,0.67
3.53,13,-0.49,0.0,1.22
3.53,14,-1.27,0.0,1.92
3.53,15,-2.06,0.0,2.72
3.53,16,-2.38,0.0,3.6
3.53,17,-0.75,0.0,3.95
3.53,18,0.76,0.0,4.08
3.53,19,2.19,0.0,3.79
3.53,20,3.48,0.0,3.13
3.54,1,-3.38,0.0,2.96
3.54,2,-2.01,0.0,3.41
3.54,3,-0.73,0.0,4.15
3.54,4,0.63,0.0,4.53
3.54,5,2.06,0.0,4.41
3.54,6,2.4,0.0,3.6
3.54,7,2.06,0.0,2.72
3.54,8,1.27,0.0,1.92
3.54,9,0.49,0.0,1.22
3.54,10,0.07,0.0,0.67
3.54,11,0.0,0.0,0.45
3.54,12,-0.07,0.0,0.67
3.54,13,-0.49,0.0,1.22
3.54,14,-1.27,0.0,1.92
3.54,15,-2.06,0.0,2.72
3.54,16,-2.4,0.0,3.6
3.54,17,-0.79,0.0,3.96
3.54,18,0.72,0.0,4.1
3.54,19,2.14,0.0,3.8
3.54,20,3.43,0.0,3.15
3.56,1,-3.34,0.0,2.97
3.56,2,-1.96,0.0,3.42
3.56,3,-0.68,0.0,4.17
3.56,4,0.68,0.0,4.55
3.56,5,2.06,0.0,4.41
3.56,6,2.4,0.0,3.6
3.56,7,2.06,0.0,2.72
3.56,8,1.27,0.0,1.92
3.56,9,0.49,0.0,1.22
3.56,10,0.07,0.0,0.67
3.56,11,0.0,0.0,0.45
3.56,12,-0.07,0.0,0.67
3.56,13,-0.49,0.0,1.22
3.56,14,-1.27,0.0,1.92
3.56,15,-2.06,0.0,2.72
3.56,16,-2.4,0.0,3.6
3.56,17,-0.84,0.0,3.97
3.56,18,0.67,0.0,4.12
3.56,19,2.09,0.0,3.82
3.56,20,3.38,0.0,3.16
3.58,1,-3.29,0.0,2.98
3.58,2,-1.91,0.0,3.44
3.58,3,-0.63,0.0,4.19
3.58,4,0.72,0.0,4.57
3.58,5,2.06,0.0,4.41
3.58,6,2.4,0.0,3.6
3.58,7,2.06,0.0,2.72
3.58,8,1.27,0.0,1.92
3.58,9,0.49,0.0,1.22
3.58,10,0.07,0.0,0.67
3.58,11,0.0,0.0,0.45
3.58,12,-0.07,0.0,0.67
3.58,13,-0.49,0.0,1.22
3.58,14,-1.27,0.0,1.92
3.58,15,-2.06,0.0,2.72
3.58,16,-2.4,0.0,3.6
3.58,17,-0.89,0.0,3.98
3.58,18,0.62,0.0,4.13
3.58,19,2.04,0.0,3.83
3.58,20,3.33,0.0,3.17
3.59,1,-3.24,0.0,2.99
3.59,2,-1.87,0.0,3.45
3.59,3,-0.58,0.0,4.21
3.59,4,0.77,0.0,4.58
3.59,5,2.06,0.0,4.41
3.59,6,2.4,0.0,3.6
3.59,7,2.06,0.0,2.72
3.59,8,1.27,0.0,1.92
3.59,9,0.49,0.0,1.22
3.59,10,0.07,0.0,0.67
3.59,11,0.0,0.0,0.45
3.59,12,-0.07,0.0,0.67
3.59,13,-0.49,0.0,1.22
3.59,14,-1.27,0.0,1.92
3.59,15,-2.06,0.0,2.72
3.59,16,-2.4,0.0,3.6
3.59,17,-0.94,0.0,3.99
3.59,18,0.58,0.0,4.15
3.59,19,1.99,0.0,3.85
3.59,20,3.28,0.0,3.18
3.61,1,-3.19,0.0,3.01
3.61,2,-1.82,0.0,3.47
3.61,3,-0.54,0.0,4.23
3.61,4,0.82,0.0,4.6
3.61,5,2.06,0.0,4.41
3.61,6,2.4,0.0,3.6
3.61,7,2.06,0.0,2.72
3.61,8,1.27,0.0,1.92
3.61,9,0.49,0.0,1.22
3.61,10,0.07,0.0,0.67
3.61,11,0.0,0.0,0.45
3.61,12,-0.07,0.0,0.67
3.61,13,-0.49,0.0,1.22
3.61,14,-1.27,0.0,1.92
3.61,15,-2.06,0.0,2.72
3.61,16,-2.4,0.0,3.6
3.61,17,-0.99,0.0,4.01
3.61,18,0.53,0.0,4.16
3.61,19,1.94,0.0,3.86
3.61,20,3.23,0.0,3.19
3.62,1,-3.14,0.0,3.02
3.62,2,-1.77,0.0,3.48
3.62,3,-0.49,0.0,4.24
3.62,4,0.86,0.0,4.62
3.62,5,2.06,0.0,4.41
3.62,6,2.4,0.0,3.6
3.62,7,2.06,0.0,2.72
3.62,8,1.27,0.0,1.92
3.62,9,0.49,0.0,1.22
3.62,10,0.07,0.0,0.67
3.62,11,0.0,0.0,0.45
3.62,12,-0.07,0.0,0.67
3.62,13,-0.49,0.0,1.22
3.62,14,-1.27,0.0,1.92
3.62,15,-2.06,0.0,2.72
3.62,16,-2.4,0.0,3.6
3.62,17,-1.04,0.0,4.03
3.62,18,0.48,0.0,4.18
3.62,19,1.89,0.0,3.87
3.62,20,3.19,0.0,3.21
3.64,1,-3.09,0.0,3.03
3.64,2,-1.72,0.0,3.49
3.64,3,-0.44,0.0,4.26
3.64,4,0.91,0.0,4.64
3.64,5,2.06,0.0,4.41
3.64,6,2.4,0.0,3.6
3.64,7,2.06,0.0,2.72
3.64,8,1.27,0.0,1.92
3.64,9,0.49,0.0,1.22
3.64,10,0.07,0.0,0.67
3.64,11,0.0,0.0,0.45
3.64,12,-0.07,0.0,0.67
3.64,13,-0.49,0.0,1.22
3.64,14,-1.27,0.0,1.92
3.64,15,-2.06,0.0,2.72
3.64,16,-2.4,0.0,3.6
3.64,17,-1.08,0.0,4.04
3.64,18,0.43,0.0,4.2
3.64,19,1.85,0.0,3.89
3.64,20,3.14,0.0,3.22
3.65,1,-3.04,0.0,3.04
3.65,2,-1.68,0.0,3.51
3.65,3,-0.39,0.0,4.27
3.65,4,0.96,0.0,4.66
3.65,5,2.06,0.0,4.41
3.65,6,2.4,0.0,3.6
3.65,7,2.06,0.0,2.72
3.65,8,1.27,0.0,1.92
3.65,9,0.49,0.0,1.22
3.65,10,0.07,0.0,0.67
3.65,11,0.0,0.0,0.45
3.65,12,-0.07,0.0,0.67
3.65,13,-0.49,0.0,1.22
3.65,14,-1.27,0.0,1.92
3.65,15,-2.06,0.0,2.72
3.65,16,-2.4,0.0,3.6
3.65,17,-1.13,0.0,4.06
3.65,18,0.39,0.0,4.21
3.65,19,1.8,0.0,3.9
3.65,20,3.09,0.0,3.23
3.67,1,-2.99,0.0,3.05
3.67,2,-1.63,0.0,3.52
3.67,3,-0.35,0.0,4.29
3.67,4,1.0,0.0,4.68
3.67,5,2.06,0.0,4.41
3.67,6,2.4,0.0,3.6
3.67,7,2.06,0.0,2.72
3.67,8,1.27,0.0,1.92
3.67,9,0.49,0.0,1.22
3.67,10,0.07,0.0,0.67
3.67,11,0.0,0.0,0.45
3.67,12,-0.07,0.0,0.67
3.67,13,-0.49,0.0,1.22
3.67,14,-1.27,0.0,1.92
3.67,15,-2.06,0.0,2.72
3.67,16,-2.4,0.0,3.6
3.67,17,-1.18,0.0,4.08
3.67,18,0.34,0.0,4.23
3.67,19,1.75,0.0,3.92
3.67,20,3.04,0.0,3.24
3.68,1,-2.95,0.0,3.06
3.68,2,-1.58,0.0,3.54
3.68,3,-0.3,0.0,4.3
3.68,4,1.05,0.0,4.7
3.68,5,2.06,0.0,4.41
3.68,6,2.4,0.0,3.6
3.68,7,2.06,0.0,2.72
3.68,8,1.27,0.0,1.92
3.68,9,0.49,0.0,1.22
3.68,10,0.07,0.0,0.67
3.68,11,0.0,0.0,0.45
3.68,12,-0.07,0.0,0.67
3.68,13,-0.49,0.0,1.22
3.68,14,-1.27,0.0,1.92
3.68,15,-2.06,0.0,2.72
3.68,16,-2.4,0.0,3.6
3.68,17,-1.22,0.0,4.1
3.68,18,0.29,0.0,4.24
3.68,19,1.7,0.0,3.93
3.68,20,2.99,0.0,3.25
3.7,1,-2.9,0.0,3.07
3.7,2,-1.53,0.0,3.55
3.7,3,-0.25,0.0,4.32
3.7,4,1.1,0.0,4.71
3.7,5,2.06,0.0,4.41
3.7,6,2.4,0.0,3.6
3.7,7,2.06,0.0,2.72
3.7,8,1.27,0.0,1.92
3.7,9,0.49,0.0,1.22
3.7,10,0.07,0.0,0.67
3.7,11,0.0,0.0,0.45
3.7,12,-0.07,0.0,0.67
3.7,13,-0.49,0.0,1.22
3.7,14,-1.27,0.0,1.92
3.7,15,-2.06,0.0,2.72
3.7,16,-2.4,0.0,3.6
3.7,17,-1.27,0.0,4.11
3.7,18,0.24,0.0,4.26
3.7,19,1.65,0.0,3.94
3.7,20,2.94,0.0,3.27
3.72,1,-2.85,0.0,3.08
3.72,2,-1.48,0.0,3.56
3.72,3,-0.2,0.0,4.33
3.72,4,1.14,0.0,4.73
3.72,5,2.06,0.0,4.41
3.72,6,2.4,0.0,3.6
3.72,7,2.06,0.0,2.72
3.72,8,1.27,0.0,1.92
3.72,9,0.49,0.0,1.22
3.72,10,0.07,0.0,0.67
3.72,11,0.0,0.0,0.45
3.72,12,-0.07,0.0,0.67
3.72,13,-0.49,0.0,1.22
3.72,14,-1.27,0.0,1.92
3.72,15,-2.06,0.0,2.72
3.72,16,-2.4,0.0,3.6
3.72,17,-1.32,0.0,4.13
3.72,18,0.2,0.0,4.28
3.72,19,1.61,0.0,3.96
3.72,20,2.89,0.0,3.28
3.73,1,-2.8,0.0,3.1
3.73,2,-1.44,0.0,3.58
3.73,3,-0.16,0.0,4.35
3.73,4,1.19,0.0,4.75
3.73,5,2.06,0.0,4.41
3.73,6,2.4,0.0,3.6
3.73,7,2.06,0.0,2.72
3.73,8,1.27,0.0,1.92
3.73,9,0.49,0.0,1.22
3.73,10,0.07,0.0,0.67
3.73,11,0.0,0.0,0.45
3.73,12,-0.07,0.0,0.67
3.73,13,-0.49,0.0,1.22
3.73,14,-1.27,0.0,1.92
3.73,15,-2.06,0.0,2.72
3.73,16,-2.4,0.0,3.6
3.73,17,-1.36,0.0,4.15
3.73,18,0.15,0.0,4.29
3.73,19,1.56,0.0,3.97
3.73,20,2.85,0.0,3.29
3.75,1,-2.75,0.0,3.11
3.75,2,-1.39,0.0,3.59
3.75,3,-0.11,0.0,4.36
3.75,4,1.23,0.0,4.77
3.75,5,2.06,0.0,4.41
3.75,6,2.4,0.0,3.6
3.75,7,2.06,0.0,2.72
3.75,8,1.27,0.0,1.92
3.75,9,0.49,0.0,1.22
3.75,10,0.07,0.0,0.67
3.75,11,0.0,0.0,0.45
3.75,12,-0.07,0.0,0.67
3.75,13,-0.49,0.0,1.22
3.75,14,-1.27,0.0,1.92
3.75,15,-2.06,0.0,2.72
3.75,16,-2.4,0.0,3.6
3.75,17,-1.41,0.0,4.16
3.75,18,0.11,0.0,4.31
3.75,19,1.51,0.0,3.98
3.75,20,2.8,0.0,3.3
3.76,1,-2.7,0.0,3.12
3.76,2,-1.34,0.0,3.61
3.76,3,-0.07,0.0,4.38
3.76,4,1.27,0.0,4.78
3.76,5,2.06,0.0,4.41
3.76,6,2.4,0.0,3.6
3.76,7,2.06,0.0,2.72
3.76,8,1.27,0.0,1.92
3.76,9,0.49,0.0,1.22
3.76,10,0.07,0.0,0.67
3.76,11,0.0,0.0,0.45
3.76,12,-0.07,0.0,0.67
3.76,13,-0.49,0.0,1.22
3.76,14,-1.27,0.0,1.92
3.76,15,-2.06,0.0,2.72
3.76,16,-2.4,0.0,3.6
3.76,17,-1.46,0.0,4.18
3.76,18,0.07,0.0,4.32
3.76,19,1.46,0.0,4.0
3.76,20,2.75,0.0,3.31
3.78,1,-2.65,0.0,3.13
3.78,2,-1.29,0.0,3.62
3.78,3,-0.03,0.0,4.4
3.78,4,1.27,0.0,4.78
3.78,5,2.06,0.0,4.41
3.78,6,2.4,0.0,3.6
3.78,7,2.06,0.0,2.72
3.78,8,1.27,0.0,1.92
3.78,9,0.49,0.0,1.22
3.78,10,0.07,0.0,0.67
3.78,11,0.0,0.0,0.45
3.78,12,-0.07,0.0,0.67
3.78,13,-0.49,0.0,1.22
3.78,14,-1.27,0.0,1.92
3.78,15,-2.06,0.0,2.72
3.78,16,-2.4,0.0,3.6
3.78,17,-1.5,0.0,4.2
3.78,18,0.03,0.0,4.34
3.78,19,1.41,0.0,4.01
3.78,20,2.7,0.0,3.33
3.79,1,-2.6,0.0,3.14
3.79,2,-1.24,0.0,3.63
3.79,3,0.01,0.0,4.42
3.79,4,1.27,0.0,4.78
3.79,5,2.06,0.0,4.41
3.79,6,2.4,0.0,3.6
3.79,7,2.06,0.0,2.72
3.79,8,1.27,0.0,1.92
3.79,9,0.49,0.0,1.22
3.79,10,0.07,0.0,0.67
3.79,11,0.0,0.0,0.45
3.79,12,-0.07,0.0,0.67
3.79,13,-0.49,0.0,1.22
3.79,14,-1.27,0.0,1.92
3.79,15,-2.06,0.0,2.72
3.79,16,-2.4,0.0,3.6
3.79,17,-1.55,0.0,4.22
3.79,18,-0.01,0.0,4.34
3.79,19,1.37,0.0,4.03
3.79,20,2.65,0.0,3.34
3.81,1,-2.56,0.0,3.15
3.81,2,-1.2,0.0,3.65
3.81,3,0.06,0.0,4.45
3.81,4,1.27,0.0,4.78
3.81,5,2.06,0.0,4.41
3.81,6,2.4,0.0,3.6
3.81,7,2.06,0.0,2.72
3.81,8,1.27,0.0,1.92
3.81,9,0.49,0.0,1.22
3.81,10,0.07,0.0,0.67
3.81,11,0.0,0.0,0.45
3.81,12,-0.07,0.0,0.67
3.81,13,-0.49,0.0,1.22
3.81,14,-1.27,0.0,1.92
3.81,15,-2.06,0.0,2.72
3.81,16,-2.4,0.0,3.6
3.81,17,-1.6,0.0,4.23
3.81,18,-0.06,0.0,4.35
3.81,19,1.32,0.0,4.04
3.81,20,2.6,0.0,3.35
3.83,1,-2.51,0.0,3.16
3.83,2,-1.15,0.0,3.66
3.83,3,0.11,0.0,4.47
3.83,4,1.27,0.0,4.78
3.83,5,2.06,0.0,4.41
3.83,6,2.4,0.0,3.6
3.83,7,2.06,0.0,2.72
3.83,8,1.27,0.0,1.92
3.83,9,0.49,0.0,1.22
3.83,10,0.07,0.0,0.67
3.83,11,0.0,0.0,0.45
3.83,12,-0.07,0.0,0.67
3.83,13,-0.49,0.0,1.22
3.83,14,-1.27,0.0,1.92
3.83,15,-2.06,0.0,2.72
3.83,16,-2.4,0.0,3.6
3.83,17,-1.65,0.0,4.25
3.83,18,-0.12,0.0,4.36
3.83,19,1.27,0.0,4.05
3.83,20,2.56,0.0,3.36
3.84,1,-2.46,0.0,3.17
3.84,2,-1.1,0.0,3.68
3.84,3,0.17,0.0,4.48
3.84,4,1.27,0.0,4.78
3.84,5,2.06,0.0,4.41
3.84,6,2.4,0.0,3.6
3.84,7,2.06,0.0,2.72
3.84,8,1.27,0.0,1.92
3.84,9,0.49,0.0,1.22
3.84,10,0.07,0.0,0.67
3.84,11,0.0,0.0,0.45
3.84,12,-0.07,0.0,0.67
3.84,13,-0.49,0.0,1.22
3.84,14,-1.27,0.0,1.92
3.84,15,-2.06,0.0,2.72
3.84,16,-2.4,0.0,3.6
3.84,17,-1.69,0.0,4.27
3.84,18,-0.17,0.0,4.37
3.84,19,1.22,0.0,4.07
3.84,20,2.51,0.0,3.37
3.86,1,-2.41,0.0,3.19
3.86,2,-1.05,0.0,3.69
3.86,3,0.22,0.0,4.49
3.86,4,1.27,0.0,4.78
3.86,5,2.06,0.0,4.41
3.86,6,2.4,0.0,3.6
3.86,7,2.06,0.0,2.72
3.86,8,1.27,0.0,1.92
3.86,9,0.49,0.0,1.22
3.86,10,0.07,0.0,0.67
3.86,11,0.0,0.0,0.45
3.86,12,-0.07,0.0,0.67
3.86,13,-0.49,0.0,1.22
3.86,14,-1.27,0.0,1.92
3.86,15,-2.06,0.0,2.72
3.86,16,-2.4,0.0,3.6
3.86,17,-1.74,0.0,4.28
3.86,18,-0.22,0.0,4.39
3.86,19,1.17,0.0,4.08
3.86,20,2.47,0.0,3.38
3.87,1,-2.36,0.0,3.2
3.87,2,-1.0,0.0,3.71
3.87,3,0.27,0.0,4.5
3.87,4,1.27,0.0,4.78
3.87,5,2.06,0.0,4.41
3.87,6,2.4,0.0,3.6
3.87,7,2.06,0.0,2.72
3.87,8,1.27,0.0,1.92
3.87,9,0.49,0.0,1.22
3.87,10,0.07,0.0,0.67
3.87,11,0.0,0.0,0.45
3.87,12,-0.07,0.0,0.67
3.87,13,-0.49,0.0,1.22
3.87,14,-1.27,0.0,1.92
3.87,15,-2.06,0.0,2.72
3.87,16,-2.4,0.0,3.6
3.87,17,-1.79,0.0,4.3
3.87,18,-0.26,0.0,4.41
3.87,19,1.13,0.0,4.09
3.87,20,2.42,0.0,3.38
3.89,1,-2.31,0.0,3.21
3.89,2,-0.96,0.0,3.72
3.89,3,0.32,0.0,4.52
3.89,4,1.27,0.0,4.78
3.89,5,2.06,0.0,4.41
3.89,6,2.4,0.0,3.6
3.89,7,2.06,0.0,2.72
3.89,8,1.27,0.0,1.92
3.89,9,0.49,0.0,1.22
3.89,10,0.07,0.0,0.67
3.89,11,0.0,0.0,0.45
3.89,12,-0.07,0.0,0.67
3.89,13,-0.49,0.0,1.22
3.89,14,-1.27,0.0,1.92
3.89,15,-2.06,0.0,2.72
3.89,16,-2.4,0.0,3.6
3.89,17,-1.83,0.0,4.32
3.89,18,-0.31,0.0,4.42
3.89,19,1.08,0.0,4.11
3.89,20,2.37,0.0,3.39
3.9,1,-2.26,0.0,3.22
3.9,2,-0.91,0.0,3.73
3.9,3,0.36,0.0,4.53
3.9,4,1.27,0.0,4.78
3.9,5,2.06,0.0,4.41
3.9,6,2.4,0.0,3.6
3.9,7,2.06,0.0,2.72
3.9,8,1.27,0.0,1.92
3.9,9,0.49,0.0,1.22
3.9,10,0.07,0.0,0.67
3.9,11,0.0,0.0,0.45
3.9,12,-0.07,0.0,0.67
3.9,13,-0.49,0.0,1.22
3.9,14,-1.27,0.0,1.92
3.9,15,-2.06,0.0,2.72
3.9,16,-2.4,0.0,3.6
3.9,17,-1.88,0.0,4.34
3.9,18,-0.36,0.0,4.44
3.9,19,1.03,0.0,4.12
3.9,20,2.32,0.0,3.39
3.92,1,-2.22,0.0,3.23
3.92,2,-0.86,0.0,3.75
3.92,3,0.41,0.0,4.54
3.92,4,1.27,0.0,4.78
3.92,5,2.06,0.0,4.41
3.92,6,2.4,0.0,3.6
3.92,7,2.06,0.0,2.72
3.92,8,1.27,0.0,1.92
3.92,9,0.49,0.0,1.22
3.92,10,0.07,0.0,0.67
3.92,11,0.0,0.0,0.45
3.92,12,-0.07,0.0,0.67
3.92,13,-0.49,0.0,1.22
3.92,14,-1.27,0.0,1.92
3.92,15,-2.06,0.0,2.72
3.92,16,-2.4,0.0,3.6
3.92,17,-1.93,0.0,4.35
3.92,18,-0.4,0.0,4.46
3.92,19,0.98,0.0,4.13
3.92,20,2.27,0.0,3.4
3.94,1,-2.17,0.0,3.24
3.94,2,-0.81,0.0,3.76
3.94,3,0.46,0.0,4.55
3.94,4,1.27,0.0,4.78
3.94,5,2.06,0.0,4.41
3.94,6,2.4,0.0,3.6
3.94,7,2.06,0.0,2.72
3.94,8,1.27,0.0,1.92
3.94,9,0.49,0.0,1.22
3.94,10,0.07,0.0,0.67
3.94,11,0.0,0.0,0.45
3.94,12,-0.07,0.0,0.67
3.94,13,-0.49,0.0,1.22
3.94,14,-1.27,0.0,1.92
3.94,15,-2.06,0.0,2.72
3.94,16,-2.4,0.0,3.6
3.94,17,-1.97,0.0,4.37
3.94,18,-0.45,0.0,4.48
3.94,19,0.93,0.0,4.15
3.94,20,2.22,0.0,3.41
3.95,1,-2.12,0.0,3.25
3.95,2,-0.76,0.0,3.78
3.95,3,0.49,0.0,4.56
3.95,4,1.27,0.0,4.78
3.95,5,2.06,0.0,4.41
3.95,6,2.4,0.0,3.6
3.95,7,2.06,0.0,2.72
3.95,8,1.27,0.0,1.92
3.95,9,0.49,0.0,1.22
3.95,10,0.07,0.0,0.67
3.95,11,0.0,0.0,0.45
3.95,12,-0.07,0.0,0.67
3.95,13,-0.49,0.0,1.22
3.95,14,-1.27,0.0,1.92
3.95,15,-2.06,0.0,2.72
3.95,16,-2.4,0.0,3.6
3.95,17,-2.02,0.0,4.39
3.95,18,-0.5,0.0,4.49
3.95,19,0.89,0.0,4.16
3.95,20,2.17,0.0,3.41
3.97,1,-2.07,0.0,3.26
3.97,2,-0.72,0.0,3.79
3.97,3,0.49,0.0,4.56
3.97,4,1.27,0.0,4.78
3.97,5,2.06,0.0,4.41
3.97,6,2.4,0.0,3.6
3.97,7,2.06,0.0,2.72
3.97,8,1.27,0.0,1.92
3.97,9,0.49,0.0,1.22
3.97,10,0.07,0.0,0.67
3.97,11,0.0,0.0,0.45
3.97,12,-0.07,0.0,0.67
3.97,13,-0.49,0.0,1.22
3.97,14,-1.27,0.0,1.92
3.97,15,-2.06,0.0,2.72
3.97,16,-2.4,0.0,3.6
3.97,17,-2.06,0.0,4.41
3.97,18,-0.54,0.0,4.51
3.97,19,0.84,0.0,4.18
3.97,20,2.12,0.0,3.42
3.98,1,-2.02,0.0,3.28
3.98,2,-0.67,0.0,3.8
3.98,3,0.49,0.0,4.56
3.98,4,1.27,0.0,4.78
3.98,5,2.06,0.0,4.41
3.98,6,2.4,0.0,3.6
3.98,7,2.06,0.0,2.72
3.98,8,1.27,0.0,1.92
3.98,9,0.49,0.0,1.22
3.98,10,0.07,0.0,0.67
3.98,11,0.0,0.0,0.45
3.98,12,-0.07,0.0,0.67
3.98,13,-0.49,0.0,1.22
3.98,14,-1.27,0.0,1.92
3.98,15,-2.06,0.0,2.72
3.98,16,-2.4,0.0,3.6
3.98,17,-2.06,0.0,4.41
3.98,18,-0.59,0.0,4.53
3.98,19,0.79,0.0,4.19
3.98,20,2.07,0.0,3.44
4.0,1,-1.97,0.0,3.29
4.0,2,-0.62,0.0,3.82
4.0,3,0.49,0.0,4.56
4.0,4,1.27,0.0,4.78
4.0,5,2.06,0.0,4.41
4.0,6,2.4,0.0,3.6
4.0,7,2.06,0.0,2.72
4.0,8,1.27,0.0,1.92
4.0,9,0.49,0.0,1.22
4.0,10,0.07,0.0,0.67
4.0,11,0.0,0.0,0.45
4.0,12,-0.07,0.0,0.67
4.0,13,-0.49,0.0,1.22
4.0,14,-1.27,0.0,1.92
4.0,15,-2.06,0.0,2.72
4.0,16,-2.4,0.0,3.6
4.0,17,-2.06,0.0,4.41
4.0,18,-0.64,0.0,4.55
4.0,19,0.74,0.0,4.2
4.0,20,2.02,0.0,3.45
4.02,1,-1.92,0.0,3.3
4.02,2,-0.57,0.0,3.83
4.02,3,0.49,0.0,4.56
4.02,4,1.27,0.0,4.78
4.02,5,2.06,0.0,4.41
4.02,6,2.4,0.0,3.6
4.02,7,2.06,0.0,2.72
4.02,8,1.27,0.0,1.92
4.02,9,0.49,0.0,1.22
4.02,10,0.07,0.0,0.67
4.02,11,0.0,0.0,0.45
4.02,12,-0.07,0.0,0.67
4.02,13,-0.49,0.0,1.22
4.02,14,-1.27,0.0,1.92
4.02,15,-2.06,0.0,2.72
4.02,16,-2.4,0.0,3.6
4.02,17,-2.06,0.0,4.41
4.02,18,-0.68,0.0,4.56
4.02,19,0.69,0.0,4.22
4.02,20,1.97,0.0,3.46
4.03,1,-1.87,0.0,3.31
4.03,2,-0.52,0.0,3.85
4.03,3,0.49,0.0,4.56
4.03,4,1.27,0.0,4.78
4.03,5,2.06,0.0,4.41
4.03,6,2.4,0.0,3.6
4.03,7,2.06,0.0,2.72
4.03,8,1.27,0.0,1.92
4.03,9,0.49,0.0,1.22
4.03,10,0.07,0.0,0.67
4.03,11,0.0,0.0,0.45
4.03,12,-0.07,0.0,0.67
4.03,13,-0.49,0.0,1.22
4.03,14,-1.27,0.0,1.92
4.03,15,-2.06,0.0,2.72
4.03,16,-2.4,0.0,3.6
4.03,17,-2.06,0.0,4.41
4.03,18,-0.73,0.0,4.58
4.03,19,0.65,0.0,4.23
4.03,20,1.92,0.0,3.48
4.05,1,-1.83,0.0,3.32
4.05,2,-0.48,0.0,3.86
4.05,3,0.49,0.0,4.56
4.05,4,1.27,0.0,4.78
4.05,5,2.06,0.0,4.41
4.05,6,2.4,0.0,3.6
4.05,7,2.06,0.0,2.72
4.05,8,1.27,0.0,1.92
4.05,9,0.49,0.0,1.22
4.05,10,0.07,0.0,0.67
4.05,11,0.0,0.0,0.45
4.05,12,-0.07,0.0,0.67
4.05,13,-0.49,0.0,1.22
4.05,14,-1.27,0.0,1.92
4.05,15,-2.06,0.0,2.72
4.05,16,-2.4,0.0,3.6
4.05,17,-2.06,0.0,4.41
4.05,18,-0.78,0.0,4.6
4.05,19,0.6,0.0,4.24
4.05,20,1.87,0.0,3.49
4.06,1,-1.78,0.0,3.33
4.06,2,-0.43,0.0,3.88
4.06,3,0.49,0.0,4.56
4.06,4,1.27,0.0,4.78
4.06,5,2.06,0.0,4.41
4.06,6,2.4,0.0,3.6
4.06,7,2.06,0.0,2.72
4.06,8,1.27,0.0,1.92
4.06,9,0.49,0.0,1.22
4.06,10,0.07,0.0,0.67
4.06,11,0.0,0.0,0.45
4.06,12,-0.07,0.0,0.67
4.06,13,-0.49,0.0,1.22
4.06,14,-1.27,0.0,1.92
4.06,15,-2.06,0.0,2.72
4.06,16,-2.4,0.0,3.6
4.06,17,-2.06,0.0,4.41
4.06,18,-0.82,0.0,4.62
4.06,19,0.55,0.0,4.26
4.06,20,1.82,0.0,3.5
4.08,1,-1.73,0.0,3.34
4.08,2,-0.38,0.0,3.89
4.08,3,0.49,0.0,4.56
4.08,4,1.27,0.0,4.78
4.08,5,2.06,0.0,4.41
4.08,6,2.4,0.0,3.6
4.08,7,2.06,0.0,2.72
4.08,8,1.27,0.0,1.92
4.08,9,0.49,0.0,1.22
4.08,10,0.07,0.0,0.67
4.08,11,0.0,0.0,0.45
4.08,12,-0.07,0.0,0.67
4.08,13,-0.49,0.0,1.22
4.08,14,-1.27,0.0,1.92
4.08,15,-2.06,0.0,2.72
4.08,16,-2.4,0.0,3.6
4.08,17,-2.06,0.0,4.41
4.08,18,-0.87,0.0,4.63
4.08,19,0.5,0.0,4.27
4.08,20,1.78,0.0,3.51
4.09,1,-1.68,0.0,3.35
4.09,2,-0.33,0.0,3.9
4.09,3,0.49,0.0,4.56
4.09,4,1.27,0.0,4.78
4.09,5,2.06,0.0,4.41
4.09,6,2.4,0.0,3.6
4.09,7,2.06,0.0,2.72
4.09,8,1.27,0.0,1.92
4.09,9,0.49,0.0,1.22
4.09,10,0.07,0.0,0.67
4.09,11,0.0,0.0,0.45
4.09,12,-0.07,0.0,0.67
4.09,13,-0.49,0.0,1.22
4.09,14,-1.27,0.0,1.92
4.09,15,-2.06,0.0,2.72
4.09,16,-2.4,0.0,3.6
4.09,17,-2.06,0.0,4.41
4.09,18,-0.92,0.0,4.65
4.09,19,0.46,0.0,4.28
4.09,20,1.73,0.0,3.53
4.11,1,-1.63,0.0,3.37
4.11,2,-0.29,0.0,3.92
4.11,3,0.49,0.0,4.56
4.11,4,1.27,0.0,4.78
4.11,5,2.06,0.0,4.41
4.11,6,2.4,0.0,3.6
4.11,7,2.06,0.0,2.72
4.11,8,1.27,0.0,1.92
4.11,9,0.49,0.0,1.22
4.11,10,0.07,0.0,0.67
4.11,11,0.0,0.0,0.45
4.11,12,-0.07,0.0,0.67
4.11,13,-0.49,0.0,1.22
4.11,14,-1.27,0.0,1.92
4.11,15,-2.06,0.0,2.72
4.11,16,-2.4,0.0,3.6
4.11,17,-2.06,0.0,4.41
4.11,18,-0.96,0.0,4.67
4.11,19,0.41,0.0,4.29
4.11,20,1.68,0.0,3.54
4.13,1,-1.58,0.0,3.38
4.13,2,-0.24,0.0,3.93
4.13,3,0.49,0.0,4.56
4.13,4,1.27,0.0,4.78
4.13,5,2.06,0.0,4.41
4.13,6,2.4,0.0,3.6
4.13,7,2.06,0.0,2.72
4.13,8,1.27,0.0,1.92
4.13,9,0.49,0.0,1.22
4.13,10,0.07,0.0,0.67
4.13,11,0.0,0.0,0.45
4.13,12,-0.07,0.0,0.67
4.13,13,-0.49,0.0,1.22
4.13,14,-1.27,0.0,1.92
4.13,15,-2.06,0.0,2.72
4.13,16,-2.4,0.0,3.6
4.13,17,-2.06,0.0,4.41
4.13,18,-1.01,0.0,4.69
4.13,19,0.36,0.0,4.3
4.13,20,1.63,0.0,3.55
4.14,1,-1.53,0.0,3.39
4.14,2,-0.19,0.0,3.95
4.14,3,0.49,0.0,4.56
4.14,4,1.27,0.0,4.78
4.14,5,2.06,0.0,4.41
4.14,6,2.4,0.0,3.6
4.14,7,2.06,0.0,2.72
4.14,8,1.27,0.0,1.92
4.14,9,0.49,0.0,1.22
4.14,10,0.07,0.0,0.67
4.14,11,0.0,0.0,0.45
4.14,12,-0.07,0.0,0.67
4.14,13,-0.49,0.0,1.22
4.14,14,-1.27,0.0,1.92
4.14,15,-2.06,0.0,2.72
4.14,16,-2.4,0.0,3.6
4.14,17,-2.06,0.0,4.41
4.14,18,-1.06,0.0,4.7
4.14,19,0.31,0.0,4.31
4.14,20,1.58,0.0,3.57
4.16,1,-1.49,0.0,3.4
4.16,2,-0.14,0.0,3.96
4.16,3,0.49,0.0,4.56
4.16,4,1.27,0.0,4.78
4.16,5,2.06,0.0,4.41
4.16,6,2.4,0.0,3.6
4.16,7,2.06,0.0,2.72
4.16,8,1.27,0.0,1.92
4.16,9,0.49,0.0,1.22
4.16,10,0.07,0.0,0.67
4.16,11,0.0,0.0,0.45
4.16,12,-0.07,0.0,0.67
4.16,13,-0.49,0.0,1.22
4.16,14,-1.27,0.0,1.92
4.16,15,-2.06,0.0,2.72
4.16,16,-2.4,0.0,3.6
4.16,17,-2.06,0.0,4.41
4.16,18,-1.1,0.0,4.72
4.16,19,0.26,0.0,4.32
4.16,20,1.54,0.0,3.58
4.17,1,-1.44,0.0,3.41
4.17,2,-0.09,0.0,3.97
4.17,3,0.49,0.0,4.56
4.17,4,1.27,0.0,4.78
4.17,5,2.06,0.0,4.41
4.17,6,2.4,0.0,3.6
4.17,7,2.06,0.0,2.72
4.17,8,1.27,0.0,1.92
4.17,9,0.49,0.0,1.22
4.17,10,0.07,0.0,0.67
4.17,11,0.0,0.0,0.45
4.17,12,-0.07,0.0,0.67
4.17,13,-0.49,0.0,1.22
4.17,14,-1.27,0.0,1.92
4.17,15,-2.06,0.0,2.72
4.17,16,-2.4,0.0,3.6
4.17,17,-2.06,0.0,4.41
4.17,18,-1.15,0.0,4.74
4.17,19,0.21,0.0,4.33
4.17,20,1.49,0.0,3.59
4.19,1,-1.39,0.0,3.42
4.19,2,-0.05,0.0,3.99
4.19,3,0.49,0.0,4.56
4.19,4,1.27,0.0,4.78
4.19,5,2.06,0.0,4.41
4.19,6,2.4,0.0,3.6
4.19,7,2.06,0.0,2.72
4.19,8,1.27,0.0,1.92
4.19,9,0.49,0.0,1.22
4.19,10,0.07,0.0,0.67
4.19,11,0.0,0.0,0.45
4.19,12,-0.07,0.0,0.67
4.19,13,-0.49,0.0,1.22
4.19,14,-1.27,0.0,1.92
4.19,15,-2.06,0.0,2.72
4.19,16,-2.4,0.0,3.6
4.19,17,-2.06,0.0,4.41
4.19,18,-1.2,0.0,4.76
4.19,19,0.16,0.0,4.35
4.19,20,1.44,0.0,3.61
4.2,1,-1.34,0.0,3.43
4.2,2,0.0,0.0,4.0
4.2,3,0.49,0.0,4.56
4.2,4,1.27,0.0,4.78
4.2,5,2.06,0.0,4.41
4.2,6,2.4,0.0,3.6
4.2,7,2.06,0.0,2.72
4.2,8,1.27,0.0,1.92
4.2,9,0.49,0.0,1.22
4.2,10,0.07,0.0,0.67
4.2,11,0.0,0.0,0.45
4.2,12,-0.07,0.0,0.67
4.2,13,-0.49,0.0,1.22
4.2,14,-1.27,0.0,1.92
4.2,15,-2.06,0.0,2.72
4.2,16,-2.4,0.0,3.6
4.2,17,-2.06,0.0,4.41
4.2,18,-1.24,0.0,4.77
4.2,19,0.11,0.0,4.36
4.2,20,1.39,0.0,3.62
4.22,1,-1.29,0.0,3.44
4.22,2,0.05,0.0,4.02
4.22,3,0.49,0.0,4.56
4.22,4,1.27,0.0,4.78
4.22,5,2.06,0.0,4.41
4.22,6,2.4,0.0,3.6
4.22,7,2.06,0.0,2.72
4.22,8,1.27,0.0,1.92
4.22,9,0.49,0.0,1.22
4.22,10,0.07,0.0,0.67
4.22,11,0.0,0.0,0.45
4.22,12,-0.07,0.0,0.67
4.22,13,-0.49,0.0,1.22
4.22,14,-1.27,0.0,1.92
4.22,15,-2.06,0.0,2.72
4.22,16,-2.4,0.0,3.6
4.22,17,-2.06,0.0,4.41
4.22,18,-1.27,0.0,4.78
4.22,19,0.07,0.0,4.38
4.22,20,1.34,0.0,3.63
4.23,1,-1.24,0.0,3.46
4.23,2,0.07,0.0,4.03
4.23,3,0.49,0.0,4.56
4.23,4,1.27,0.0,4.78
4.23,5,2.06,0.0,4.41
4.23,6,2.4,0.0,3.6
4.23,7,2.06,0.0,2.72
4.23,8,1.27,0.0,1.92
4.23,9,0.49,0.0,1.22
4.23,10,0.07,0.0,0.67
4.23,11,0.0,0.0,0.45
4.23,12,-0.07,0.0,0.67
4.23,13,-0.49,0.0,1.22
4.23,14,-1.27,0.0,1.92
4.23,15,-2.06,0.0,2.72
4.23,16,-2.4,0.0,3.6
4.23,17,-2.06,0.0,4.41
4.23,18,-1.27,0.0,4.78
4.23,19,0.02,0.0,4.4
4.23,20,1.29,0.0,3.65
4.25,1,-1.19,0.0,3.47
4.25,2,0.07,0.0,4.03
4.25,3,0.49,0.0,4.56
4.25,4,1.27,0.0,4.78
4.25,5,2.06,0.0,4.41
4.25,6,2.4,0.0,3.6
4.25,7,2.06,0.0,2.72
4.25,8,1.27,0.0,1.92
4.25,9,0.49,0.0,1.22
4.25,10,0.07,0.0,0.67
4.25,11,0.0,0.0,0.45
4.25,12,-0.07,0.0,0.67
4.25,13,-0.49,0.0,1.22
4.25,14,-1.27,0.0,1.92
4.25,15,-2.06,0.0,2.72
4.25,16,-2.4,0.0,3.6
4.25,17,-2.06,0.0,4.41
4.25,18,-1.27,0.0,4.78
4.25,19,-0.03,0.0,4.41
4.25,20,1.25,0.0,3.66
4.27,1,-1.14,0.0,3.48
4.27,2,0.07,0.0,4.03
4.27,3,0.49,0.0,4.56
4.27,4,1.27,0.0,4.78
4.27,5,2.06,0.0,4.41
4.27,6,2.4,0.0,3.6
4.27,7,2.06,0.0,2.72
4.27,8,1.27,0.0,1.92
4.27,9,0.49,0.0,1.22
4.27,10,0.07,0.0,0.67
4.27,11,0.0,0.0,0.45
4.27,12,-0.07,0.0,0.67
4.27,13,-0.49,0.0,1.22
4.27,14,-1.27,0.0,1.92
4.27,15,-2.06,0.0,2.72
4.27,16,-2.4,0.0,3.6
4.27,17,-2.06,0.0,4.41
4.27,18,-1.27,0.0,4.78
4.27,19,-0.08,0.0,4.43
4.27,20,1.2,0.0,3.67
4.28,1,-1.1,0.0,3.49
4.28,2,0.07,0.0,4.03
4.28,3,0.49,0.0,4.56
4.28,4,1.27,0.0,4.78
4.28,5,2.06,0.0,4.41
4.28,6,2.4,0.0,3.6
4.28,7,2.06,0.0,2.72
4.28,8,1.27,0.0,1.92
4.28,9,0.49,0.0,1.22
4.28,10,0.07,0.0,0.67
4.28,11,0.0,0.0,0.45
4.28,12,-0.07,0.0,0.67
4.28,13,-0.49,0.0,1.22
4.28,14,-1.27,0.0,1.92
4.28,15,-2.06,0.0,2.72
4.28,16,-2.4,0.0,3.6
4.28,17,-2.06,0.0,4.41
4.28,18,-1.27,0.0,4.78
4.28,19,-0.12,0.0,4.44
4.28,20,1.15,0.0,3.69
4.3,1,-1.05,0.0,3.5
4.3,2,0.07,0.0,4.03
4.3,3,0.49,0.0,4.56
4.3,4,1.27,0.0,4.78
4.3,5,2.06,0.0,4.41
4.3,6,2.4,0.0,3.6
4.3,7,2.06,0.0,2.72
4.3,8,1.27,0.0,1.92
4.3,9,0.49,0.0,1.22
4.3,10,0.07,0.0,0.67
4.3,11,0.0,0.0,0.45
4.3,12,-0.07,0.0,0.67
4.3,13,-0.49,0.0,1.22
4.3,14,-1.27,0.0,1.92
4.3,15,-2.06,0.0,2.72
4.3,16,-2.4,0.0,3.6
4.3,17,-2.06,0.0,4.41
4.3,18,-1.27,0.0,4.78
4.3,19,-0.17,0.0,4.46
4.3,20,1.1,0.0,3.7
4.31,1,-1.0,0.0,3.51
4.31,2,0.07,0.0,4.03
4.31,3,0.49,0.0,4.56
4.31,4,1.27,0.0,4.78
4.31,5,2.06,0.0,4.41
4.31,6,2.4,0.0,3.6
4.31,7,2.06,0.0,2.72
4.31,8,1.27,0.0,1.92
4.31,9,0.49,0.0,1.22
4.31,10,0.07,0.0,0.67
4.31,11,0.0,0.0,0.45
4.31,12,-0.07,0.0,0.67
4.31,13,-0.49,0.0,1.22
4.31,14,-1.27,0.0,1.92
4.31,15,-2.06,0.0,2.72
4.31,16,-2.4,0.0,3.6
4.31,17,-2.06,0.0,4.41
4.31,18,-1.27,0.0,4.78
4.31,19,-0.22,0.0,4.47
4.31,20,1.05,0.0,3.71
4.33,1,-0.95,0.0,3.52
4.33,2,0.07,0.0,4.03
4.33,3,0.49,0.0,4.56
4.33,4,1.27,0.0,4.78
4.33,5,2.06,0.0,4.41
4.33,6,2.4,0.0,3.6
4.33,7,2.06,0.0,2.72
4.33,8,1.27,0.0,1.92
4.33,9,0.49,0.0,1.22
4.33,10,0.07,0.0,0.67
4.33,11,0.0,0.0,0.45
4.33,12,-0.07,0.0,0.67
4.33,13,-0.49,0.0,1.22
4.33,14,-1.27,0.0,1.92
4.33,15,-2.06,0.0,2.72
4.33,16,-2.4,0.0,3.6
4.33,17,-2.06,0.0,4.41
4.33,18,-1.27,0.0,4.78
4.33,19,-0.27,0.0,4.49
4.33,20,1.01,0.0,3.73
4.35,1,-0.9,0.0,3.54
4.35,2,0.07,0.0,4.03
4.35,3,0.49,0.0,4.56
4.35,4,1.27,0.0,4.78
4.35,5,2.06,0.0,4.41
4.35,6,2.4,0.0,3.6
4.35,7,2.06,0.0,2.72
4.35,8,1.27,0.0,1.92
4.35,9,0.49,0.0,1.22
4.35,10,0.07,0.0,0.67
4.35,11,0.0,0.0,0.45
4.35,12,-0.07,0.0,0.67
4.35,13,-0.49,0.0,1.22
4.35,14,-1.27,0.0,1.92
4.35,15,-2.06,0.0,2.72
4.35,16,-2.4,0.0,3.6
4.35,17,-2.06,0.0,4.41
4.35,18,-1.27,0.0,4.78
4.35,19,-0.31,0.0,4.5
4.35,20,0.96,0.0,3.74
4.36,1,-0.85,0.0,3.55
4.36,2,0.07,0.0,4.03
4.36,3,0.49,0.0,4.56
4.36,4,1.27,0.0,4.78
4.36,5,2.06,0.0,4.41
4.36,6,2.4,0.0,3.6
4.36,7,2.06,0.0,2.72
4.36,8,1.27,0.0,1.92
4.36,9,0.49,0.0,1.22
4.36,10,0.07,0.0,0.67
4.36,11,0.0,0.0,0.45
4.36,12,-0.07,0.0,0.67
4.36,13,-0.49,0.0,1.22
4.36,14,-1.27,0.0,1.92
4.36,15,-2.06,0.0,2.72
4.36,16,-2.4,0.0,3.6
4.36,17,-2.06,0.0,4.41
4.36,18,-1.27,0.0,4.78
4.36,19,-0.36,0.0,4.52
4.36,20,0.91,0.0,3.75
4.38,1,-0.8,0.0,3.56
4.38,2,0.07,0.0,4.03
4.38,3,0.49,0.0,4.56
4.38,4,1.27,0.0,4.78
4.38,5,2.06,0.0,4.41
4.38,6,2.4,0.0,3.6
4.38,7,2.06,0.0,2.72
4.38,8,1.27,0.0,1.92
4.38,9,0.49,0.0,1.22
4.38,10,0.07,0.0,0.67
4.38,11,0.0,0.0,0.45
4.38,12,-0.07,0.0,0.67
4.38,13,-0.49,0.0,1.22
4.38,14,-1.27,0.0,1.92
4.38,15,-2.06,0.0,2.72
4.38,16,-2.4,0.0,3.6
4.38,17,-2.06,0.0,4.41
4.38,18,-1.27,0.0,4.78
4.38,19,-0.41,0.0,4.53
4.38,20,0.86,0.0,3.77
4.39,1,-0.76,0.0,3.57
4.39,2,0.07,0.0,4.03
4.39,3,0.49,0.0,4.56
4.39,4,1.27,0.0,4.78
4.39,5,2.06,0.0,4.41
4.39,6,2.4,0.0,3.6
4.39,7,2.06,0.0,2.72
4.39,8,1.27,0.0,1.92
4.39,9,0.49,0.0,1.22
4.39,10,0.07,0.0,0.67
4.39,11,0.0,0.0,0.45
4.39,12,-0.07,0.0,0.67
4.39,13,-0.49,0.0,1.22
4.39,14,-1.27,0.0,1.92
4.39,15,-2.06,0.0,2.72
4.39,16,-2.4,0.0,3.6
4.39,17,-2.06,0.0,4.41
4.39,18,-1.27,0.0,4.78
4.39,19,-0.46,0.0,4.55
4.39,20,0.81,0.0,3.78
4.41,1,-0.71,0.0,3.58
4.41,2,0.07,0.0,4.03
4.41,3,0.49,0.0,4.56
4.41,4,1.27,0.0,4.78
4.41,5,2.06,0.0,4.41
4.41,6,2.4,0.0,3.6
4.41,7,2.06,0.0,2.72
4.41,8,1.27,0.0,1.92
4.41,9,0.49,0.0,1.22
4.41,10,0.07,0.0,0.67
4.41,11,0.0,0.0,0.45
4.41,12,-0.07,0.0,0.67
4.41,13,-0.49,0.0,1.22
4.41,14,-1.27,0.0,1.92
4.41,15,-2.06,0.0,2.72
4.41,16,-2.4,0.0,3.6
4.41,17,-2.06,0.0,4.41
4.41,18,-1.27,0.0,4.78
4.41,19,-0.49,0.0,4.56
4.41,20,0.76,0.0,3.79
4.42,1,-0.66,0.0,3.59
4.42,2,0.07,0.0,4.03
4.42,3,0.49,0.0,4.56
4.42,4,1.27,0.0,4.78
4.42,5,2.06,0.0,4.41
4.42,6,2.4,0.0,3.6
4.42,7,2.06,0.0,2.72
4.42,8,1.27,0.0,1.92
4.42,9,0.49,0.0,1.22
4.42,10,0.07,0.0,0.67
4.42,11,0.0,0.0,0.45
4.42,12,-0.07,0.0,0.67
4.42,13,-0.49,0.0,1.22
4.42,14,-1.27,0.0,1.92
4.42,15,-2.06,0.0,2.72
4.42,16,-2.4,0.0,3.6
4.42,17,-2.06,0.0,4.41
4.42,18,-1.27,0.0,4.78
4.42,19,-0.49,0.0,4.56
4.42,20,0.72,0.0,3.81
4.44,1,-0.61,0.0,3.6
4.44,2,0.07,0.0,4.03
4.44,3,0.49,0.0,4.56
4.44,4,1.27,0.0,4.78
4.44,5,2.06,0.0,4.41
4.44,6,2.4,0.0,3.6
4.44,7,2.06,0.0,2.72
4.44,8,1.27,0.0,1.92
4.44,9,0.49,0.0,1.22
4.44,10,0.07,0.0,0.67
4.44,11,0.0,0.0,0.45
4.44,12,-0.07,0.0,0.67
4.44,13,-0.49,0.0,1.22
4.44,14,-1.27,0.0,1.92
4.44,15,-2.06,0.0,2.72
4.44,16,-2.4,0.0,3.6
4.44,17,-2.06,0.0,4.41
4.44,18,-1.27,0.0,4.78
4.44,19,-0.49,0.0,4.56
4.44,20,0.67,0.0,3.82
4.46,1,-0.56,0.0,3.62
4.46,2,0.07,0.0,4.03
4.46,3,0.49,0.0,4.56
4.46,4,1.27,0.0,4.78
4.46,5,2.06,0.0,4.41
4.46,6,2.4,0.0,3.6
4.46,7,2.06,0.0,2.72
4.46,8,1.27,0.0,1.92
4.46,9,0.49,0.0,1.22
4.46,10,0.07,0.0,0.67
4.46,11,0.0,0.0,0.45
4.46,12,-0.07,0.0,0.67
4.46,13,-0.49,0.0,1.22
4.46,14,-1.27,0.0,1.92
4.46,15,-2.06,0.0,2.72
4.46,16,-2.4,0.0,3.6
4.46,17,-2.06,0.0,4.41
4.46,18,-1.27,0.0,4.78
4.46,19,-0.49,0.0,4.56
4.46,20,0.62,0.0,3.83
4.47,1,-0.51,0.0,3.63
4.47,2,0.07,0.0,4.03
4.47,3,0.49,0.0,4.56
4.47,4,1.27,0.0,4.78
4.47,5,2.06,0.0,4.41
4.47,6,2.4,0.0,3.6
4.47,7,2.06,0.0,2.72
4.47,8,1.27,0.0,1.92
4.47,9,0.49,0.0,1.22
4.47,10,0.07,0.0,0.67
4.47,11,0.0,0.0,0.45
4.47,12,-0.07,0.0,0.67
4.47,13,-0.49,0.0,1.22
4.47,14,-1.27,0.0,1.92
4.47,15,-2.06,0.0,2.72
4.47,16,-2.4,0.0,3.6
4.47,17,-2.06,0.0,4.41
4.47,18,-1.27,0.0,4.78
4.47,19,-0.49,0.0,4.56
4.47,20,0.57,0.0,3.85
4.49,1,-0.46,0.0,3.64
4.49,2,0.07,0.0,4.03
4.49,3,0.49,0.0,4.56
4.49,4,1.27,0.0,4.78
4.49,5,2.06,0.0,4.41
4.49,6,2.4,0.0,3.6
4.49,7,2.06,0.0,2.72
4.49,8,1.27,0.0,1.92
4.49,9,0.49,0.0,1.22
4.49,10,0.07,0.0,0.67
4.49,11,0.0,0.0,0.45
4.49,12,-0.07,0.0,0.67
4.49,13,-0.49,0.0,1.22
4.49,14,-1.27,0.0,1.92
4.49,15,-2.06,0.0,2.72
4.49,16,-2.4,0.0,3.6
4.49,17,-2.06,0.0,4.41
4.49,18,-1.27,0.0,4.78
4.49,19,-0.49,0.0,4.56
4.49,20,0.52,0.0,3.86
4.5,1,-0.41,0.0,3.65
4.5,2,0.07,0.0,4.03
4.5,3,0.49,0.0,4.56
4.5,4,1.27,0.0,4.78
4.5,5,2.06,0.0,4.41
4.5,6,2.4,0.0,3.6
4.5,7,2.06,0.0,2.72
4.5,8,1.27,0.0,1.92
4.5,9,0.49,0.0,1.22
4.5,10,0.07,0.0,0.67
4.5,11,0.0,0.0,0.45
4.5,12,-0.07,0.0,0.67
4.5,13,-0.49,0.0,1.22
4.5,14,-1.27,0.0,1.92
4.5,15,-2.06,0.0,2.72
4.5,16,-2.4,0.0,3.6
4.5,17,-2.06,0.0,4.41
4.5,18,-1.27,0.0,4.78
4.5,19,-0.49,0.0,4.56
4.5,20,0.48,0.0,3.87
4.52,1,-0.37,0.0,3.66
4.52,2,0.07,0.0,4.03
4.52,3,0.49,0.0,4.56
4.52,4,1.27,0.0,4.78
4.52,5,2.06,0.0,4.41
4.52,6,2.4,0.0,3.6
4.52,7,2.06,0.0,2.72
4.52,8,1.27,0.0,1.92
4.52,9,0.49,0.0,1.22
4.52,10,0.07,0.0,0.67
4.52,11,0.0,0.0,0.45
4.52,12,-0.07,0.0,0.67
4.52,13,-0.49,0.0,1.22
4.52,14,-1.27,0.0,1.92
4.52,15,-2.06,0.0,2.72
4.52,16,-2.4,0.0,3.6
4.52,17,-2.06,0.0,4.41
4.52,18,-1.27,0.0,4.78
4.52,19,-0.49,0.0,4.56
4.52,20,0.43,0.0,3.89
4.53,1,-0.32,0.0,3.67
4.53,2,0.07,0.0,4.03
4.53,3,0.49,0.0,4.56
4.53,4,1.27,0.0,4.78
4.53,5,2.06,0.0,4.41
4.53,6,2.4,0.0,3.6
4.53,7,2.06,0.0,2.72
4.53,8,1.27,0.0,1.92
4.53,9,0.49,0.0,1.22
4.53,10,0.07,0.0,0.67
4.53,11,0.0,0.0,0.45
4.53,12,-0.07,0.0,0.67
4.53,13,-0.49,0.0,1.22
4.53,14,-1.27,0.0,1.92
4.53,15,-2.06,0.0,2.72
4.53,16,-2.4,0.0,3.6
4.53,17,-2.06,0.0,4.41
4.53,18,-1.27,0.0,4.78
4.53,19,-0.49,0.0,4.56
4.53,20,0.38,0.0,3.9
4.55,1,-0.27,0.0,3.68
4.55,2,0.07,0.0,4.03
4.55,3,0.49,0.0,4.56
4.55,4,1.27,0.0,4.78
4.55,5,2.06,0.0,4.41
4.55,6,2.4,0.0,3.6
4.55,7,2.06,0.0,2.72
4.55,8,1.27,0.0,1.92
4.55,9,0.49,0.0,1.22
4.55,10,0.07,0.0,0.67
4.55,11,0.0,0.0,0.45
4.55,12,-0.07,0.0,0.67
4.55,13,-0.49,0.0,1.22
4.55,14,-1.27,0.0,1.92
4.55,15,-2.06,0.0,2.72
4.55,16,-2.4,0.0,3.6
4.55,17,-2.06,0.0,4.41
4.55,18,-1.27,0.0,4.78
4.55,19,-0.49,0.0,4.56
4.55,20,0.33,0.0,3.91
4.57,1,-0.22,0.0,3.7
4.57,2,0.07,0.0,4.03
4.57,3,0.49,0.0,4.56
4.57,4,1.27,0.0,4.78
4.57,5,2.06,0.0,4.41
4.57,6,2.4,0.0,3.6
4.57,7,2.06,0.0,2.72
4.57,8,1.27,0.0,1.92
4.57,9,0.49,0.0,1.22
4.57,10,0.07,0.0,0.67
4.57,11,0.0,0.0,0.45
4.57,12,-0.07,0.0,0.67
4.57,13,-0.49,0.0,1.22
4.57,14,-1.27,0.0,1.92
4.57,15,-2.06,0.0,2.72
4.57,16,-2.4,0.0,3.6
4.57,17,-2.06,0.0,4.41
4.57,18,-1.27,0.0,4.78
4.57,19,-0.49,0.0,4.56
4.57,20,0.29,0.0,3.92
4.58,1,-0.17,0.0,3.71
4.58,2,0.07,0.0,4.03
4.58,3,0.49,0.0,4.56
4.58,4,1.27,0.0,4.78
4.58,5,2.06,0.0,4.41
4.58,6,2.4,0.0,3.6
4.58,7,2.06,0.0,2.72
4.58,8,1.27,0.0,1.92
4.58,9,0.49,0.0,1.22
4.58,10,0.07,0.0,0.67
4.58,11,0.0,0.0,0.45
4.58,12,-0.07,0.0,0.67
4.58,13,-0.49,0.0,1.22
4.58,14,-1.27,0.0,1.92
4.58,15,-2.06,0.0,2.72
4.58,16,-2.4,0.0,3.6
4.58,17,-2.06,0.0,4.41
4.58,18,-1.27,0.0,4.78
4.58,19,-0.49,0.0,4.56
4.58,20,0.25,0.0,3.93
4.6,1,-0.12,0.0,3.72
4.6,2,0.07,0.0,4.03
4.6,3,0.49,0.0,4.56
4.6,4,1.27,0.0,4.78
4.6,5,2.06,0.0,4.41
4.6,6,2.4,0.0,3.6
4.6,7,2.06,0.0,2.72
4.6,8,1.27,0.0,1.92
4.6,9,0.49,0.0,1.22
4.6,10,0.07,0.0,0.67
4.6,11,0.0,0.0,0.45
4.6,12,-0.07,0.0,0.67
4.6,13,-0.49,0.0,1.22
4.6,14,-1.27,0.0,1.92
4.6,15,-2.06,0.0,2.72
4.6,16,-2.4,0.0,3.6
4.6,17,-2.06,0.0,4.41
4.6,18,-1.27,0.0,4.78
4.6,19,-0.49,0.0,4.56
4.6,20,0.21,0.0,3.94
4.61,1,-0.08,0.0,3.73
4.61,2,0.07,0.0,4.03
4.61,3,0.49,0.0,4.56
4.61,4,1.27,0.0,4.78
4.61,5,2.06,0.0,4.41
4.61,6,2.4,0.0,3.6
4.61,7,2.06,0.0,2.72
4.61,8,1.27,0.0,1.92
4.61,9,0.49,0.0,1.22
4.61,10,0.07,0.0,0.67
4.61,11,0.0,0.0,0.45
4.61,12,-0.07,0.0,0.67
4.61,13,-0.49,0.0,1.22
4.61,14,-1.27,0.0,1.92
4.61,15,-2.06,0.0,2.72
4.61,16,-2.4,0.0,3.6
4.61,17,-2.06,0.0,4.41
4.61,18,-1.27,0.0,4.78
4.61,19,-0.49,0.0,4.56
4.61,20,0.17,0.0,3.95
4.63,1,-0.03,0.0,3.74
4.63,2,0.07,0.0,4.03
4.63,3,0.49,0.0,4.56
4.63,4,1.27,0.0,4.78
4.63,5,2.06,0.0,4.41
4.63,6,2.4,0.0,3.6
4.63,7,2.06,0.0,2.72
4.63,8,1.27,0.0,1.92
4.63,9,0.49,0.0,1.22
4.63,10,0.07,0.0,0.67
4.63,11,0.0,0.0,0.45
4.63,12,-0.07,0.0,0.67
4.63,13,-0.49,0.0,1.22
4.63,14,-1.27,0.0,1.92
4.63,15,-2.06,0.0,2.72
4.63,16,-2.4,0.0,3.6
4.63,17,-2.06,0.0,4.41
4.63,18,-1.27,0.0,4.78
4.63,19,-0.49,0.0,4.56
4.63,20,0.13,0.0,3.96
4.64,1,0.0,0.0,3.75
4.64,2,0.07,0.0,4.03
4.64,3,0.49,0.0,4.56
4.64,4,1.27,0.0,4.78
4.64,5,2.06,0.0,4.41
4.64,6,2.4,0.0,3.6
4.64,7,2.06,0.0,2.72
4.64,8,1.27,0.0,1.92
4.64,9,0.49,0.0,1.22
4.64,10,0.07,0.0,0.67
4.64,11,0.0,0.0,0.45
4.64,12,-0.07,0.0,0.67
4.64,13,-0.49,0.0,1.22
4.64,14,-1.27,0.0,1.92
4.64,15,-2.06,0.0,2.72
4.64,16,-2.4,0.0,3.6
4.64,17,-2.06,0.0,4.41
4.64,18,-1.27,0.0,4.78
4.64,19,-0.49,0.0,4.56
4.64,20,0.09,0.0,3.97
4.66,1,0.0,0.0,3.75
4.66,2,0.07,0.0,4.03
4.66,3,0.49,0.0,4.56
4.66,4,1.27,0.0,4.78
4.66,5,2.06,0.0,4.41
4.66,6,2.4,0.0,3.6
4.66,7,2.06,0.0,2.72
4.66,8,1.27,0.0,1.92
4.66,9,0.49,0.0,1.22
4.66,10,0.07,0.0,0.67
4.66,11,0.0,0.0,0.45
4.66,12,-0.07,0.0,0.67
4.66,13,-0.49,0.0,1.22
4.66,14,-1.27,0.0,1.92
4.66,15,-2.06,0.0,2.72
4.66,16,-2.4,0.0,3.6
4.66,17,-2.06,0.0,4.41
4.66,18,-1.27,0.0,4.78
4.66,19,-0.49,0.0,4.56
4.66,20,0.05,0.0,3.98
4.68,1,0.0,0.0,3.75
4.68,2,0.07,0.0,4.03
4.68,3,0.49,0.0,4.56
4.68,4,1.27,0.0,4.78
4.68,5,2.06,0.0,4.41
4.68,6,2.4,0.0,3.6
4.68,7,2.06,0.0,2.72
4.68,8,1.27,0.0,1.92
4.68,9,0.49,0.0,1.22
4.68,10,0.07,0.0,0.67
4.68,11,0.0,0.0,0.45
4.68,12,-0.07,0.0,0.67
4.68,13,-0.49,0.0,1.22
4.68,14,-1.27,0.0,1.92
4.68,15,-2.06,0.0,2.72
4.68,16,-2.4,0.0,3.6
4.68,17,-2.06,0.0,4.41
4.68,18,-1.27,0.0,4.78
4.68,19,-0.49,0.0,4.56
4.68,20,0.0,0.0,4.0
4.69,1,0.0,0.0,3.75
4.69,2,0.07,0.0,4.03
4.69,3,0.49,0.0,4.56
4.69,4,1.27,0.0,4.78
4.69,5,2.06,0.0,4.41
4.69,6,2.4,0.0,3.6
4.69,7,2.06,0.0,2.72
4.69,8,1.27,0.0,1.92
4.69,9,0.49,0.0,1.22
4.69,10,0.07,0.0,0.67
4.69,11,0.0,0.0,0.45
4.69,12,-0.07,0.0,0.67
4.69,13,-0.49,0.0,1.22
4.69,14,-1.27,0.0,1.92
4.69,15,-2.06,0.0,2.72
4.69,16,-2.4,0.0,3.6
4.69,17,-2.06,0.0,4.41
4.69,18,-1.27,0.0,4.78
4.69,19,-0.49,0.0,4.56
4.69,20,-0.05,0.0,4.02
4.71,1,-0.05,0.0,3.74
4.71,2,0.04,0.0,4.0
4.71,3,0.47,0.0,4.51
4.71,4,1.25,0.0,4.74
4.71,5,2.04,0.0,4.36
4.71,6,2.35,0.0,3.59
4.71,7,2.05,0.0,2.76
4.71,8,1.27,0.0,1.97
4.71,9,0.5,0.0,1.27
4.71,10,0.09,0.0,0.72
4.71,11,0.01,0.0,0.49
4.71,12,-0.07,0.0,0.72
4.71,13,-0.48,0.0,1.27
4.71,14,-1.27,0.0,1.97
4.71,15,-2.06,0.0,2.76
4.71,16,-2.39,0.0,3.65
4.71,17,-2.05,0.0,4.45
4.71,18,-1.31,0.0,4.82
4.71,19,-0.54,0.0,4.55
4.71,20,-0.11,0.0,4.0
4.72,1,-0.1,0.0,3.72
4.72,2,0.01,0.0,3.98
4.72,3,0.45,0.0,4.47
4.72,4,1.23,0.0,4.69
4.72,5,2.01,0.0,4.32
4.72,6,2.3,0.0,3.59
4.72,7,2.03,0.0,2.81
4.72,8,1.28,0.0,2.02
4.72,9,0.51,0.0,1.32
4.72,10,0.11,0.0,0.77
4.72,11,0.02,0.0,0.53
4.72,12,-0.08,0.0,0.77
4.72,13,-0.48,0.0,1.32
4.72,14,-1.26,0.0,2.02
4.72,15,-2.05,0.0,2.81
4.72,16,-2.37,0.0,3.7
4.72,17,-2.03,0.0,4.5
4.72,18,-1.34,0.0,4.85
4.72,19,-0.58,0.0,4.53
4.72,20,-0.17,0.0,3.99
4.74,1,-0.15,0.0,3.71
4.74,2,-0.03,0.0,3.95
4.74,3,0.42,0.0,4.42
4.74,4,1.21,0.0,4.65
4.74,5,1.99,0.0,4.28
4.74,6,2.25,0.0,3.58
4.74,7,2.01,0.0,2.86
4.74,8,1.28,0.0,2.07
4.74,9,0.52,0.0,1.37
4.74,10,0.13,0.0,0.82
4.74,11,0.04,0.0,0.58
4.74,12,-0.08,0.0,0.83
4.74,13,-0.47,0.0,1.37
4.74,14,-1.25,0.0,2.07
4.74,15,-2.04,0.0,2.86
4.74,16,-2.36,0.0,3.74
4.74,17,-2.01,0.0,4.54
4.74,18,-1.38,0.0,4.89
4.74,19,-0.63,0.0,4.52
4.74,20,-0.22,0.0,3.97
4.75,1,-0.2,0.0,3.7
4.75,2,-0.06,0.0,3.93
4.75,3,0.4,0.0,4.38
4.75,4,1.2,0.0,4.6
4.75,5,1.96,0.0,4.24
4.75,6,2.2,0.0,3.58
4.75,7,2.0,0.0,2.9
4.75,8,1.29,0.0,2.12
4.75,9,0.53,0.0,1.41
4.75,10,0.15,0.0,0.88
4.75,11,0.05,0.0,0.62
4.75,12,-0.08,0.0,0.88
4.75,13,-0.47,0.0,1.42
4.75,14,-1.25,0.0,2.12
4.75,15,-2.04,0.0,2.91
4.75,16,-2.34,0.0,3.79
4.75,17,-1.99,0.0,4.59
4.75,18,-1.42,0.0,4.92
4.75,19,-0.68,0.0,4.5
4.75,20,-0.28,0.0,3.96
4.77,1,-0.25,0.0,3.68
4.77,2,-0.1,0.0,3.9
4.77,3,0.38,0.0,4.33
4.77,4,1.18,0.0,4.55
4.77,5,1.93,0.0,4.19
4.77,6,2.15,0.0,3.57
4.77,7,1.98,0.0,2.95
4.77,8,1.29,0.0,2.17
4.77,9,0.54,0.0,1.46
4.77,10,0.17,0.0,0.93
4.77,11,0.06,0.0,0.66
4.77,12,-0.08,0.0,0.93
4.77,13,-0.46,0.0,1.47
4.77,14,-1.24,0.0,2.17
4.77,15,-2.03,0.0,2.96
4.77,16,-2.33,0.0,3.84
4.77,17,-1.97,0.0,4.64
4.77,18,-1.45,0.0,4.96
4.77,19,-0.73,0.0,4.49
4.77,20,-0.33,0.0,3.95
4.78,1,-0.3,0.0,3.67
4.78,2,-0.13,0.0,3.88
4.78,3,0.36,0.0,4.29
4.78,4,1.16,0.0,4.51
4.78,5,1.91,0.0,4.15
4.78,6,2.1,0.0,3.57
4.78,7,1.96,0.0,3.0
4.78,8,1.29,0.0,2.22
4.78,9,0.55,0.0,1.51
4.78,10,0.19,0.0,0.98
4.78,11,0.07,0.0,0.71
4.78,12,-0.08,0.0,0.98
4.78,13,-0.46,0.0,1.52
4.78,14,-1.24,0.0,2.22
4.78,15,-2.02,0.0,3.01
4.78,16,-2.31,0.0,3.89
4.78,17,-1.95,0.0,4.68
4.78,18,-1.49,0.0,4.99
4.78,19,-0.77,0.0,4.47
4.78,20,-0.38,0.0,3.93
4.8,1,-0.35,0.0,3.66
4.8,2,-0.17,0.0,3.85
4.8,3,0.34,0.0,4.24
4.8,4,1.14,0.0,4.46
4.8,5,1.88,0.0,4.11
4.8,6,2.05,0.0,3.56
4.8,7,1.94,0.0,3.04
4.8,8,1.3,0.0,2.27
4.8,9,0.56,0.0,1.56
4.8,10,0.21,0.0,1.03
4.8,11,0.08,0.0,0.75
4.8,12,-0.07,0.0,1.03
4.8,13,-0.46,0.0,1.57
4.8,14,-1.23,0.0,2.27
4.8,15,-2.01,0.0,3.06
4.8,16,-2.3,0.0,3.93
4.8,17,-1.93,0.0,4.73
4.8,18,-1.5,0.0,5.0
4.8,19,-0.82,0.0,4.46
4.8,20,-0.44,0.0,3.92
4.82,1,-0.4,0.0,3.65
4.82,2,-0.2,0.0,3.83
4.82,3,0.32,0.0,4.2
4.82,4,1.12,0.0,4.41
4.82,5,1.85,0.0,4.06
4.82,6,2.0,0.0,3.55
4.82,7,1.93,0.0,3.09
4.82,8,1.3,0.0,2.32
4.82,9,0.57,0.0,1.61
4.82,10,0.22,0.0,1.08
4.82,11,0.09,0.0,0.8
4.82,12,-0.07,0.0,1.08
4.82,13,-0.45,0.0,1.62
4.82,14,-1.23,0.0,2.32
4.82,15,-2.01,0.0,3.11
4.82,16,-2.28,0.0,3.98
4.82,17,-1.91,0.0,4.77
4.82,18,-1.5,0.0,5.0
4.82,19,-0.87,0.0,4.44
4.82,20,-0.49,0.0,3.9
4.83,1,-0.45,0.0,3.63
4.83,2,-0.24,0.0,3.81
4.83,3,0.3,0.0,4.15
4.83,4,1.1,0.0,4.37
4.83,5,1.83,0.0,4.02
4.83,6,1.95,0.0,3.55
4.83,7,1.91,0.0,3.14
4.83,8,1.3,0.0,2.37
4.83,9,0.59,0.0,1.66
4.83,10,0.24,0.0,1.13
4.83,11,0.1,0.0,0.84
4.83,12,-0.07,0.0,1.13
4.83,13,-0.45,0.0,1.67
4.83,14,-1.22,0.0,2.37
4.83,15,-2.0,0.0,3.16
4.83,16,-2.27,0.0,4.03
4.83,17,-1.89,0.0,4.82
4.83,18,-1.5,0.0,5.0
4.83,19,-0.92,0.0,4.43
4.83,20,-0.54,0.0,3.89
4.85,1,-0.5,0.0,3.62
4.85,2,-0.28,0.0,3.78
4.85,3,0.28,0.0,4.1
4.85,4,1.08,0.0,4.32
4.85,5,1.8,0.0,3.98
4.85,6,1.9,0.0,3.54
4.85,7,1.89,0.0,3.18
4.85,8,1.31,0.0,2.42
4.85,9,0.6,0.0,1.71
4.85,10,0.26,0.0,1.18
4.85,11,0.12,0.0,0.89
4.85,12,-0.06,0.0,1.18
4.85,13,-0.44,0.0,1.72
4.85,14,-1.21,0.0,2.42
4.85,15,-1.99,0.0,3.21
4.85,16,-2.25,0.0,4.08
4.85,17,-1.87,0.0,4.87
4.85,18,-1.5,0.0,5.0
4.85,19,-0.97,0.0,4.41
4.85,20,-0.58,0.0,3.87
4.86,1,-0.56,0.0,3.61
4.86,2,-0.32,0.0,3.76
4.86,3,0.26,0.0,4.06
4.86,4,1.06,0.0,4.27
4.86,5,1.77,0.0,3.94
4.86,6,1.85,0.0,3.54
4.86,7,1.87,0.0,3.23
4.86,8,1.31,0.0,2.47
4.86,9,0.61,0.0,1.75
4.86,10,0.27,0.0,1.23
4.86,11,0.13,0.0,0.93
4.86,12,-0.06,0.0,1.23
4.86,13,-0.44,0.0,1.77
4.86,14,-1.21,0.0,2.47
4.86,15,-1.98,0.0,3.26
4.86,16,-2.24,0.0,4.12
4.86,17,-1.85,0.0,4.91
4.86,18,-1.5,0.0,5.0
4.86,19,-1.01,0.0,4.4
4.86,20,-0.63,0.0,3.86
4.88,1,-0.61,0.0,3.6
4.88,2,-0.36,0.0,3.73
4.88,3,0.24,0.0,4.01
4.88,4,1.05,0.0,4.23
4.88,5,1.75,0.0,3.89
4.88,6,1.8,0.0,3.54
4.88,7,1.86,0.0,3.27
4.88,8,1.32,0.0,2.52
4.88,9,0.62,0.0,1.8
4.88,10,0.28,0.0,1.28
4.88,11,0.14,0.0,0.98
4.88,12,-0.05,0.0,1.28
4.88,13,-0.43,0.0,1.81
4.88,14,-1.2,0.0,2.52
4.88,15,-1.98,0.0,3.31
4.88,16,-2.22,0.0,4.17
4.88,17,-1.83,0.0,4.96
4.88,18,-1.5,0.0,5.0
4.88,19,-1.06,0.0,4.38
4.88,20,-0.68,0.0,3.84
4.89,1,-0.66,0.0,3.59
4.89,2,-0.4,0.0,3.71
4.89,3,0.22,0.0,3.97
4.89,4,1.03,0.0,4.18
4.89,5,1.72,0.0,3.86
4.89,6,1.75,0.0,3.53
4.89,7,1.84,0.0,3.31
4.89,8,1.32,0.0,2.57
4.89,9,0.63,0.0,1.85
4.89,10,0.3,0.0,1.33
4.89,11,0.15,0.0,1.02
4.89,12,-0.05,0.0,1.33
4.89,13,-0.43,0.0,1.86
4.89,14,-1.2,0.0,2.57
4.89,15,-1.97,0.0,3.36
4.89,16,-2.21,0.0,4.22
4.89,17,-1.82,0.0,5.0
4.89,18,-1.5,0.0,5.0
4.89,19,-1.11,0.0,4.37
4.89,20,-0.73,0.0,3.83
4.91,1,-0.71,0.0,3.57
4.91,2,-0.43,0.0,3.68
4.91,3,0.19,0.0,3.92
4.91,4,1.01,0.0,4.13
4.91,5,1.69,0.0,3.82
4.91,6,1.7,0.0,3.53
4.91,7,1.83,0.0,3.35
4.91,8,1.32,0.0,2.62
4.91,9,0.64,0.0,1.9
4.91,10,0.31,0.0,1.38
4.91,11,0.16,0.0,1.07
4.91,12,-0.04,0.0,1.38
4.91,13,-0.42,0.0,1.91
4.91,14,-1.19,0.0,2.61
4.91,15,-1.96,0.0,3.41
4.91,16,-2.19,0.0,4.27
4.91,17,-1.8,0.0,5.05
4.91,18,-1.5,0.0,5.0
4.91,19,-1.16,0.0,4.35
4.91,20,-0.78,0.0,3.81
4.93,1,-0.76,0.0,3.56
4.93,2,-0.47,0.0,3.66
4.93,3,0.17,0.0,3.88
4.93,4,0.99,0.0,4.09
4.93,5,1.67,0.0,3.79
4.93,6,1.65,0.0,3.52
4.93,7,1.82,0.0,3.38
4.93,8,1.33,0.0,2.67
4.93,9,0.65,0.0,1.95
4.93,10,0.33,0.0,1.43
4.93,11,0.17,0.0,1.12
4.93,12,-0.04,0.0,1.43
4.93,13,-0.42,0.0,1.96
4.93,14,-1.19,0.0,2.66
4.93,15,-1.95,0.0,3.45
4.93,16,-2.18,0.0,4.31
4.93,17,-1.78,0.0,5.09
4.93,18,-1.5,0.0,5.0
4.93,19,-1.2,0.0,4.34
4.93,20,-0.83,0.0,3.8
4.94,1,-0.81,0.0,3.55
4.94,2,-0.51,0.0,3.64
4.94,3,0.15,0.0,3.83
4.94,4,0.97,0.0,4.04
4.94,5,1.64,0.0,3.75
4.94,6,1.59,0.0,3.51
4.94,7,1.81,0.0,3.42
4.94,8,1.33,0.0,2.72
4.94,9,0.66,0.0,2.0
4.94,10,0.34,0.0,1.48
4.94,11,0.19,0.0,1.16
4.94,12,-0.03,0.0,1.48
4.94,13,-0.41,0.0,2.01
4.94,14,-1.18,0.0,2.71
4.94,15,-1.95,0.0,3.5
4.94,16,-2.16,0.0,4.36
4.94,17,-1.77,0.0,5.14
4.94,18,-1.5,0.0,5.0
4.94,19,-1.25,0.0,4.32
4.94,20,-0.88,0.0,3.78
4.96,1,-0.86,0.0,3.54
4.96,2,-0.55,0.0,3.61
4.96,3,0.13,0.0,3.78
4.96,4,0.95,0.0,3.99
4.96,5,1.62,0.0,3.72
4.96,6,1.54,0.0,3.5
4.96,7,1.8,0.0,3.46
4.96,8,1.33,0.0,2.77
4.96,9,0.67,0.0,2.05
4.96,10,0.35,0.0,1.53
4.96,11,0.2,0.0,1.21
4.96,12,-0.02,0.0,1.53
4.96,13,-0.41,0.0,2.06
4.96,14,-1.17,0.0,2.76
4.96,15,-1.94,0.0,3.55
4.96,16,-2.15,0.0,4.41
4.96,17,-1.75,0.0,5.19
4.96,18,-1.5,0.0,5.0
4.96,19,-1.3,0.0,4.31
4.96,20,-0.93,0.0,3.77
4.97,1,-0.91,0.0,3.53
4.97,2,-0.59,0.0,3.59
4.97,3,0.11,0.0,3.74
4.97,4,0.93,0.0,3.95
4.97,5,1.59,0.0,3.68
4.97,6,1.5,0.0,3.5
4.97,7,1.78,0.0,3.51
4.97,8,1.34,0.0,2.82
4.97,9,0.68,0.0,2.09
4.97,10,0.36,0.0,1.58
4.97,11,0.21,0.0,1.26
4.97,12,-0.02,0.0,1.58
4.97,13,-0.4,0.0,2.11
4.97,14,-1.17,0.0,2.81
4.97,15,-1.93,0.0,3.6
4.97,16,-2.13,0.0,4.46
4.97,17,-1.73,0.0,5.24
4.97,18,-1.5,0.0,5.0
4.97,19,-1.35,0.0,4.3
4.97,20,-0.98,0.0,3.75
4.99,1,-0.96,0.0,3.52
4.99,2,-0.63,0.0,3.56
4.99,3,0.09,0.0,3.69
4.99,4,0.91,0.0,3.9
4.99,5,1.57,0.0,3.64
4.99,6,1.5,0.0,3.5
4.99,7,1.77,0.0,3.55
4.99,8,1.34,0.0,2.87
4.99,9,0.69,0.0,2.14
4.99,10,0.38,0.0,1.63
4.99,11,0.22,0.0,1.3
4.99,12,-0.01,0.0,1.63
4.99,13,-0.4,0.0,2.16
4.99,14,-1.16,0.0,2.86
4.99,15,-1.92,0.0,3.65
4.99,16,-2.12,0.0,4.5
4.99,17,-1.71,0.0,5.28
4.99,18,-1.5,0.0,5.0
4.99,19,-1.4,0.0,4.28
4.99,20,-1.02,0.0,3.74
5.01,1,-1.02,0.0,3.52
5.01,2,-0.67,0.0,3.54
5.01,3,0.07,0.0,3.65
5.01,4,0.89,0.0,3.85
5.01,5,1.55,0.0,3.61
5.01,6,1.5,0.0,3.5
5.01,7,1.76,0.0,3.6
5.01,8,1.35,0.0,2.92
5.01,9,0.71,0.0,2.19
5.01,10,0.39,0.0,1.68
5.01,11,0.23,0.0,1.35
5.01,12,-0.0,0.0,1.68
5.01,13,-0.4,0.0,2.21
5.01,14,-1.16,0.0,2.91
5.01,15,-1.92,0.0,3.7
5.01,16,-2.1,0.0,4.55
5.01,17,-1.69,0.0,5.33
5.01,18,-1.5,0.0,5.0
5.01,19,-1.44,0.0,4.27
5.01,20,-1.07,0.0,3.72
5.02,1,-1.07,0.0,3.51
5.02,2,-0.71,0.0,3.52
5.02,3,0.05,0.0,3.6
5.02,4,0.88,0.0,3.81
5.02,5,1.53,0.0,3.57
5.02,6,1.5,0.0,3.5
5.02,7,1.75,0.0,3.64
5.02,8,1.35,0.0,2.97
5.02,9,0.72,0.0,2.24
5.02,10,0.4,0.0,1.73
5.02,11,0.24,0.0,1.4
5.02,12,0.01,0.0,1.73
5.02,13,-0.39,0.0,2.26
5.02,14,-1.15,0.0,2.96
5.02,15,-1.91,0.0,3.75
5.02,16,-2.09,0.0,4.6
5.02,17,-1.67,0.0,5.38
5.02,18,-1.5,0.0,5.0
5.02,19,-1.49,0.0,4.25
5.02,20,-1.12,0.0,3.71
5.04,1,-1.12,0.0,3.5
5.04,2,-0.75,0.0,3.5
5.04,3,0.03,0.0,3.56
5.04,4,0.86,0.0,3.76
5.04,5,1.51,0.0,3.53
5.04,6,1.5,0.0,3.5
5.04,7,1.75,0.0,3.7
5.04,8,1.35,0.0,3.01
5.04,9,0.73,0.0,2.29
5.04,10,0.41,0.0,1.78
5.04,11,0.25,0.0,1.44
5.04,12,0.01,0.0,1.78
5.04,13,-0.39,0.0,2.31
5.04,14,-1.15,0.0,3.01
5.04,15,-1.9,0.0,3.8
5.04,16,-2.07,0.0,4.65
5.04,17,-1.65,0.0,5.42
5.04,18,-1.5,0.0,5.0
5.04,19,-1.5,0.0,4.25
5.04,20,-1.17,0.0,3.69
5.05,1,-1.17,0.0,3.49
5.05,2,-0.75,0.0,3.5
5.05,3,0.01,0.0,3.51
5.05,4,0.84,0.0,3.72
5.05,5,1.5,0.0,3.5
5.05,6,1.5,0.0,3.5
5.05,7,1.73,0.0,3.75
5.05,8,1.36,0.0,3.06
5.05,9,0.74,0.0,2.34
5.05,10,0.42,0.0,1.83
5.05,11,0.27,0.0,1.49
5.05,12,0.02,0.0,1.83
5.05,13,-0.38,0.0,2.36
5.05,14,-1.14,0.0,3.06
5.05,15,-1.9,0.0,3.85
5.05,16,-2.06,0.0,4.69
5.05,17,-1.63,0.0,5.47
5.05,18,-1.5,0.0,5.0
5.05,19,-1.5,0.0,4.25
5.05,20,-1.21,0.0,3.67
5.07,1,-1.21,0.0,3.49
5.07,2,-0.75,0.0,3.5
5.07,3,0.0,0.0,3.5
5.07,4,0.82,0.0,3.67
5.07,5,1.5,0.0,3.5
5.07,6,1.5,0.0,3.5
5.07,7,1.72,0.0,3.8
5.07,8,1.36,0.0,3.11
5.07,9,0.75,0.0,2.39
5.07,10,0.44,0.0,1.88
5.07,11,0.28,0.0,1.54
5.07,12,0.03,0.0,1.88
5.07,13,-0.38,0.0,2.41
5.07,14,-1.14,0.0,3.11
5.07,15,-1.89,0.0,3.9
5.07,16,-2.04,0.0,4.74
5.07,17,-1.61,0.0,5.51
5.07,18,-1.5,0.0,5.0
5.07,19,-1.5,0.0,4.25
5.07,20,-1.26,0.0,3.65
5.08,1,-1.26,0.0,3.48
5.08,2,-0.75,0.0,3.5
5.08,3,0.0,0.0,3.5
5.08,4,0.8,0.0,3.62
5.08,5,1.5,0.0,3.5
5.08,6,1.5,0.0,3.5
5.08,7,1.7,0.0,3.85
5.08,8,1.36,0.0,3.16
5.08,9,0.76,0.0,2.43
5.08,10,0.45,0.0,1.93
5.08,11,0.29,0.0,1.59
5.08,12,0.04,0.0,1.93
5.08,13,-0.37,0.0,2.46
5.08,14,-1.13,0.0,3.15
5.08,15,-1.88,0.0,3.95
5.08,16,-2.03,0.0,4.79
5.08,17,-1.59,0.0,5.56
5.08,18,-1.5,0.0,5.0
5.08,19,-1.5,0.0,4.25
5.08,20,-1.3,0.0,3.64
5.1,1,-1.31,0.0,3.48
5.1,2,-0.75,0.0,3.5
5.1,3,0.0,0.0,3.5
5.1,4,0.78,0.0,3.58
5.1,5,1.5,0.0,3.5
5.1,6,1.5,0.0,3.5
5.1,7,1.68,0.0,3.9
5.1,8,1.36,0.0,3.21
5.1,9,0.77,0.0,2.48
5.1,10,0.46,0.0,1.98
5.1,11,0.3,0.0,1.63
5.1,12,0.04,0.0,1.97
5.1,13,-0.37,0.0,2.51
5.1,14,-1.12,0.0,3.19
5.1,15,-1.87,0.0,4.0
5.1,16,-2.02,0.0,4.84
5.1,17,-1.57,0.0,5.6
5.1,18,-1.5,0.0,5.0
5.1,19,-1.5,0.0,4.25
5.1,20,-1.35,0.0,3.62
5.12,1,-1.36,0.0,3.48
5.12,2,-0.75,0.0,3.5
5.12,3,0.0,0.0,3.5
5.12,4,0.76,0.0,3.53
5.12,5,1.5,0.0,3.5
5.12,6,1.5,0.0,3.5
5.12,7,1.66,0.0,3.94
5.12,8,1.36,0.0,3.25
5.12,9,0.78,0.0,2.53
5.12,10,0.47,0.0,2.03
5.12,11,0.31,0.0,1.68
5.12,12,0.05,0.0,2.02
5.12,13,-0.36,0.0,2.56
5.12,14,-1.11,0.0,3.23
5.12,15,-1.87,0.0,4.05
5.12,16,-2.0,0.0,4.88
5.12,17,-1.55,0.0,5.65
5.12,18,-1.5,0.0,5.0
5.12,19,-1.5,0.0,4.25
5.12,20,-1.39,0.0,3.6
5.13,1,-1.41,0.0,3.48
5.13,2,-0.75,0.0,3.5
5.13,3,0.0,0.0,3.5
5.13,4,0.75,0.0,3.5
5.13,5,1.5,0.0,3.5
5.13,6,1.5,0.0,3.5
5.13,7,1.64,0.0,3.98
5.13,8,1.36,0.0,3.29
5.13,9,0.79,0.0,2.58
5.13,10,0.48,0.0,2.08
5.13,11,0.32,0.0,1.73
5.13,12,0.06,0.0,2.07
5.13,13,-0.36,0.0,2.61
5.13,14,-1.1,0.0,3.28
5.13,15,-1.86,0.0,4.1
5.13,16,-1.99,0.0,4.93
5.13,17,-1.53,0.0,5.69
5.13,18,-1.5,0.0,5.0
5.13,19,-1.5,0.0,4.25
5.13,20,-1.43,0.0,3.58
5.15,1,-1.46,0.0,3.49
5.15,2,-0.75,0.0,3.5
5.15,3,0.0,0.0,3.5
5.15,4,0.75,0.0,3.5
5.15,5,1.5,0.0,3.5
5.15,6,1.5,0.0,3.5
5.15,7,1.61,0.0,4.03
5.15,8,1.35,0.0,3.33
5.15,9,0.8,0.0,2.63
5.15,10,0.49,0.0,2.13
5.15,11,0.34,0.0,1.78
5.15,12,0.07,0.0,2.12
5.15,13,-0.35,0.0,2.66
5.15,14,-1.09,0.0,3.32
5.15,15,-1.85,0.0,4.14
5.15,16,-1.97,0.0,4.98
5.15,17,-1.51,0.0,5.74
5.15,18,-1.5,0.0,5.0
5.15,19,-1.5,0.0,4.25
5.15,20,-1.46,0.0,3.55
5.16,1,-1.5,0.0,3.5
5.16,2,-0.75,0.0,3.5
5.16,3,0.0,0.0,3.5
5.16,4,0.75,0.0,3.5
5.16,5,1.5,0.0,3.5
5.16,6,1.5,0.0,3.5
5.16,7,1.59,0.0,4.07
5.16,8,1.34,0.0,3.37
5.16,9,0.81,0.0,2.68
5.16,10,0.5,0.0,2.18
5.16,11,0.35,0.0,1.82
5.16,12,0.08,0.0,2.17
5.16,13,-0.35,0.0,2.71
5.16,14,-1.08,0.0,3.37
5.16,15,-1.85,0.0,4.19
5.16,16,-1.96,0.0,5.03
5.16,17,-1.5,0.0,5.75
5.16,18,-1.5,0.0,5.0
5.16,19,-1.5,0.0,4.25
5.16,20,-1.49,0.0,3.52
5.18,1,-1.5,0.0,3.5
5.18,2,-0.75,0.0,3.5
5.18,3,0.0,0.0,3.5
5.18,4,0.75,0.0,3.5
5.18,5,1.5,0.0,3.5
5.18,6,1.5,0.0,3.5
5.18,7,1.57,0.0,4.12
5.18,8,1.33,0.0,3.41
5.18,9,0.83,0.0,2.73
5.18,10,0.52,0.0,2.22
5.18,11,0.36,0.0,1.87
5.18,12,0.08,0.0,2.22
5.18,13,-0.35,0.0,2.76
5.18,14,-1.08,0.0,3.42
5.18,15,-1.84,0.0,4.24
5.18,16,-1.94,0.0,5.08
5.18,17,-1.5,0.0,5.75
5.18,18,-1.5,0.0,5.0
5.18,19,-1.5,0.0,4.25
5.18,20,-1.5,0.0,3.5
5.2,1,-1.5,0.0,3.5
5.2,2,-0.75,0.0,3.5
5.2,3,0.0,0.0,3.5
5.2,4,0.75,0.0,3.5
5.2,5,1.5,0.0,3.5
5.2,6,1.5,0.0,3.5
5.2,7,1.54,0.0,4.16
5.2,8,1.32,0.0,3.46
5.2,9,0.84,0.0,2.78
5.2,10,0.53,0.0,2.27
5.2,11,0.37,0.0,1.92
5.2,12,0.09,0.0,2.27
5.2,13,-0.34,0.0,2.81
5.2,14,-1.08,0.0,3.47
5.2,15,-1.83,0.0,4.29
5.2,16,-1.93,0.0,5.12
5.2,17,-1.5,0.0,5.75
5.2,18,-1.5,0.0,5.0
5.2,19,-1.5,0.0,4.25
5.2,20,-1.5,0.0,3.5
5.21,1,-1.5,0.0,3.5
5.21,2,-0.75,0.0,3.5
5.21,3,0.0,0.0,3.5
5.21,4,0.75,0.0,3.5
5.21,5,1.5,0.0,3.5
5.21,6,1.5,0.0,3.5
5.21,7,1.52,0.0,4.21
5.21,8,1.3,0.0,3.51
5.21,9,0.85,0.0,2.82
5.21,10,0.54,0.0,2.32
5.21,11,0.38,0.0,1.97
5.21,12,0.1,0.0,2.32
5.21,13,-0.34,0.0,2.86
5.21,14,-1.08,0.0,3.52
5.21,15,-1.83,0.0,4.34
5.21,16,-1.91,0.0,5.17
5.21,17,-1.5,0.0,5.75
5.21,18,-1.5,0.0,5.0
5.21,19,-1.5,0.0,4.25
5.21,20,-1.5,0.0,3.5
5.23,1,-1.5,0.0,3.5
5.23,2,-0.75,0.0,3.5
5.23,3,0.0,0.0,3.5
5.23,4,0.75,0.0,3.5
5.23,5,1.5,0.0,3.5
5.23,6,1.5,0.0,3.5
5.23,7,1.5,0.0,4.25
5.23,8,1.29,0.0,3.56
5.23,9,0.86,0.0,2.87
5.23,10,0.55,0.0,2.37
5.23,11,0.39,0.0,2.02
5.23,12,0.11,0.0,2.37
5.23,13,-0.33,0.0,2.91
5.23,14,-1.07,0.0,3.57
5.23,15,-1.82,0.0,4.39
5.23,16,-1.9,0.0,5.22
5.23,17,-1.5,0.0,5.75
5.23,18,-1.5,0.0,5.0
5.23,19,-1.5,0.0,4.25
5.23,20,-1.5,0.0,3.5
5.24,1,-1.5,0.0,3.5
5.24,2,-0.75,0.0,3.5
5.24,3,0.0,0.0,3.5
5.24,4,0.75,0.0,3.5
5.24,5,1.5,0.0,3.5
5.24,6,1.5,0.0,3.5
5.24,7,1.5,0.0,4.25
5.24,8,1.28,0.0,3.61
5.24,9,0.87,0.0,2.92
5.24,10,0.56,0.0,2.42
5.24,11,0.41,0.0,2.06
5.24,12,0.11,0.0,2.42
5.24,13,-0.33,0.0,2.96
5.24,14,-1.07,0.0,3.62
5.24,15,-1.82,0.0,4.44
5.24,16,-1.88,0.0,5.27
5.24,17,-1.5,0.0,5.75
5.24,18,-1.5,0.0,5.0
5.24,19,-1.5,0.0,4.25
5.24,20,-1.5,0.0,3.5
5.26,1,-1.5,0.0,3.5
5.26,2,-0.75,0.0,3.5
5.26,3,0.0,0.0,3.5
5.26,4,0.75,0.0,3.5
5.26,5,1.5,0.0,3.5
5.26,6,1.5,0.0,3.5
5.26,7,1.5,0.0,4.25
5.26,8,1.27,0.0,3.66
5.26,9,0.88,0.0,2.97
5.26,10,0.57,0.0,2.47
5.26,11,0.42,0.0,2.11
5.26,12,0.12,0.0,2.47
5.26,13,-0.32,0.0,3.01
5.26,14,-1.07,0.0,3.67
5.26,15,-1.81,0.0,4.49
5.26,16,-1.87,0.0,5.31
5.26,17,-1.5,0.0,5.75
5.26,18,-1.5,0.0,5.0
5.26,19,-1.5,0.0,4.25
5.26,20,-1.5,0.0,3.5
5.28,1,-1.5,0.0,3.5
5.28,2,-0.75,0.0,3.5
5.28,3,0.0,0.0,3.5
5.28,4,0.75,0.0,3.5
5.28,5,1.5,0.0,3.5
5.28,6,1.5,0.0,3.5
5.28,7,1.5,0.0,4.25
5.28,8,1.26,0.0,3.72
5.28,9,0.89,0.0,3.02
5.28,10,0.58,0.0,2.52
5.28,11,0.43,0.0,2.16
5.28,12,0.13,0.0,2.52
5.28,13,-0.32,0.0,3.06
5.28,14,-1.06,0.0,3.72
5.28,15,-1.8,0.0,4.54
5.28,16,-1.85,0.0,5.36
5.28,17,-1.5,0.0,5.75
5.28,18,-1.5,0.0,5.0
5.28,19,-1.5,0.0,4.25
5.28,20,-1.5,0.0,3.5
5.29,1,-1.5,0.0,3.5
5.29,2,-0.75,0.0,3.5
5.29,3,0.0,0.0,3.5
5.29,4,0.75,0.0,3.5
5.29,5,1.5,0.0,3.5
5.29,6,1.5,0.0,3.5
5.29,7,1.5,0.0,4.25
5.29,8,1.26,0.0,3.77
5.29,9,0.9,0.0,3.07
5.29,10,0.6,0.0,2.57
5.29,11,0.44,0.0,2.21
5.29,12,0.14,0.0,2.57
5.29,13,-0.31,0.0,3.1
5.29,14,-1.06,0.0,3.77
5.29,15,-1.8,0.0,4.59
5.29,16,-1.84,0.0,5.41
5.29,17,-1.5,0.0,5.75
5.29,18,-1.5,0.0,5.0
5.29,19,-1.5,0.0,4.25
5.29,20,-1.5,0.0,3.5
5.31,1,-1.5,0.0,3.5
5.31,2,-0.75,0.0,3.5
5.31,3,0.0,0.0,3.5
5.31,4,0.75,0.0,3.5
5.31,5,1.5,0.0,3.5
5.31,6,1.5,0.0,3.5
5.31,7,1.5,0.0,4.25
5.31,8,1.26,0.0,3.83
5.31,9,0.91,0.0,3.12
5.31,10,0.61,0.0,2.62
5.31,11,0.45,0.0,2.26
5.31,12,0.14,0.0,2.61
5.31,13,-0.31,0.0,3.15
5.31,14,-1.05,0.0,3.82
5.31,15,-1.79,0.0,4.64
5.31,16,-1.82,0.0,5.46
5.31,17,-1.5,0.0,5.75
5.31,18,-1.5,0.0,5.0
5.31,19,-1.5,0.0,4.25
5.31,20,-1.5,0.0,3.5
5.32,1,-1.5,0.0,3.5
5.32,2,-0.75,0.0,3.5
5.32,3,0.0,0.0,3.5
5.32,4,0.75,0.0,3.5
5.32,5,1.5,0.0,3.5
5.32,6,1.5,0.0,3.5
5.32,7,1.5,0.0,4.25
5.32,8,1.27,0.0,3.87
5.32,9,0.92,0.0,3.16
5.32,10,0.62,0.0,2.67
5.32,11,0.46,0.0,2.3
5.32,12,0.15,0.0,2.66
5.32,13,-0.3,0.0,3.2
5.32,14,-1.05,0.0,3.87
5.32,15,-1.78,0.0,4.69
5.32,16,-1.81,0.0,5.5
5.32,17,-1.5,0.0,5.75
5.32,18,-1.5,0.0,5.0
5.32,19,-1.5,0.0,4.25
5.32,20,-1.5,0.0,3.5
5.34,1,-1.5,0.0,3.5
5.34,2,-0.75,0.0,3.5
5.34,3,0.0,0.0,3.5
5.34,4,0.75,0.0,3.5
5.34,5,1.5,0.0,3.5
5.34,6,1.5,0.0,3.5
5.34,7,1.5,0.0,4.25
5.34,8,1.28,0.0,3.92
5.34,9,0.93,0.0,3.21
5.34,10,0.63,0.0,2.71
5.34,11,0.48,0.0,2.35
5.34,12,0.16,0.0,2.71
5.34,13,-0.3,0.0,3.25
5.34,14,-1.04,0.0,3.92
5.34,15,-1.77,0.0,4.74
5.34,16,-1.79,0.0,5.55
5.34,17,-1.5,0.0,5.75
5.34,18,-1.5,0.0,5.0
5.34,19,-1.5,0.0,4.25
5.34,20,-1.5,0.0,3.5
5.36,1,-1.5,0.0,3.5
5.36,2,-0.75,0.0,3.5
5.36,3,0.0,0.0,3.5
5.36,4,0.75,0.0,3.5
5.36,5,1.5,0.0,3.5
5.36,6,1.5,0.0,3.5
5.36,7,1.5,0.0,4.25
5.36,8,1.29,0.0,3.97
5.36,9,0.95,0.0,3.26
5.36,10,0.64,0.0,2.76
5.36,11,0.49,0.0,2.4
5.36,12,0.17,0.0,2.76
5.36,13,-0.29,0.0,3.3
5.36,14,-1.04,0.0,3.97
5.36,15,-1.77,0.0,4.79
5.36,16,-1.78,0.0,5.6
5.36,17,-1.5,0.0,5.75
5.36,18,-1.5,0.0,5.0
5.36,19,-1.5,0.0,4.25
5.36,20,-1.5,0.0,3.5
5.37,1,-1.5,0.0,3.5
5.37,2,-0.75,0.0,3.5
5.37,3,0.0,0.0,3.5
5.37,4,0.75,0.0,3.5
5.37,5,1.5,0.0,3.5
5.37,6,1.5,0.0,3.5
5.37,7,1.5,0.0,4.25
5.37,8,1.3,0.0,4.02
5.37,9,0.96,0.0,3.3
5.37,10,0.65,0.0,2.81
5.37,11,0.5,0.0,2.45
5.37,12,0.18,0.0,2.81
5.37,13,-0.29,0.0,3.35
5.37,14,-1.03,0.0,4.02
5.37,15,-1.76,0.0,4.83
5.37,16,-1.77,0.0,5.64
5.37,17,-1.5,0.0,5.75
5.37,18,-1.5,0.0,5.0
5.37,19,-1.5,0.0,4.25
5.37,20,-1.5,0.0,3.5
5.39,1,-1.5,0.0,3.5
5.39,2,-0.75,0.0,3.5
5.39,3,0.0,0.0,3.5
5.39,4,0.75,0.0,3.5
5.39,5,1.5,0.0,3.5
5.39,6,1.5,0.0,3.5
5.39,7,1.5,0.0,4.25
5.39,8,1.31,0.0,4.06
5.39,9,0.97,0.0,3.35
5.39,10,0.66,0.0,2.86
5.39,11,0.51,0.0,2.5
5.39,12,0.18,0.0,2.86
5.39,13,-0.29,0.0,3.4
5.39,14,-1.02,0.0,4.06
5.39,15,-1.76,0.0,4.88
5.39,16,-1.76,0.0,5.69
5.39,17,-1.5,0.0,5.75
5.39,18,-1.5,0.0,5.0
5.39,19,-1.5,0.0,4.25
5.39,20,-1.5,0.0,3.5
5.4,1,-1.5,0.0,3.5
5.4,2,-0.75,0.0,3.5
5.4,3,0.0,0.0,3.5
5.4,4,0.75,0.0,3.5
5.4,5,1.5,0.0,3.5
5.4,6,1.5,0.0,3.5
5.4,7,1.5,0.0,4.25
5.4,8,1.32,0.0,4.11
5.4,9,0.99,0.0,3.4
5.4,10,0.68,0.0,2.91
5.4,11,0.52,0.0,2.54
5.4,12,0.19,0.0,2.91
5.4,13,-0.29,0.0,3.45
5.4,14,-1.02,0.0,4.11
5.4,15,-1.75,0.0,4.93
5.4,16,-1.75,0.0,5.74
5.4,17,-1.5,0.0,5.75
5.4,18,-1.5,0.0,5.0
5.4,19,-1.5,0.0,4.25
5.4,20,-1.5,0.0,3.5
5.42,1,-1.5,0.0,3.5
5.42,2,-0.75,0.0,3.5
5.42,3,0.0,0.0,3.5
5.42,4,0.75,0.0,3.5
5.42,5,1.5,0.0,3.5
5.42,6,1.5,0.0,3.5
5.42,7,1.5,0.0,4.25
5.42,8,1.32,0.0,4.15
5.42,9,1.0,0.0,3.44
5.42,10,0.69,0.0,2.96
5.42,11,0.54,0.0,2.59
5.42,12,0.2,0.0,2.96
5.42,13,-0.29,0.0,3.5
5.42,14,-1.01,0.0,4.16
5.42,15,-1.75,0.0,4.98
5.42,16,-1.74,0.0,5.78
5.42,17,-1.5,0.0,5.75
5.42,18,-1.5,0.0,5.0
5.42,19,-1.5,0.0,4.25
5.42,20,-1.5,0.0,3.5
5.43,1,-1.5,0.0,3.5
5.43,2,-0.75,0.0,3.5
5.43,3,0.0,0.0,3.5
5.43,4,0.75,0.0,3.5
5.43,5,1.5,0.0,3.5
5.43,6,1.5,0.0,3.5
5.43,7,1.5,0.0,4.25
5.43,8,1.32,0.0,4.2
5.43,9,1.02,0.0,3.49
5.43,10,0.7,0.0,3.01
5.43,11,0.55,0.0,2.64
5.43,12,0.21,0.0,3.01
5.43,13,-0.29,0.0,3.55
5.43,14,-1.01,0.0,4.21
5.43,15,-1.75,0.0,5.02
5.43,16,-1.73,0.0,5.83
5.43,17,-1.5,0.0,5.75
5.43,18,-1.5,0.0,5.0
5.43,19,-1.5,0.0,4.25
5.43,20,-1.5,0.0,3.5
5.45,1,-1.5,0.0,3.5
5.45,2,-0.75,0.0,3.5
5.45,3,0.0,0.0,3.5
5.45,4,0.75,0.0,3.5
5.45,5,1.5,0.0,3.5
5.45,6,1.5,0.0,3.5
5.45,7,1.5,0.0,4.25
5.45,8,1.33,0.0,4.25
5.45,9,1.04,0.0,3.54
5.45,10,0.71,0.0,3.06
5.45,11,0.56,0.0,2.69
5.45,12,0.21,0.0,3.06
5.45,13,-0.29,0.0,3.6
5.45,14,-1.0,0.0,4.26
5.45,15,-1.74,0.0,5.07
5.45,16,-1.72,0.0,5.88
5.45,17,-1.5,0.0,5.75
5.45,18,-1.5,0.0,5.0
5.45,19,-1.5,0.0,4.25
5.45,20,-1.5,0.0,3.5
5.47,1,-1.5,0.0,3.5
5.47,2,-0.75,0.0,3.5
5.47,3,0.0,0.0,3.5
5.47,4,0.75,0.0,3.5
5.47,5,1.5,0.0,3.5
5.47,6,1.5,0.0,3.5
5.47,7,1.5,0.0,4.25
5.47,8,1.33,0.0,4.29
5.47,9,1.05,0.0,3.59
5.47,10,0.72,0.0,3.1
5.47,11,0.57,0.0,2.74
5.47,12,0.22,0.0,3.11
5.47,13,-0.29,0.0,3.65
5.47,14,-1.0,0.0,4.31
5.47,15,-1.74,0.0,5.12
5.47,16,-1.71,0.0,5.93
5.47,17,-1.5,0.0,5.75
5.47,18,-1.5,0.0,5.0
5.47,19,-1.5,0.0,4.25
5.47,20,-1.5,0.0,3.5
5.48,1,-1.5,0.0,3.5
5.48,2,-0.75,0.0,3.5
5.48,3,0.0,0.0,3.5
5.48,4,0.75,0.0,3.5
5.48,5,1.5,0.0,3.5
5.48,6,1.5,0.0,3.5
5.48,7,1.5,0.0,4.25
5.48,8,1.33,0.0,4.34
5.48,9,1.06,0.0,3.64
5.48,10,0.73,0.0,3.15
5.48,11,0.58,0.0,2.79
5.48,12,0.23,0.0,3.16
5.48,13,-0.28,0.0,3.7
5.48,14,-0.99,0.0,4.36
5.48,15,-1.74,0.0,5.18
5.48,16,-1.69,0.0,5.98
5.48,17,-1.5,0.0,5.75
5.48,18,-1.5,0.0,5.0
5.48,19,-1.5,0.0,4.25
5.48,20,-1.5,0.0,3.5
5.5,1,-1.5,0.0,3.5
5.5,2,-0.75,0.0,3.5
5.5,3,0.0,0.0,3.5
5.5,4,0.75,0.0,3.5
5.5,5,1.5,0.0,3.5
5.5,6,1.5,0.0,3.5
5.5,7,1.5,0.0,4.25
5.5,8,1.34,0.0,4.4
5.5,9,1.08,0.0,3.69
5.5,10,0.74,0.0,3.2
5.5,11,0.59,0.0,2.83
5.5,12,0.24,0.0,3.21
5.5,13,-0.28,0.0,3.75
5.5,14,-0.98,0.0,4.41
5.5,15,-1.73,0.0,5.23
5.5,16,-1.68,0.0,6.03
5.5,17,-1.5,0.0,5.75
5.5,18,-1.5,0.0,5.0
5.5,19,-1.5,0.0,4.25
5.5,20,-1.5,0.0,3.5
5.51,1,-1.5,0.0,3.5
5.51,2,-0.75,0.0,3.5
5.51,3,0.0,0.0,3.5
5.51,4,0.75,0.0,3.5
5.51,5,1.5,0.0,3.5
5.51,6,1.5,0.0,3.5
5.51,7,1.5,0.0,4.25
5.51,8,1.35,0.0,4.45
5.51,9,1.09,0.0,3.74
5.51,10,0.75,0.0,3.24
5.51,11,0.61,0.0,2.88
5.51,12,0.25,0.0,3.25
5.51,13,-0.28,0.0,3.8
5.51,14,-0.98,0.0,4.46
5.51,15,-1.72,0.0,5.28
5.51,16,-1.66,0.0,6.08
5.51,17,-1.5,0.0,5.75
5.51,18,-1.5,0.0,5.0
5.51,19,-1.5,0.0,4.25
5.51,20,-1.5,0.0,3.5
5.53,1,-1.5,0.0,3.5
5.53,2,-0.75,0.0,3.5
5.53,3,0.0,0.0,3.5
5.53,4,0.75,0.0,3.5
5.53,5,1.5,0.0,3.5
5.53,6,1.5,0.0,3.5
5.53,7,1.5,0.0,4.25
5.53,8,1.36,0.0,4.5
5.53,9,1.1,0.0,3.79
5.53,10,0.76,0.0,3.29
5.53,11,0.62,0.0,2.92
5.53,12,0.26,0.0,3.3
5.53,13,-0.27,0.0,3.85
5.53,14,-0.97,0.0,4.51
5.53,15,-1.72,0.0,5.33
5.53,16,-1.64,0.0,6.13
5.53,17,-1.5,0.0,5.75
5.53,18,-1.5,0.0,5.0
5.53,19,-1.5,0.0,4.25
5.53,20,-1.5,0.0,3.5
5.55,1,-1.5,0.0,3.5
5.55,2,-0.75,0.0,3.5
5.55,3,0.0,0.0,3.5
5.55,4,0.75,0.0,3.5
5.55,5,1.5,0.0,3.5
5.55,6,1.5,0.0,3.5
5.55,7,1.5,0.0,4.25
5.55,8,1.37,0.0,4.55
5.55,9,1.11,0.0,3.84
5.55,10,0.78,0.0,3.33
5.55,11,0.63,0.0,2.96
5.55,12,0.27,0.0,3.35
5.55,13,-0.27,0.0,3.9
5.55,14,-0.97,0.0,4.56
5.55,15,-1.71,0.0,5.38
5.55,16,-1.63,0.0,6.17
5.55,17,-1.5,0.0,5.75
5.55,18,-1.5,0.0,5.0
5.55,19,-1.5,0.0,4.25
5.55,20,-1.5,0.0,3.5
5.56,1,-1.5,0.0,3.5
5.56,2,-0.75,0.0,3.5
5.56,3,0.0,0.0,3.5
5.56,4,0.75,0.0,3.5
5.56,5,1.5,0.0,3.5
5.56,6,1.5,0.0,3.5
5.56,7,1.5,0.0,4.25
5.56,8,1.38,0.0,4.6
5.56,9,1.12,0.0,3.89
5.56,10,0.79,0.0,3.37
5.56,11,0.64,0.0,3.01
5.56,12,0.28,0.0,3.4
5.56,13,-0.26,0.0,3.95
5.56,14,-0.96,0.0,4.61
5.56,15,-1.7,0.0,5.43
5.56,16,-1.61,0.0,6.22
5.56,17,-1.5,0.0,5.75
5.56,18,-1.5,0.0,5.0
5.56,19,-1.5,0.0,4.25
5.56,20,-1.5,0.0,3.5
5.58,1,-1.5,0.0,3.5
5.58,2,-0.75,0.0,3.5
5.58,3,0.0,0.0,3.5
5.58,4,0.75,0.0,3.5
5.58,5,1.5,0.0,3.5
5.58,6,1.5,0.0,3.5
5.58,7,1.5,0.0,4.25
5.58,8,1.4,0.0,4.65
5.58,9,1.13,0.0,3.94
5.58,10,0.8,0.0,3.42
5.58,11,0.65,0.0,3.05
5.58,12,0.29,0.0,3.44
5.58,13,-0.26,0.0,4.0
5.58,14,-0.96,0.0,4.66
5.58,15,-1.69,0.0,5.48
5.58,16,-1.59,0.0,6.27
5.58,17,-1.5,0.0,5.75
5.58,18,-1.5,0.0,5.0
5.58,19,-1.5,0.0,4.25
5.58,20,-1.5,0.0,3.5
5.59,1,-1.5,0.0,3.5
5.59,2,-0.75,0.0,3.5
5.59,3,0.0,0.0,3.5
5.59,4,0.75,0.0,3.5
5.59,5,1.5,0.0,3.5
5.59,6,1.5,0.0,3.5
5.59,7,1.5,0.0,4.25
5.59,8,1.41,0.0,4.7
5.59,9,1.14,0.0,3.99
5.59,10,0.82,0.0,3.46
5.59,11,0.66,0.0,3.09
5.59,12,0.3,0.0,3.49
5.59,13,-0.25,0.0,4.05
5.59,14,-0.95,0.0,4.71
5.59,15,-1.68,0.0,5.52
5.59,16,-1.57,0.0,6.31
5.59,17,-1.5,0.0,5.75
5.59,18,-1.5,0.0,5.0
5.59,19,-1.5,0.0,4.25
5.59,20,-1.5,0.0,3.5
5.61,1,-1.5,0.0,3.5
5.61,2,-0.75,0.0,3.5
5.61,3,0.0,0.0,3.5
5.61,4,0.75,0.0,3.5
5.61,5,1.5,0.0,3.5
5.61,6,1.5,0.0,3.5
5.61,7,1.5,0.0,4.25
5.61,8,1.42,0.0,4.75
5.61,9,1.15,0.0,4.03
5.61,10,0.84,0.0,3.5
5.61,11,0.67,0.0,3.14
5.61,12,0.31,0.0,3.54
5.61,13,-0.25,0.0,4.1
5.61,14,-0.95,0.0,4.76
5.61,15,-1.68,0.0,5.57
5.61,16,-1.55,0.0,6.36
5.61,17,-1.5,0.0,5.75
5.61,18,-1.5,0.0,5.0
5.61,19,-1.5,0.0,4.25
5.61,20,-1.5,0.0,3.5
5.62,1,-1.5,0.0,3.5
5.62,2,-0.75,0.0,3.5
5.62,3,0.0,0.0,3.5
5.62,4,0.75,0.0,3.5
5.62,5,1.5,0.0,3.5
5.62,6,1.5,0.0,3.5
5.62,7,1.5,0.0,4.25
5.62,8,1.44,0.0,4.8
5.62,9,1.16,0.0,4.08
5.62,10,0.87,0.0,3.55
5.62,11,0.68,0.0,3.19
5.62,12,0.32,0.0,3.59
5.62,13,-0.24,0.0,4.15
5.62,14,-0.94,0.0,4.81
5.62,15,-1.67,0.0,5.61
5.62,16,-1.54,0.0,6.41
5.62,17,-1.5,0.0,5.75
5.62,18,-1.5,0.0,5.0
5.62,19,-1.5,0.0,4.25
5.62,20,-1.5,0.0,3.5
5.64,1,-1.5,0.0,3.5
5.64,2,-0.75,0.0,3.5
5.64,3,0.0,0.0,3.5
5.64,4,0.75,0.0,3.5
5.64,5,1.5,0.0,3.5
5.64,6,1.5,0.0,3.5
5.64,7,1.5,0.0,4.25
5.64,8,1.45,0.0,4.84
5.64,9,1.17,0.0,4.13
5.64,10,0.89,0.0,3.61
5.64,11,0.69,0.0,3.23
5.64,12,0.33,0.0,3.64
5.64,13,-0.24,0.0,4.2
5.64,14,-0.93,0.0,4.86
5.64,15,-1.67,0.0,5.66
5.64,16,-1.52,0.0,6.45
5.64,17,-1.5,0.0,5.75
5.64,18,-1.5,0.0,5.0
5.64,19,-1.5,0.0,4.25
5.64,20,-1.5,0.0,3.5
5.66,1,-1.5,0.0,3.5
5.66,2,-0.75,0.0,3.5
5.66,3,0.0,0.0,3.5
5.66,4,0.75,0.0,3.5
5.66,5,1.5,0.0,3.5
5.66,6,1.5,0.0,3.5
5.66,7,1.5,0.0,4.25
5.66,8,1.47,0.0,4.89
5.66,9,1.18,0.0,4.18
5.66,10,0.91,0.0,3.66
5.66,11,0.7,0.0,3.26
5.66,12,0.34,0.0,3.69
5.66,13,-0.23,0.0,4.25
5.66,14,-0.93,0.0,4.91
5.66,15,-1.66,0.0,5.7
5.66,16,-1.5,0.0,6.5
5.66,17,-1.5,0.0,5.75
5.66,18,-1.5,0.0,5.0
5.66,19,-1.5,0.0,4.25
5.66,20,-1.5,0.0,3.5
5.67,1,-1.5,0.0,3.5
5.67,2,-0.75,0.0,3.5
5.67,3,0.0,0.0,3.5
5.67,4,0.75,0.0,3.5
5.67,5,1.5,0.0,3.5
5.67,6,1.5,0.0,3.5
5.67,7,1.5,0.0,4.25
5.67,8,1.48,0.0,4.94
5.67,9,1.18,0.0,4.23
5.67,10,0.93,0.0,3.72
5.67,11,0.71,0.0,3.3
5.67,12,0.35,0.0,3.74
5.67,13,-0.23,0.0,4.3
5.67,14,-0.92,0.0,4.96
5.67,15,-1.66,0.0,5.75
5.67,16,-1.5,0.0,6.5
5.67,17,-1.5,0.0,5.75
5.67,18,-1.5,0.0,5.0
5.67,19,-1.5,0.0,4.25
5.67,20,-1.5,0.0,3.5
5.69,1,-1.5,0.0,3.5
5.69,2,-0.75,0.0,3.5
5.69,3,0.0,0.0,3.5
5.69,4,0.75,0.0,3.5
5.69,5,1.5,0.0,3.5
5.69,6,1.5,0.0,3.5
5.69,7,1.5,0.0,4.25
5.69,8,1.5,0.0,4.99
5.69,9,1.19,0.0,4.28
5.69,10,0.94,0.0,3.78
5.69,11,0.72,0.0,3.34
5.69,12,0.35,0.0,3.79
5.69,13,-0.22,0.0,4.35
5.69,14,-0.92,0.0,5.01
5.69,15,-1.66,0.0,5.8
5.69,16,-1.5,0.0,6.5
5.69,17,-1.5,0.0,5.75
5.69,18,-1.5,0.0,5.0
5.69,19,-1.5,0.0,4.25
5.69,20,-1.5,0.0,3.5
5.7,1,-1.5,0.0,3.5
5.7,2,-0.75,0.0,3.5
5.7,3,0.0,0.0,3.5
5.7,4,0.75,0.0,3.5
5.7,5,1.5,0.0,3.5
5.7,6,1.5,0.0,3.5
5.7,7,1.5,0.0,4.25
5.7,8,1.5,0.0,5.0
5.7,9,1.2,0.0,4.33
5.7,10,0.95,0.0,3.84
5.7,11,0.72,0.0,3.37
5.7,12,0.36,0.0,3.84
5.7,13,-0.22,0.0,4.4
5.7,14,-0.91,0.0,5.06
5.7,15,-1.66,0.0,5.85
5.7,16,-1.5,0.0,6.5
5.7,17,-1.5,0.0,5.75
5.7,18,-1.5,0.0,5.0
5.7,19,-1.5,0.0,4.25
5.7,20,-1.5,0.0,3.5
5.72,1,-1.5,0.0,3.5
5.72,2,-0.75,0.0,3.5
5.72,3,0.0,0.0,3.5
5.72,4,0.75,0.0,3.5
5.72,5,1.5,0.0,3.5
5.72,6,1.5,0.0,3.5
5.72,7,1.5,0.0,4.25
5.72,8,1.5,0.0,5.0
5.72,9,1.21,0.0,4.37
5.72,10,0.97,0.0,3.9
5.72,11,0.73,0.0,3.41
5.72,12,0.37,0.0,3.89
5.72,13,-0.21,0.0,4.44
5.72,14,-0.91,0.0,5.1
5.72,15,-1.65,0.0,5.9
5.72,16,-1.5,0.0,6.5
5.72,17,-1.5,0.0,5.75
5.72,18,-1.5,0.0,5.0
5.72,19,-1.5,0.0,4.25
5.72,20,-1.5,0.0,3.5
5.73,1,-1.5,0.0,3.5
5.73,2,-0.75,0.0,3.5
5.73,3,0.0,0.0,3.5
5.73,4,0.75,0.0,3.5
5.73,5,1.5,0.0,3.5
5.73,6,1.5,0.0,3.5
5.73,7,1.5,0.0,4.25
5.73,8,1.5,0.0,5.0
5.73,9,1.21,0.0,4.42
5.73,10,0.98,0.0,3.94
5.73,11,0.74,0.0,3.44
5.73,12,0.38,0.0,3.94
5.73,13,-0.21,0.0,4.49
5.73,14,-0.9,0.0,5.15
5.73,15,-1.65,0.0,5.95
5.73,16,-1.5,0.0,6.5
5.73,17,-1.5,0.0,5.75
5.73,18,-1.5,0.0,5.0
5.73,19,-1.5,0.0,4.25
5.73,20,-1.5,0.0,3.5
5.75,1,-1.5,0.0,3.5
5.75,2,-0.75,0.0,3.5
5.75,3,0.0,0.0,3.5
5.75,4,0.75,0.0,3.5
5.75,5,1.5,0.0,3.5
5.75,6,1.5,0.0,3.5
5.75,7,1.5,0.0,4.25
5.75,8,1.5,0.0,5.0
5.75,9,1.22,0.0,4.47
5.75,10,0.99,0.0,3.99
5.75,11,0.75,0.0,3.48
5.75,12,0.38,0.0,3.99
5.75,13,-0.2,0.0,4.54
5.75,14,-0.9,0.0,5.2
5.75,15,-1.64,0.0,6.01
5.75,16,-1.5,0.0,6.5
5.75,17,-1.5,0.0,5.75
5.75,18,-1.5,0.0,5.0
5.75,19,-1.5,0.0,4.25
5.75,20,-1.5,0.0,3.5
5.77,1,-1.5,0.0,3.5
5.77,2,-0.75,0.0,3.5
5.77,3,0.0,0.0,3.5
5.77,4,0.75,0.0,3.5
5.77,5,1.5,0.0,3.5
5.77,6,1.5,0.0,3.5
5.77,7,1.5,0.0,4.25
5.77,8,1.5,0.0,5.0
5.77,9,1.23,0.0,4.52
5.77,10,1.0,0.0,4.04
5.77,11,0.76,0.0,3.51
5.77,12,0.39,0.0,4.04
5.77,13,-0.19,0.0,4.59
5.77,14,-0.89,0.0,5.25
5.77,15,-1.62,0.0,6.06
5.77,16,-1.5,0.0,6.5
5.77,17,-1.5,0.0,5.75
5.77,18,-1.5,0.0,5.0
5.77,19,-1.5,0.0,4.25
5.77,20,-1.5,0.0,3.5
5.78,1,-1.5,0.0,3.5
5.78,2,-0.75,0.0,3.5
5.78,3,0.0,0.0,3.5
5.78,4,0.75,0.0,3.5
5.78,5,1.5,0.0,3.5
5.78,6,1.5,0.0,3.5
5.78,7,1.5,0.0,4.25
5.78,8,1.5,0.0,5.0
5.78,9,1.24,0.0,4.57
5.78,10,1.01,0.0,4.09
5.78,11,0.79,0.0,3.57
5.78,12,0.4,0.0,4.09
5.78,13,-0.19,0.0,4.64
5.78,14,-0.88,0.0,5.3
5.78,15,-1.61,0.0,6.11
5.78,16,-1.5,0.0,6.5
5.78,17,-1.5,0.0,5.75
5.78,18,-1.5,0.0,5.0
5.78,19,-1.5,0.0,4.25
5.78,20,-1.5,0.0,3.5
5.8,1,-1.5,0.0,3.5
5.8,2,-0.75,0.0,3.5
5.8,3,0.0,0.0,3.5
5.8,4,0.75,0.0,3.5
5.8,5,1.5,0.0,3.5
5.8,6,1.5,0.0,3.5
5.8,7,1.5,0.0,4.25
5.8,8,1.5,0.0,5.0
5.8,9,1.25,0.0,4.62
5.8,10,1.02,0.0,4.14
5.8,11,0.81,0.0,3.63
5.8,12,0.41,0.0,4.14
5.8,13,-0.18,0.0,4.69
5.8,14,-0.88,0.0,5.35
5.8,15,-1.6,0.0,6.16
5.8,16,-1.5,0.0,6.5
5.8,17,-1.5,0.0,5.75
5.8,18,-1.5,0.0,5.0
5.8,19,-1.5,0.0,4.25
5.8,20,-1.5,0.0,3.5
5.81,1,-1.5,0.0,3.5
5.81,2,-0.75,0.0,3.5
5.81,3,0.0,0.0,3.5
5.81,4,0.75,0.0,3.5
5.81,5,1.5,0.0,3.5
5.81,6,1.5,0.0,3.5
5.81,7,1.5,0.0,4.25
5.81,8,1.5,0.0,5.0
5.81,9,1.26,0.0,4.67
5.81,10,1.03,0.0,4.19
5.81,11,0.82,0.0,3.69
5.81,12,0.41,0.0,4.18
5.81,13,-0.18,0.0,4.74
5.81,14,-0.87,0.0,5.4
5.81,15,-1.58,0.0,6.2
5.81,16,-1.5,0.0,6.5
5.81,17,-1.5,0.0,5.75
5.81,18,-1.5,0.0,5.0
5.81,19,-1.5,0.0,4.25
5.81,20,-1.5,0.0,3.5
5.83,1,-1.5,0.0,3.5
5.83,2,-0.75,0.0,3.5
5.83,3,0.0,0.0,3.5
5.83,4,0.75,0.0,3.5
5.83,5,1.5,0.0,3.5
5.83,6,1.5,0.0,3.5
5.83,7,1.5,0.0,4.25
5.83,8,1.5,0.0,5.0
5.83,9,1.27,0.0,4.72
5.83,10,1.04,0.0,4.24
5.83,11,0.84,0.0,3.74
5.83,12,0.42,0.0,4.23
5.83,13,-0.17,0.0,4.79
5.83,14,-0.87,0.0,5.45
5.83,15,-1.57,0.0,6.25
5.83,16,-1.5,0.0,6.5
5.83,17,-1.5,0.0,5.75
5.83,18,-1.5,0.0,5.0
5.83,19,-1.5,0.0,4.25
5.83,20,-1.5,0.0,3.5
5.85,1,-1.5,0.0,3.5
5.85,2,-0.75,0.0,3.5
5.85,3,0.0,0.0,3.5
5.85,4,0.75,0.0,3.5
5.85,5,1.5,0.0,3.5
5.85,6,1.5,0.0,3.5
5.85,7,1.5,0.0,4.25
5.85,8,1.5,0.0,5.0
5.85,9,1.28,0.0,4.77
5.85,10,1.05,0.0,4.29
5.85,11,0.85,0.0,3.8
5.85,12,0.43,0.0,4.28
5.85,13,-0.17,0.0,4.84
5.85,14,-0.86,0.0,5.5
5.85,15,-1.56,0.0,6.29
5.85,16,-1.5,0.0,6.5
5.85,17,-1.5,0.0,5.75
5.85,18,-1.5,0.0,5.0
5.85,19,-1.5,0.0,4.25
5.85,20,-1.5,0.0,3.5
5.86,1,-1.5,0.0,3.5
5.86,2,-0.75,0.0,3.5
5.86,3,0.0,0.0,3.5
5.86,4,0.75,0.0,3.5
5.86,5,1.5,0.0,3.5
5.86,6,1.5,0.0,3.5
5.86,7,1.5,0.0,4.25
5.86,8,1.5,0.0,5.0
5.86,9,1.29,0.0,4.81
5.86,10,1.06,0.0,4.33
5.86,11,0.86,0.0,3.85
5.86,12,0.43,0.0,4.33
5.86,13,-0.16,0.0,4.89
5.86,14,-0.86,0.0,5.55
5.86,15,-1.55,0.0,6.33
5.86,16,-1.5,0.0,6.5
5.86,17,-1.5,0.0,5.75
5.86,18,-1.5,0.0,5.0
5.86,19,-1.5,0.0,4.25
5.86,20,-1.5,0.0,3.5
5.88,1,-1.5,0.0,3.5
5.88,2,-0.75,0.0,3.5
5.88,3,0.0,0.0,3.5
5.88,4,0.75,0.0,3.5
5.88,5,1.5,0.0,3.5
5.88,6,1.5,0.0,3.5
5.88,7,1.5,0.0,4.25
5.88,8,1.5,0.0,5.0
5.88,9,1.3,0.0,4.86
5.88,10,1.07,0.0,4.38
5.88,11,0.88,0.0,3.9
5.88,12,0.44,0.0,4.38
5.88,13,-0.16,0.0,4.94
5.88,14,-0.85,0.0,5.6
5.88,15,-1.54,0.0,6.37
5.88,16,-1.5,0.0,6.5
5.88,17,-1.5,0.0,5.75
5.88,18,-1.5,0.0,5.0
5.88,19,-1.5,0.0,4.25
5.88,20,-1.5,0.0,3.5
5.89,1,-1.5,0.0,3.5
5.89,2,-0.75,0.0,3.5
5.89,3,0.0,0.0,3.5
5.89,4,0.75,0.0,3.5
5.89,5,1.5,0.0,3.5
5.89,6,1.5,0.0,3.5
5.89,7,1.5,0.0,4.25
5.89,8,1.5,0.0,5.0
5.89,9,1.31,0.0,4.9
5.89,10,1.08,0.0,4.43
5.89,11,0.89,0.0,3.95
5.89,12,0.45,0.0,4.43
5.89,13,-0.15,0.0,4.99
5.89,14,-0.85,0.0,5.65
5.89,15,-1.53,0.0,6.41
5.89,16,-1.5,0.0,6.5
5.89,17,-1.5,0.0,5.75
5.89,18,-1.5,0.0,5.0
5.89,19,-1.5,0.0,4.25
5.89,20,-1.5,0.0,3.5
5.91,1,-1.5,0.0,3.5
5.91,2,-0.75,0.0,3.5
5.91,3,0.0,0.0,3.5
5.91,4,0.75,0.0,3.5
5.91,5,1.5,0.0,3.5
5.91,6,1.5,0.0,3.5
5.91,7,1.5,0.0,4.25
5.91,8,1.5,0.0,5.0
5.91,9,1.31,0.0,4.95
5.91,10,1.09,0.0,4.48
5.91,11,0.9,0.0,3.99
5.91,12,0.46,0.0,4.48
5.91,13,-0.15,0.0,5.04
5.91,14,-0.84,0.0,5.7
5.91,15,-1.52,0.0,6.44
5.91,16,-1.5,0.0,6.5
5.91,17,-1.5,0.0,5.75
5.91,18,-1.5,0.0,5.0
5.91,19,-1.5,0.0,4.25
5.91,20,-1.5,0.0,3.5
5.92,1,-1.5,0.0,3.5
5.92,2,-0.75,0.0,3.5
5.92,3,0.0,0.0,3.5
5.92,4,0.75,0.0,3.5
5.92,5,1.5,0.0,3.5
5.92,6,1.5,0.0,3.5
5.92,7,1.5,0.0,4.25
5.92,8,1.5,0.0,5.0
5.92,9,1.31,0.0,5.0
5.92,10,1.1,0.0,4.53
5.92,11,0.91,0.0,4.04
5.92,12,0.46,0.0,4.53
5.92,13,-0.14,0.0,5.09
5.92,14,-0.83,0.0,5.75
5.92,15,-1.51,0.0,6.48
5.92,16,-1.5,0.0,6.5
5.92,17,-1.5,0.0,5.75
5.92,18,-1.5,0.0,5.0
5.92,19,-1.5,0.0,4.25
5.92,20,-1.5,0.0,3.5
5.94,1,-1.5,0.0,3.5
5.94,2,-0.75,0.0,3.5
5.94,3,0.0,0.0,3.5
5.94,4,0.75,0.0,3.5
5.94,5,1.5,0.0,3.5
5.94,6,1.5,0.0,3.5
5.94,7,1.5,0.0,4.25
5.94,8,1.5,0.0,5.0
5.94,9,1.32,0.0,5.04
5.94,10,1.11,0.0,4.58
5.94,11,0.92,0.0,4.09
5.94,12,0.47,0.0,4.58
5.94,13,-0.14,0.0,5.14
5.94,14,-0.83,0.0,5.8
5.94,15,-1.5,0.0,6.5
5.94,16,-1.5,0.0,6.5
5.94,17,-1.5,0.0,5.75
5.94,18,-1.5,0.0,5.0
5.94,19,-1.5,0.0,4.25
5.94,20,-1.5,0.0,3.5
5.96,1,-1.5,0.0,3.5
5.96,2,-0.75,0.0,3.5
5.96,3,0.0,0.0,3.5
5.96,4,0.75,0.0,3.5
5.96,5,1.5,0.0,3.5
5.96,6,1.5,0.0,3.5
5.96,7,1.5,0.0,4.25
5.96,8,1.5,0.0,5.0
5.96,9,1.32,0.0,5.09
5.96,10,1.12,0.0,4.63
5.96,11,0.93,0.0,4.14
5.96,12,0.48,0.0,4.63
5.96,13,-0.13,0.0,5.19
5.96,14,-0.82,0.0,5.85
5.96,15,-1.5,0.0,6.5
5.96,16,-1.5,0.0,6.5
5.96,17,-1.5,0.0,5.75
5.96,18,-1.5,0.0,5.0
5.96,19,-1.5,0.0,4.25
5.96,20,-1.5,0.0,3.5
5.97,1,-1.5,0.0,3.5
5.97,2,-0.75,0.0,3.5
5.97,3,0.0,0.0,3.5
5.97,4,0.75,0.0,3.5
5.97,5,1.5,0.0,3.5
5.97,6,1.5,0.0,3.5
5.97,7,1.5,0.0,4.25
5.97,8,1.5,0.0,5.0
5.97,9,1.33,0.0,5.14
5.97,10,1.13,0.0,4.68
5.97,11,0.95,0.0,4.19
5.97,12,0.48,0.0,4.68
5.97,13,-0.13,0.0,5.24
5.97,14,-0.82,0.0,5.9
5.97,15,-1.5,0.0,6.5
5.97,16,-1.5,0.0,6.5
5.97,17,-1.5,0.0,5.75
5.97,18,-1.5,0.0,5.0
5.97,19,-1.5,0.0,4.25
5.97,20,-1.5,0.0,3.5
5.99,1,-1.5,0.0,3.5
5.99,2,-0.75,0.0,3.5
5.99,3,0.0,0.0,3.5
5.99,4,0.75,0.0,3.5
5.99,5,1.5,0.0,3.5
5.99,6,1.5,0.0,3.5
5.99,7,1.5,0.0,4.25
5.99,8,1.5,0.0,5.0
5.99,9,1.34,0.0,5.2
5.99,10,1.14,0.0,4.73
5.99,11,0.96,0.0,4.24
5.99,12,0.49,0.0,4.73
5.99,13,-0.12,0.0,5.29
5.99,14,-0.81,0.0,5.95
5.99,15,-1.5,0.0,6.5
5.99,16,-1.5,0.0,6.5
5.99,17,-1.5,0.0,5.75
5.99,18,-1.5,0.0,5.0
5.99,19,-1.5,0.0,4.25
5.99,20,-1.5,0.0,3.5
6.0,1,-1.5,0.0,3.5
6.0,2,-0.75,0.0,3.5
6.0,3,0.0,0.0,3.5
6.0,4,0.75,0.0,3.5
6.0,5,1.5,0.0,3.5
6.0,6,1.5,0.0,3.5
6.0,7,1.5,0.0,4.25
6.0,8,1.5,0.0,5.0
6.0,9,1.35,0.0,5.25
6.0,10,1.15,0.0,4.77
6.0,11,0.97,0.0,4.29
6.0,12,0.5,0.0,4.78
6.0,13,-0.12,0.0,5.34
6.0,14,-0.81,0.0,6.0
6.0,15,-1.5,0.0,6.5
6.0,16,-1.5,0.0,6.5
6.0,17,-1.5,0.0,5.75
6.0,18,-1.5,0.0,5.0
6.0,19,-1.5,0.0,4.25
6.0,20,-1.5,0.0,3.5
6.02,1,-1.5,0.0,3.5
6.02,2,-0.75,0.0,3.5
6.02,3,0.0,0.0,3.5
6.02,4,0.75,0.0,3.5
6.02,5,1.5,0.0,3.5
6.02,6,1.5,0.0,3.5
6.02,7,1.5,0.0,4.25
6.02,8,1.5,0.0,5.0
6.02,9,1.36,0.0,5.3
6.02,10,1.16,0.0,4.82
6.02,11,0.98,0.0,4.33
6.02,12,0.51,0.0,4.83
6.02,13,-0.11,0.0,5.39
6.02,14,-0.8,0.0,6.05
6.02,15,-1.5,0.0,6.5
6.02,16,-1.5,0.0,6.5
6.02,17,-1.5,0.0,5.75
6.02,18,-1.5,0.0,5.0
6.02,19,-1.5,0.0,4.25
6.02,20,-1.5,0.0,3.5
6.04,1,-1.5,0.0,3.5
6.04,2,-0.75,0.0,3.5
6.04,3,0.0,0.0,3.5
6.04,4,0.75,0.0,3.5
6.04,5,1.5,0.0,3.5
6.04,6,1.5,0.0,3.5
6.04,7,1.5,0.0,4.25
6.04,8,1.5,0.0,5.0
6.04,9,1.38,0.0,5.35
6.04,10,1.17,0.0,4.87
6.04,11,0.99,0.0,4.38
6.04,12,0.51,0.0,4.87
6.04,13,-0.11,0.0,5.44
6.04,14,-0.8,0.0,6.1
6.04,15,-1.5,0.0,6.5
6.04,16,-1.5,0.0,6.5
6.04,17,-1.5,0.0,5.75
6.04,18,-1.5,0.0,5.0
6.04,19,-1.5,0.0,4.25
6.04,20,-1.5,0.0,3.5
6.05,1,-1.5,0.0,3.5
6.05,2,-0.75,0.0,3.5
6.05,3,0.0,0.0,3.5
6.05,4,0.75,0.0,3.5
6.05,5,1.5,0.0,3.5
6.05,6,1.5,0.0,3.5
6.05,7,1.5,0.0,4.25
6.05,8,1.5,0.0,5.0
6.05,9,1.39,0.0,5.4
6.05,10,1.18,0.0,4.92
6.05,11,1.0,0.0,4.43
6.05,12,0.52,0.0,4.92
6.05,13,-0.1,0.0,5.49
6.05,14,-0.79,0.0,6.14
6.05,15,-1.5,0.0,6.5
6.05,16,-1.5,0.0,6.5
6.05,17,-1.5,0.0,5.75
6.05,18,-1.5,0.0,5.0
6.05,19,-1.5,0.0,4.25
6.05,20,-1.5,0.0,3.5
6.07,1,-1.5,0.0,3.5
6.07,2,-0.75,0.0,3.5
6.07,3,0.0,0.0,3.5
6.07,4,0.75,0.0,3.5
6.07,5,1.5,0.0,3.5
6.07,6,1.5,0.0,3.5
6.07,7,1.5,0.0,4.25
6.07,8,1.5,0.0,5.0
6.07,9,1.41,0.0,5.45
6.07,10,1.18,0.0,4.97
6.07,11,1.02,0.0,4.48
6.07,12,0.53,0.0,4.97
6.07,13,-0.1,0.0,5.54
6.07,14,-0.78,0.0,6.19
6.07,15,-1.5,0.0,6.5
6.07,16,-1.5,0.0,6.5
6.07,17,-1.5,0.0,5.75
6.07,18,-1.5,0.0,5.0
6.07,19,-1.5,0.0,4.25
6.07,20,-1.5,0.0,3.5
6.08,1,-1.5,0.0,3.5
6.08,2,-0.75,0.0,3.5
6.08,3,0.0,0.0,3.5
6.08,4,0.75,0.0,3.5
6.08,5,1.5,0.0,3.5
6.08,6,1.5,0.0,3.5
6.08,7,1.5,0.0,4.25
6.08,8,1.5,0.0,5.0
6.08,9,1.42,0.0,5.49
6.08,10,1.19,0.0,5.02
6.08,11,1.03,0.0,4.53
6.08,12,0.53,0.0,5.02
6.08,13,-0.09,0.0,5.59
6.08,14,-0.78,0.0,6.24
6.08,15,-1.5,0.0,6.5
6.08,16,-1.5,0.0,6.5
6.08,17,-1.5,0.0,5.75
6.08,18,-1.5,0.0,5.0
6.08,19,-1.5,0.0,4.25
6.08,20,-1.5,0.0,3.5
6.1,1,-1.5,0.0,3.5
6.1,2,-0.75,0.0,3.5
6.1,3,0.0,0.0,3.5
6.1,4,0.75,0.0,3.5
6.1,5,1.5,0.0,3.5
6.1,6,1.5,0.0,3.5
6.1,7,1.5,0.0,4.25
6.1,8,1.5,0.0,5.0
6.1,9,1.44,0.0,5.54
6.1,10,1.2,0.0,5.06
6.1,11,1.04,0.0,4.58
6.1,12,0.54,0.0,5.07
6.1,13,-0.09,0.0,5.63
6.1,14,-0.77,0.0,6.29
6.1,15,-1.5,0.0,6.5
6.1,16,-1.5,0.0,6.5
6.1,17,-1.5,0.0,5.75
6.1,18,-1.5,0.0,5.0
6.1,19,-1.5,0.0,4.25
6.1,20,-1.5,0.0,3.5
6.12,1,-1.5,0.0,3.5
6.12,2,-0.75,0.0,3.5
6.12,3,0.0,0.0,3.5
6.12,4,0.75,0.0,3.5
6.12,5,1.5,0.0,3.5
6.12,6,1.5,0.0,3.5
6.12,7,1.5,0.0,4.25
6.12,8,1.5,0.0,5.0
6.12,9,1.45,0.0,5.59
6.12,10,1.2,0.0,5.11
6.12,11,1.05,0.0,4.62
6.12,12,0.55,0.0,5.12
6.12,13,-0.08,0.0,5.68
6.12,14,-0.77,0.0,6.34
6.12,15,-1.5,0.0,6.5
6.12,16,-1.5,0.0,6.5
6.12,17,-1.5,0.0,5.75
6.12,18,-1.5,0.0,5.0
6.12,19,-1.5,0.0,4.25
6.12,20,-1.5,0.0,3.5
6.13,1,-1.5,0.0,3.5
6.13,2,-0.75,0.0,3.5
6.13,3,0.0,0.0,3.5
6.13,4,0.75,0.0,3.5
6.13,5,1.5,0.0,3.5
6.13,6,1.5,0.0,3.5
6.13,7,1.5,0.0,4.25
6.13,8,1.5,0.0,5.0
6.13,9,1.46,0.0,5.64
6.13,10,1.21,0.0,5.16
6.13,11,1.06,0.0,4.67
6.13,12,0.56,0.0,5.17
6.13,13,-0.08,0.0,5.73
6.13,14,-0.76,0.0,6.39
6.13,15,-1.5,0.0,6.5
6.13,16,-1.5,0.0,6.5
6.13,17,-1.5,0.0,5.75
6.13,18,-1.5,0.0,5.0
6.13,19,-1.5,0.0,4.25
6.13,20,-1.5,0.0,3.5
6.15,1,-1.5,0.0,3.5
6.15,2,-0.75,0.0,3.5
6.15,3,0.0,0.0,3.5
6.15,4,0.75,0.0,3.5
6.15,5,1.5,0.0,3.5
6.15,6,1.5,0.0,3.5
6.15,7,1.5,0.0,4.25
6.15,8,1.5,0.0,5.0
6.15,9,1.48,0.0,5.69
6.15,10,1.22,0.0,5.21
6.15,11,1.07,0.0,4.72
6.15,12,0.56,0.0,5.22
6.15,13,-0.07,0.0,5.78
6.15,14,-0.76,0.0,6.44
6.15,15,-1.5,0.0,6.5
6.15,16,-1.5,0.0,6.5
6.15,17,-1.5,0.0,5.75
6.15,18,-1.5,0.0,5.0
6.15,19,-1.5,0.0,4.25
6.15,20,-1.5,0.0,3.5
6.16,1,-1.5,0.0,3.5
6.16,2,-0.75,0.0,3.5
6.16,3,0.0,0.0,3.5
6.16,4,0.75,0.0,3.5
6.16,5,1.5,0.0,3.5
6.16,6,1.5,0.0,3.5
6.16,7,1.5,0.0,4.25
6.16,8,1.5,0.0,5.0
6.16,9,1.49,0.0,5.73
6.16,10,1.23,0.0,5.26
6.16,11,1.09,0.0,4.77
6.16,12,0.57,0.0,5.27
6.16,13,-0.07,0.0,5.83
6.16,14,-0.75,0.0,6.49
6.16,15,-1.5,0.0,6.5
6.16,16,-1.5,0.0,6.5
6.16,17,-1.5,0.0,5.75
6.16,18,-1.5,0.0,5.0
6.16,19,-1.5,0.0,4.25
6.16,20,-1.5,0.0,3.5
6.18,1,-1.5,0.0,3.5
6.18,2,-0.75,0.0,3.5
6.18,3,0.0,0.0,3.5
6.18,4,0.75,0.0,3.5
6.18,5,1.5,0.0,3.5
6.18,6,1.5,0.0,3.5
6.18,7,1.5,0.0,4.25
6.18,8,1.5,0.0,5.0
6.18,9,1.5,0.0,5.75
6.18,10,1.24,0.0,5.31
6.18,11,1.1,0.0,4.82
6.18,12,0.58,0.0,5.32
6.18,13,-0.06,0.0,5.88
6.18,14,-0.75,0.0,6.5
6.18,15,-1.5,0.0,6.5
6.18,16,-1.5,0.0,6.5
6.18,17,-1.5,0.0,5.75
6.18,18,-1.5,0.0,5.0
6.18,19,-1.5,0.0,4.25
6.18,20,-1.5,0.0,3.5
6.19,1,-1.5,0.0,3.5
6.19,2,-0.75,0.0,3.5
6.19,3,0.0,0.0,3.5
6.19,4,0.75,0.0,3.5
6.19,5,1.5,0.0,3.5
6.19,6,1.5,0.0,3.5
6.19,7,1.5,0.0,4.25
6.19,8,1.5,0.0,5.0
6.19,9,1.5,0.0,5.75
6.19,10,1.25,0.0,5.36
6.19,11,1.11,0.0,4.87
6.19,12,0.59,0.0,5.37
6.19,13,-0.06,0.0,5.93
6.19,14,-0.75,0.0,6.5
6.19,15,-1.5,0.0,6.5
6.19,16,-1.5,0.0,6.5
6.19,17,-1.5,0.0,5.75
6.19,18,-1.5,0.0,5.0
6.19,19,-1.5,0.0,4.25
6.19,20,-1.5,0.0,3.5
6.21,1,-1.5,0.0,3.5
6.21,2,-0.75,0.0,3.5
6.21,3,0.0,0.0,3.5
6.21,4,0.75,0.0,3.5
6.21,5,1.5,0.0,3.5
6.21,6,1.5,0.0,3.5
6.21,7,1.5,0.0,4.25
6.21,8,1.5,0.0,5.0
6.21,9,1.5,0.0,5.75
6.21,10,1.26,0.0,5.41
6.21,11,1.12,0.0,4.92
6.21,12,0.59,0.0,5.42
6.21,13,-0.05,0.0,5.98
6.21,14,-0.75,0.0,6.5
6.21,15,-1.5,0.0,6.5
6.21,16,-1.5,0.0,6.5
6.21,17,-1.5,0.0,5.75
6.21,18,-1.5,0.0,5.0
6.21,19,-1.5,0.0,4.25
6.21,20,-1.5,0.0,3.5
6.22,1,-1.5,0.0,3.5
6.22,2,-0.75,0.0,3.5
6.22,3,0.0,0.0,3.5
6.22,4,0.75,0.0,3.5
6.22,5,1.5,0.0,3.5
6.22,6,1.5,0.0,3.5
6.22,7,1.5,0.0,4.25
6.22,8,1.5,0.0,5.0
6.22,9,1.5,0.0,5.75
6.22,10,1.27,0.0,5.46
6.22,11,1.13,0.0,4.96
6.22,12,0.6,0.0,5.47
6.22,13,-0.05,0.0,6.03
6.22,14,-0.75,0.0,6.5
6.22,15,-1.5,0.0,6.5
6.22,16,-1.5,0.0,6.5
6.22,17,-1.5,0.0,5.75
6.22,18,-1.5,0.0,5.0
6.22,19,-1.5,0.0,4.25
6.22,20,-1.5,0.0,3.5
6.24,1,-1.5,0.0,3.5
6.24,2,-0.75,0.0,3.5
6.24,3,0.0,0.0,3.5
6.24,4,0.75,0.0,3.5
6.24,5,1.5,0.0,3.5
6.24,6,1.5,0.0,3.5
6.24,7,1.5,0.0,4.25
6.24,8,1.5,0.0,5.0
6.24,9,1.5,0.0,5.75
6.24,10,1.28,0.0,5.51
6.24,11,1.14,0.0,5.01
6.24,12,0.61,0.0,5.52
6.24,13,-0.04,0.0,6.08
6.24,14,-0.75,0.0,6.5
6.24,15,-1.5,0.0,6.5
6.24,16,-1.5,0.0,6.5
6.24,17,-1.5,0.0,5.75
6.24,18,-1.5,0.0,5.0
6.24,19,-1.5,0.0,4.25
6.24,20,-1.5,0.0,3.5
6.26,1,-1.5,0.0,3.5
6.26,2,-0.75,0.0,3.5
6.26,3,0.0,0.0,3.5
6.26,4,0.75,0.0,3.5
6.26,5,1.5,0.0,3.5
6.26,6,1.5,0.0,3.5
6.26,7,1.5,0.0,4.25
6.26,8,1.5,0.0,5.0
6.26,9,1.5,0.0,5.75
6.26,10,1.29,0.0,5.55
6.26,11,1.15,0.0,5.06
6.26,12,0.61,0.0,5.57
6.26,13,-0.04,0.0,6.13
6.26,14,-0.75,0.0,6.5
6.26,15,-1.5,0.0,6.5
6.26,16,-1.5,0.0,6.5
6.26,17,-1.5,0.0,5.75
6.26,18,-1.5,0.0,5.0
6.26,19,-1.5,0.0,4.25
6.26,20,-1.5,0.0,3.5
6.27,1,-1.5,0.0,3.5
6.27,2,-0.75,0.0,3.5
6.27,3,0.0,0.0,3.5
6.27,4,0.75,0.0,3.5
6.27,5,1.5,0.0,3.5
6.27,6,1.5,0.0,3.5
6.27,7,1.5,0.0,4.25
6.27,8,1.5,0.0,5.0
6.27,9,1.5,0.0,5.75
6.27,10,1.3,0.0,5.6
6.27,11,1.16,0.0,5.11
6.27,12,0.62,0.0,5.61
6.27,13,-0.03,0.0,6.18
6.27,14,-0.75,0.0,6.5
6.27,15,-1.5,0.0,6.5
6.27,16,-1.5,0.0,6.5
6.27,17,-1.5,0.0,5.75
6.27,18,-1.5,0.0,5.0
6.27,19,-1.5,0.0,4.25
6.27,20,-1.5,0.0,3.5
6.29,1,-1.5,0.0,3.5
6.29,2,-0.75,0.0,3.5
6.29,3,0.0,0.0,3.5
6.29,4,0.75,0.0,3.5
6.29,5,1.5,0.0,3.5
6.29,6,1.5,0.0,3.5
6.29,7,1.5,0.0,4.25
6.29,8,1.5,0.0,5.0
6.29,9,1.5,0.0,5.75
6.29,10,1.3,0.0,5.64
6.29,11,1.17,0.0,5.16
6.29,12,0.63,0.0,5.66
6.29,13,-0.03,0.0,6.23
6.29,14,-0.75,0.0,6.5
6.29,15,-1.5,0.0,6.5
6.29,16,-1.5,0.0,6.5
6.29,17,-1.5,0.0,5.75
6.29,18,-1.5,0.0,5.0
6.29,19,-1.5,0.0,4.25
6.29,20,-1.5,0.0,3.5
6.3,1,-1.5,0.0,3.5
6.3,2,-0.75,0.0,3.5
6.3,3,0.0,0.0,3.5
6.3,4,0.75,0.0,3.5
6.3,5,1.5,0.0,3.5
6.3,6,1.5,0.0,3.5
6.3,7,1.5,0.0,4.25
6.3,8,1.5,0.0,5.0
6.3,9,1.5,0.0,5.75
6.3,10,1.31,0.0,5.69
6.3,11,1.18,0.0,5.21
6.3,12,0.64,0.0,5.71
6.3,13,-0.02,0.0,6.28
6.3,14,-0.75,0.0,6.5
6.3,15,-1.5,0.0,6.5
6.3,16,-1.5,0.0,6.5
6.3,17,-1.5,0.0,5.75
6.3,18,-1.5,0.0,5.0
6.3,19,-1.5,0.0,4.25
6.3,20,-1.5,0.0,3.5
6.32,1,-1.5,0.0,3.5
6.32,2,-0.75,0.0,3.5
6.32,3,0.0,0.0,3.5
6.32,4,0.75,0.0,3.5
6.32,5,1.5,0.0,3.5
6.32,6,1.5,0.0,3.5
6.32,7,1.5,0.0,4.25
6.32,8,1.5,0.0,5.0
6.32,9,1.5,0.0,5.75
6.32,10,1.31,0.0,5.73
6.32,11,1.19,0.0,5.26
6.32,12,0.64,0.0,5.76
6.32,13,-0.02,0.0,6.33
6.32,14,-0.75,0.0,6.5
6.32,15,-1.5,0.0,6.5
6.32,16,-1.5,0.0,6.5
6.32,17,-1.5,0.0,5.75
6.32,18,-1.5,0.0,5.0
6.32,19,-1.5,0.0,4.25
6.32,20,-1.5,0.0,3.5
6.33,1,-1.5,0.0,3.5
6.33,2,-0.75,0.0,3.5
6.33,3,0.0,0.0,3.5
6.33,4,0.75,0.0,3.5
6.33,5,1.5,0.0,3.5
6.33,6,1.5,0.0,3.5
6.33,7,1.5,0.0,4.25
6.33,8,1.5,0.0,5.0
6.33,9,1.5,0.0,5.75
6.33,10,1.32,0.0,5.78
6.33,11,1.21,0.0,5.3
6.33,12,0.65,0.0,5.81
6.33,13,-0.01,0.0,6.38
6.33,14,-0.75,0.0,6.5
6.33,15,-1.5,0.0,6.5
6.33,16,-1.5,0.0,6.5
6.33,17,-1.5,0.0,5.75
6.33,18,-1.5,0.0,5.0
6.33,19,-1.5,0.0,4.25
6.33,20,-1.5,0.0,3.5
6.35,1,-1.5,0.0,3.5
6.35,2,-0.75,0.0,3.5
6.35,3,0.0,0.0,3.5
6.35,4,0.75,0.0,3.5
6.35,5,1.5,0.0,3.5
6.35,6,1.5,0.0,3.5
6.35,7,1.5,0.0,4.25
6.35,8,1.5,0.0,5.0
6.35,9,1.5,0.0,5.75
6.35,10,1.32,0.0,5.83
6.35,11,1.22,0.0,5.35
6.35,12,0.66,0.0,5.86
6.35,13,-0.01,0.0,6.43
6.35,14,-0.75,0.0,6.5
6.35,15,-1.5,0.0,6.5
6.35,16,-1.5,0.0,6.5
6.35,17,-1.5,0.0,5.75
6.35,18,-1.5,0.0,5.0
6.35,19,-1.5,0.0,4.25
6.35,20,-1.5,0.0,3.5
6.37,1,-1.5,0.0,3.5
6.37,2,-0.75,0.0,3.5
6.37,3,0.0,0.0,3.5
6.37,4,0.75,0.0,3.5
6.37,5,1.5,0.0,3.5
6.37,6,1.5,0.0,3.5
6.37,7,1.5,0.0,4.25
6.37,8,1.5,0.0,5.0
6.37,9,1.5,0.0,5.75
6.37,10,1.33,0.0,5.88
6.37,11,1.23,0.0,5.4
6.37,12,0.66,0.0,5.91
6.37,13,-0.0,0.0,6.48
6.37,14,-0.75,0.0,6.5
6.37,15,-1.5,0.0,6.5
6.37,16,-1.5,0.0,6.5
6.37,17,-1.5,0.0,5.75
6.37,18,-1.5,0.0,5.0
6.37,19,-1.5,0.0,4.25
6.37,20,-1.5,0.0,3.5
6.38,1,-1.5,0.0,3.5
6.38,2,-0.75,0.0,3.5
6.38,3,0.0,0.0,3.5
6.38,4,0.75,0.0,3.5
6.38,5,1.5,0.0,3.5
6.38,6,1.5,0.0,3.5
6.38,7,1.5,0.0,4.25
6.38,8,1.5,0.0,5.0
6.38,9,1.5,0.0,5.75
6.38,10,1.34,0.0,5.94
6.38,11,1.24,0.0,5.45
6.38,12,0.67,0.0,5.96
6.38,13,0.0,0.0,6.5
6.38,14,-0.75,0.0,6.5
6.38,15,-1.5,0.0,6.5
6.38,16,-1.5,0.0,6.5
6.38,17,-1.5,0.0,5.75
6.38,18,-1.5,0.0,5.0
6.38,19,-1.5,0.0,4.25
6.38,20,-1.5,0.0,3.5
6.4,1,-1.5,0.0,3.5
6.4,2,-0.75,0.0,3.5
6.4,3,0.0,0.0,3.5
6.4,4,0.75,0.0,3.5
6.4,5,1.5,0.0,3.5
6.4,6,1.5,0.0,3.5
6.4,7,1.5,0.0,4.25
6.4,8,1.5,0.0,5.0
6.4,9,1.5,0.0,5.75
6.4,10,1.35,0.0,5.99
6.4,11,1.25,0.0,5.5
6.4,12,0.68,0.0,6.01
6.4,13,0.0,0.0,6.5
6.4,14,-0.75,0.0,6.5
6.4,15,-1.5,0.0,6.5
6.4,16,-1.5,0.0,6.5
6.4,17,-1.5,0.0,5.75
6.4,18,-1.5,0.0,5.0
6.4,19,-1.5,0.0,4.25
6.4,20,-1.5,0.0,3.5
6.41,1,-1.5,0.0,3.5
6.41,2,-0.75,0.0,3.5
6.41,3,0.0,0.0,3.5
6.41,4,0.75,0.0,3.5
6.41,5,1.5,0.0,3.5
6.41,6,1.5,0.0,3.5
6.41,7,1.5,0.0,4.25
6.41,8,1.5,0.0,5.0
6.41,9,1.5,0.0,5.75
6.41,10,1.36,0.0,6.04
6.41,11,1.26,0.0,5.54
6.41,12,0.69,0.0,6.06
6.41,13,0.0,0.0,6.5
6.41,14,-0.75,0.0,6.5
6.41,15,-1.5,0.0,6.5
6.41,16,-1.5,0.0,6.5
6.41,17,-1.5,0.0,5.75
6.41,18,-1.5,0.0,5.0
6.41,19,-1.5,0.0,4.25
6.41,20,-1.5,0.0,3.5
6.43,1,-1.5,0.0,3.5
6.43,2,-0.75,0.0,3.5
6.43,3,0.0,0.0,3.5
6.43,4,0.75,0.0,3.5
6.43,5,1.5,0.0,3.5
6.43,6,1.5,0.0,3.5
6.43,7,1.5,0.0,4.25
6.43,8,1.5,0.0,5.0
6.43,9,1.5,0.0,5.75
6.43,10,1.37,0.0,6.09
6.43,11,1.27,0.0,5.59
6.43,12,0.69,0.0,6.11
6.43,13,0.0,0.0,6.5
6.43,14,-0.75,0.0,6.5
6.43,15,-1.5,0.0,6.5
6.43,16,-1.5,0.0,6.5
6.43,17,-1.5,0.0,5.75
6.43,18,-1.5,0.0,5.0
6.43,19,-1.5,0.0,4.25
6.43,20,-1.5,0.0,3.5
6.45,1,-1.5,0.0,3.5
6.45,2,-0.75,0.0,3.5
6.45,3,0.0,0.0,3.5
6.45,4,0.75,0.0,3.5
6.45,5,1.5,0.0,3.5
6.45,6,1.5,0.0,3.5
6.45,7,1.5,0.0,4.25
6.45,8,1.5,0.0,5.0
6.45,9,1.5,0.0,5.75
6.45,10,1.39,0.0,6.14
6.45,11,1.28,0.0,5.63
6.45,12,0.7,0.0,6.16
6.45,13,0.0,0.0,6.5
6.45,14,-0.75,0.0,6.5
6.45,15,-1.5,0.0,6.5
6.45,16,-1.5,0.0,6.5
6.45,17,-1.5,0.0,5.75
6.45,18,-1.5,0.0,5.0
6.45,19,-1.5,0.0,4.25
6.45,20,-1.5,0.0,3.5
6.46,1,-1.5,0.0,3.5
6.46,2,-0.75,0.0,3.5
6.46,3,0.0,0.0,3.5
6.46,4,0.75,0.0,3.5
6.46,5,1.5,0.0,3.5
6.46,6,1.5,0.0,3.5
6.46,7,1.5,0.0,4.25
6.46,8,1.5,0.0,5.0
6.46,9,1.5,0.0,5.75
6.46,10,1.4,0.0,6.19
6.46,11,1.29,0.0,5.68
6.46,12,0.71,0.0,6.21
6.46,13,0.0,0.0,6.5
6.46,14,-0.75,0.0,6.5
6.46,15,-1.5,0.0,6.5
6.46,16,-1.5,0.0,6.5
6.46,17,-1.5,0.0,5.75
6.46,18,-1.5,0.0,5.0
6.46,19,-1.5,0.0,4.25
6.46,20,-1.5,0.0,3.5
6.48,1,-1.5,0.0,3.5
6.48,2,-0.75,0.0,3.5
6.48,3,0.0,0.0,3.5
6.48,4,0.75,0.0,3.5
6.48,5,1.5,0.0,3.5
6.48,6,1.5,0.0,3.5
6.48,7,1.5,0.0,4.25
6.48,8,1.5,0.0,5.0
6.48,9,1.5,0.0,5.75
6.48,10,1.42,0.0,6.24
6.48,11,1.29,0.0,5.72
6.48,12,0.71,0.0,6.26
6.48,13,0.0,0.0,6.5
6.48,14,-0.75,0.0,6.5
6.48,15,-1.5,0.0,6.5
6.48,16,-1.5,0.0,6.5
6.48,17,-1.5,0.0,5.75
6.48,18,-1.5,0.0,5.0
6.48,19,-1.5,0.0,4.25
6.48,20,-1.5,0.0,3.5
6.49,1,-1.5,0.0,3.5
6.49,2,-0.75,0.0,3.5
6.49,3,0.0,0.0,3.5
6.49,4,0.75,0.0,3.5
6.49,5,1.5,0.0,3.5
6.49,6,1.5,0.0,3.5
6.49,7,1.5,0.0,4.25
6.49,8,1.5,0.0,5.0
6.49,9,1.5,0.0,5.75
6.49,10,1.43,0.0,6.29
6.49,11,1.3,0.0,5.77
6.49,12,0.72,0.0,6.3
6.49,13,0.0,0.0,6.5
6.49,14,-0.75,0.0,6.5
6.49,15,-1.5,0.0,6.5
6.49,16,-1.5,0.0,6.5
6.49,17,-1.5,0.0,5.75
6.49,18,-1.5,0.0,5.0
6.49,19,-1.5,0.0,4.25
6.49,20,-1.5,0.0,3.5
6.51,1,-1.5,0.0,3.5
6.51,2,-0.75,0.0,3.5
6.51,3,0.0,0.0,3.5
6.51,4,0.75,0.0,3.5
6.51,5,1.5,0.0,3.5
6.51,6,1.5,0.0,3.5
6.51,7,1.5,0.0,4.25
6.51,8,1.5,0.0,5.0
6.51,9,1.5,0.0,5.75
6.51,10,1.45,0.0,6.33
6.51,11,1.31,0.0,5.82
6.51,12,0.73,0.0,6.35
6.51,13,0.0,0.0,6.5
6.51,14,-0.75,0.0,6.5
6.51,15,-1.5,0.0,6.5
6.51,16,-1.5,0.0,6.5
6.51,17,-1.5,0.0,5.75
6.51,18,-1.5,0.0,5.0
6.51,19,-1.5,0.0,4.25
6.51,20,-1.5,0.0,3.5
6.52,1,-1.5,0.0,3.5
6.52,2,-0.75,0.0,3.5
6.52,3,0.0,0.0,3.5
6.52,4,0.75,0.0,3.5
6.52,5,1.5,0.0,3.5
6.52,6,1.5,0.0,3.5
6.52,7,1.5,0.0,4.25
6.52,8,1.5,0.0,5.0
6.52,9,1.5,0.0,5.75
6.52,10,1.46,0.0,6.38
6.52,11,1.31,0.0,5.87
6.52,12,0.74,0.0,6.4
6.52,13,0.0,0.0,6.5
6.52,14,-0.75,0.0,6.5
6.52,15,-1.5,0.0,6.5
6.52,16,-1.5,0.0,6.5
6.52,17,-1.5,0.0,5.75
6.52,18,-1.5,0.0,5.0
6.52,19,-1.5,0.0,4.25
6.52,20,-1.5,0.0,3.5
6.54,1,-1.5,0.0,3.5
6.54,2,-0.75,0.0,3.5
6.54,3,0.0,0.0,3.5
6.54,4,0.75,0.0,3.5
6.54,5,1.5,0.0,3.5
6.54,6,1.5,0.0,3.5
6.54,7,1.5,0.0,4.25
6.54,8,1.5,0.0,5.0
6.54,9,1.5,0.0,5.75
6.54,10,1.48,0.0,6.43
6.54,11,1.32,0.0,5.92
6.54,12,0.74,0.0,6.45
6.54,13,0.0,0.0,6.5
6.54,14,-0.75,0.0,6.5
6.54,15,-1.5,0.0,6.5
6.54,16,-1.5,0.0,6.5
6.54,17,-1.5,0.0,5.75
6.54,18,-1.5,0.0,5.0
6.54,19,-1.5,0.0,4.25
6.54,20,-1.5,0.0,3.5
6.56,1,-1.5,0.0,3.5
6.56,2,-0.75,0.0,3.5
6.56,3,0.0,0.0,3.5
6.56,4,0.75,0.0,3.5
6.56,5,1.5,0.0,3.5
6.56,6,1.5,0.0,3.5
6.56,7,1.5,0.0,4.25
6.56,8,1.5,0.0,5.0
6.56,9,1.5,0.0,5.75
6.56,10,1.49,0.0,6.48
6.56,11,1.33,0.0,5.97
6.56,12,0.75,0.0,6.5
6.56,13,0.0,0.0,6.5
6.56,14,-0.75,0.0,6.5
6.56,15,-1.5,0.0,6.5
6.56,16,-1.5,0.0,6.5
6.56,17,-1.5,0.0,5.75
6.56,18,-1.5,0.0,5.0
6.56,19,-1.5,0.0,4.25
6.56,20,-1.5,0.0,3.5
6.57,1,-1.5,0.0,3.5
6.57,2,-0.75,0.0,3.5
6.57,3,0.0,0.0,3.5
6.57,4,0.75,0.0,3.5
6.57,5,1.5,0.0,3.5
6.57,6,1.5,0.0,3.5
6.57,7,1.5,0.0,4.25
6.57,8,1.5,0.0,5.0
6.57,9,1.5,0.0,5.75
6.57,10,1.5,0.0,6.5
6.57,11,1.34,0.0,6.02
6.57,12,0.75,0.0,6.5
6.57,13,0.0,0.0,6.5
6.57,14,-0.75,0.0,6.5
6.57,15,-1.5,0.0,6.5
6.57,16,-1.5,0.0,6.5
6.57,17,-1.5,0.0,5.75
6.57,18,-1.5,0.0,5.0
6.57,19,-1.5,0.0,4.25
6.57,20,-1.5,0.0,3.5
6.59,1,-1.5,0.0,3.5
6.59,2,-0.75,0.0,3.5
6.59,3,0.0,0.0,3.5
6.59,4,0.75,0.0,3.5
6.59,5,1.5,0.0,3.5
6.59,6,1.5,0.0,3.5
6.59,7,1.5,0.0,4.25
6.59,8,1.5,0.0,5.0
6.59,9,1.5,0.0,5.75
6.59,10,1.5,0.0,6.5
6.59,11,1.36,0.0,6.07
6.59,12,0.75,0.0,6.5
6.59,13,0.0,0.0,6.5
6.59,14,-0.75,0.0,6.5
6.59,15,-1.5,0.0,6.5
6.59,16,-1.5,0.0,6.5
6.59,17,-1.5,0.0,5.75
6.59,18,-1.5,0.0,5.0
6.59,19,-1.5,0.0,4.25
6.59,20,-1.5,0.0,3.5
6.6,1,-1.5,0.0,3.5
6.6,2,-0.75,0.0,3.5
6.6,3,0.0,0.0,3.5
6.6,4,0.75,0.0,3.5
6.6,5,1.5,0.0,3.5
6.6,6,1.5,0.0,3.5
6.6,7,1.5,0.0,4.25
6.6,8,1.5,0.0,5.0
6.6,9,1.5,0.0,5.75
6.6,10,1.5,0.0,6.5
6.6,11,1.37,0.0,6.12
6.6,12,0.75,0.0,6.5
6.6,13,0.0,0.0,6.5
6.6,14,-0.75,0.0,6.5
6.6,15,-1.5,0.0,6.5
6.6,16,-1.5,0.0,6.5
6.6,17,-1.5,0.0,5.75
6.6,18,-1.5,0.0,5.0
6.6,19,-1.5,0.0,4.25
6.6,20,-1.5,0.0,3.5
6.62,1,-1.5,0.0,3.5
6.62,2,-0.75,0.0,3.5
6.62,3,0.0,0.0,3.5
6.62,4,0.75,0.0,3.5
6.62,5,1.5,0.0,3.5
6.62,6,1.5,0.0,3.5
6.62,7,1.5,0.0,4.25
6.62,8,1.5,0.0,5.0
6.62,9,1.5,0.0,5.75
6.62,10,1.5,0.0,6.5
6.62,11,1.39,0.0,6.17
6.62,12,0.75,0.0,6.5
6.62,13,0.0,0.0,6.5
6.62,14,-0.75,0.0,6.5
6.62,15,-1.5,0.0,6.5
6.62,16,-1.5,0.0,6.5
6.62,17,-1.5,0.0,5.75
6.62,18,-1.5,0.0,5.0
6.62,19,-1.5,0.0,4.25
6.62,20,-1.5,0.0,3.5
6.63,1,-1.5,0.0,3.5
6.63,2,-0.75,0.0,3.5
6.63,3,0.0,0.0,3.5
6.63,4,0.75,0.0,3.5
6.63,5,1.5,0.0,3.5
6.63,6,1.5,0.0,3.5
6.63,7,1.5,0.0,4.25
6.63,8,1.5,0.0,5.0
6.63,9,1.5,0.0,5.75
6.63,10,1.5,0.0,6.5
6.63,11,1.4,0.0,6.22
6.63,12,0.75,0.0,6.5
6.63,13,0.0,0.0,6.5
6.63,14,-0.75,0.0,6.5
6.63,15,-1.5,0.0,6.5
6.63,16,-1.5,0.0,6.5
6.63,17,-1.5,0.0,5.75
6.63,18,-1.5,0.0,5.0
6.63,19,-1.5,0.0,4.25
6.63,20,-1.5,0.0,3.5
6.65,1,-1.5,0.0,3.5
6.65,2,-0.75,0.0,3.5
6.65,3,0.0,0.0,3.5
6.65,4,0.75,0.0,3.5
6.65,5,1.5,0.0,3.5
6.65,6,1.5,0.0,3.5
6.65,7,1.5,0.0,4.25
6.65,8,1.5,0.0,5.0
6.65,9,1.5,0.0,5.75
6.65,10,1.5,0.0,6.5
6.65,11,1.42,0.0,6.26
6.65,12,0.75,0.0,6.5
6.65,13,0.0,0.0,6.5
6.65,14,-0.75,0.0,6.5
6.65,15,-1.5,0.0,6.5
6.65,16,-1.5,0.0,6.5
6.65,17,-1.5,0.0,5.75
6.65,18,-1.5,0.0,5.0
6.65,19,-1.5,0.0,4.25
6.65,20,-1.5,0.0,3.5
6.67,1,-1.5,0.0,3.5
6.67,2,-0.75,0.0,3.5
6.67,3,0.0,0.0,3.5
6.67,4,0.75,0.0,3.5
6.67,5,1.5,0.0,3.5
6.67,6,1.5,0.0,3.5
6.67,7,1.5,0.0,4.25
6.67,8,1.5,0.0,5.0
6.67,9,1.5,0.0,5.75
6.67,10,1.5,0.0,6.5
6.67,11,1.43,0.0,6.3
6.67,12,0.75,0.0,6.5
6.67,13,0.0,0.0,6.5
6.67,14,-0.75,0.0,6.5
6.67,15,-1.5,0.0,6.5
6.67,16,-1.5,0.0,6.5
6.67,17,-1.5,0.0,5.75
6.67,18,-1.5,0.0,5.0
6.67,19,-1.5,0.0,4.25
6.67,20,-1.5,0.0,3.5
6.68,1,-1.5,0.0,3.5
6.68,2,-0.75,0.0,3.5
6.68,3,0.0,0.0,3.5
6.68,4,0.75,0.0,3.5
6.68,5,1.5,0.0,3.5
6.68,6,1.5,0.0,3.5
6.68,7,1.5,0.0,4.25
6.68,8,1.5,0.0,5.0
6.68,9,1.5,0.0,5.75
6.68,10,1.5,0.0,6.5
6.68,11,1.45,0.0,6.34
6.68,12,0.75,0.0,6.5
6.68,13,0.0,0.0,6.5
6.68,14,-0.75,0.0,6.5
6.68,15,-1.5,0.0,6.5
6.68,16,-1.5,0.0,6.5
6.68,17,-1.5,0.0,5.75
6.68,18,-1.5,0.0,5.0
6.68,19,-1.5,0.0,4.25
6.68,20,-1.5,0.0,3.5
6.7,1,-1.5,0.0,3.5
6.7,2,-0.75,0.0,3.5
6.7,3,0.0,0.0,3.5
6.7,4,0.75,0.0,3.5
6.7,5,1.5,0.0,3.5
6.7,6,1.5,0.0,3.5
6.7,7,1.5,0.0,4.25
6.7,8,1.5,0.0,5.0
6.7,9,1.5,0.0,5.75
6.7,10,1.5,0.0,6.5
6.7,11,1.46,0.0,6.38
6.7,12,0.75,0.0,6.5
6.7,13,0.0,0.0,6.5
6.7,14,-0.75,0.0,6.5
6.7,15,-1.5,0.0,6.5
6.7,16,-1.5,0.0,6.5
6.7,17,-1.5,0.0,5.75
6.7,18,-1.5,0.0,5.0
6.7,19,-1.5,0.0,4.25
6.7,20,-1.5,0.0,3.5
6.71,1,-1.5,0.0,3.5
6.71,2,-0.75,0.0,3.5
6.71,3,0.0,0.0,3.5
6.71,4,0.75,0.0,3.5
6.71,5,1.5,0.0,3.5
6.71,6,1.5,0.0,3.5
6.71,7,1.5,0.0,4.25
6.71,8,1.5,0.0,5.0
6.71,9,1.5,0.0,5.75
6.71,10,1.5,0.0,6.5
6.71,11,1.47,0.0,6.42
6.71,12,0.75,0.0,6.5
6.71,13,0.0,0.0,6.5
6.71,14,-0.75,0.0,6.5
6.71,15,-1.5,0.0,6.5
6.71,16,-1.5,0.0,6.5
6.71,17,-1.5,0.0,5.75
6.71,18,-1.5,0.0,5.0
6.71,19,-1.5,0.0,4.25
6.71,20,-1.5,0.0,3.5
6.73,1,-1.5,0.0,3.5
6.73,2,-0.75,0.0,3.5
6.73,3,0.0,0.0,3.5
6.73,4,0.75,0.0,3.5
6.73,5,1.5,0.0,3.5
6.73,6,1.5,0.0,3.5
6.73,7,1.5,0.0,4.25
6.73,8,1.5,0.0,5.0
6.73,9,1.5,0.0,5.75
6.73,10,1.5,0.0,6.5
6.73,11,1.48,0.0,6.45
6.73,12,0.75,0.0,6.5
6.73,13,0.0,0.0,6.5
6.73,14,-0.75,0.0,6.5
6.73,15,-1.5,0.0,6.5
6.73,16,-1.5,0.0,6.5
6.73,17,-1.5,0.0,5.75
6.73,18,-1.5,0.0,5.0
6.73,19,-1.5,0.0,4.25
6.73,20,-1.5,0.0,3.5
6.75,1,-1.5,0.0,3.5
6.75,2,-0.75,0.0,3.5
6.75,3,0.0,0.0,3.5
6.75,4,0.75,0.0,3.5
6.75,5,1.5,0.0,3.5
6.75,6,1.5,0.0,3.5
6.75,7,1.5,0.0,4.25
6.75,8,1.5,0.0,5.0
6.75,9,1.5,0.0,5.75
6.75,10,1.5,0.0,6.5
6.75,11,1.5,0.0,6.49
6.75,12,0.75,0.0,6.5
6.75,13,0.0,0.0,6.5
6.75,14,-0.75,0.0,6.5
6.75,15,-1.5,0.0,6.5
6.75,16,-1.5,0.0,6.5
6.75,17,-1.5,0.0,5.75
6.75,18,-1.5,0.0,5.0
6.75,19,-1.5,0.0,4.25
6.75,20,-1.5,0.0,3.5
6.76,1,-1.44,0.0,3.52
6.76,2,-0.71,0.0,3.53
6.76,3,0.03,0.0,3.54
6.76,4,0.76,0.0,3.55
6.76,5,1.51,0.0,3.55
6.76,6,1.47,0.0,3.55
6.76,7,1.47,0.0,4.29
6.76,8,1.46,0.0,5.03
6.76,9,1.45,0.0,5.76
6.76,10,1.46,0.0,6.51
6.76,11,1.44,0.0,6.46
6.76,12,0.71,0.0,6.47
6.76,13,-0.03,0.0,6.46
6.76,14,-0.76,0.0,6.45
6.76,15,-1.48,0.0,6.45
6.76,16,-1.5,0.0,6.45
6.76,17,-1.47,0.0,5.71
6.76,18,-1.46,0.0,4.97
6.76,19,-1.45,0.0,4.24
6.76,20,-1.47,0.0,3.51
6.78,1,-1.38,0.0,3.54
6.78,2,-0.67,0.0,3.56
6.78,3,0.06,0.0,3.58
6.78,4,0.77,0.0,3.6
6.78,5,1.52,0.0,3.6
6.78,6,1.44,0.0,3.59
6.78,7,1.44,0.0,4.33
6.78,8,1.42,0.0,5.06
6.78,9,1.4,0.0,5.77
6.78,10,1.41,0.0,6.51
6.78,11,1.39,0.0,6.43
6.78,12,0.67,0.0,6.44
6.78,13,-0.06,0.0,6.42
6.78,14,-0.77,0.0,6.4
6.78,15,-1.46,0.0,6.4
6.78,16,-1.5,0.0,6.41
6.78,17,-1.44,0.0,5.67
6.78,18,-1.42,0.0,4.94
6.78,19,-1.4,0.0,4.22
6.78,20,-1.43,0.0,3.51
6.79,1,-1.32,0.0,3.56
6.79,2,-0.63,0.0,3.58
6.79,3,0.09,0.0,3.62
6.79,4,0.79,0.0,3.64
6.79,5,1.52,0.0,3.65
6.79,6,1.41,0.0,3.64
6.79,7,1.42,0.0,4.37
6.79,8,1.38,0.0,5.09
6.79,9,1.35,0.0,5.79
6.79,10,1.36,0.0,6.52
6.79,11,1.34,0.0,6.4
6.79,12,0.63,0.0,6.42
6.79,13,-0.09,0.0,6.38
6.79,14,-0.79,0.0,6.35
6.79,15,-1.44,0.0,6.35
6.79,16,-1.5,0.0,6.36
6.79,17,-1.42,0.0,5.63
6.79,18,-1.38,0.0,4.91
6.79,19,-1.35,0.0,4.21
6.79,20,-1.39,0.0,3.51
6.81,1,-1.26,0.0,3.58
6.81,2,-0.58,0.0,3.61
6.81,3,0.12,0.0,3.66
6.81,4,0.8,0.0,3.69
6.81,5,1.53,0.0,3.7
6.81,6,1.38,0.0,3.69
6.81,7,1.39,0.0,4.42
6.81,8,1.34,0.0,5.12
6.81,9,1.31,0.0,5.8
6.81,10,1.31,0.0,6.52
6.81,11,1.29,0.0,6.37
6.81,12,0.58,0.0,6.39
6.81,13,-0.12,0.0,6.34
6.81,14,-0.8,0.0,6.31
6.81,15,-1.42,0.0,6.29
6.81,16,-1.49,0.0,6.32
6.81,17,-1.39,0.0,5.58
6.81,18,-1.34,0.0,4.88
6.81,19,-1.31,0.0,4.2
6.81,20,-1.35,0.0,3.51
6.82,1,-1.2,0.0,3.6
6.82,2,-0.54,0.0,3.64
6.82,3,0.15,0.0,3.7
6.82,4,0.81,0.0,3.74
6.82,5,1.53,0.0,3.75
6.82,6,1.36,0.0,3.73
6.82,7,1.36,0.0,4.46
6.82,8,1.3,0.0,5.15
6.82,9,1.26,0.0,5.81
6.82,10,1.27,0.0,6.53
6.82,11,1.24,0.0,6.35
6.82,12,0.54,0.0,6.36
6.82,13,-0.15,0.0,6.3
6.82,14,-0.81,0.0,6.26
6.82,15,-1.4,0.0,6.24
6.82,16,-1.49,0.0,6.27
6.82,17,-1.36,0.0,5.54
6.82,18,-1.3,0.0,4.85
6.82,19,-1.26,0.0,4.19
6.82,20,-1.31,0.0,3.51
6.84,1,-1.15,0.0,3.62
6.84,2,-0.5,0.0,3.67
6.84,3,0.18,0.0,3.74
6.84,4,0.82,0.0,3.79
6.84,5,1.53,0.0,3.8
6.84,6,1.33,0.0,3.78
6.84,7,1.33,0.0,4.5
6.84,8,1.26,0.0,5.18
6.84,9,1.21,0.0,5.82
6.84,10,1.22,0.0,6.53
6.84,11,1.2,0.0,6.32
6.84,12,0.5,0.0,6.33
6.84,13,-0.18,0.0,6.26
6.84,14,-0.82,0.0,6.21
6.84,15,-1.38,0.0,6.19
6.84,16,-1.48,0.0,6.23
6.84,17,-1.33,0.0,5.5
6.84,18,-1.26,0.0,4.82
6.84,19,-1.21,0.0,4.17
6.84,20,-1.27,0.0,3.51
6.86,1,-1.09,0.0,3.65
6.86,2,-0.46,0.0,3.69
6.86,3,0.21,0.0,3.78
6.86,4,0.84,0.0,3.84
6.86,5,1.53,0.0,3.85
6.86,6,1.31,0.0,3.83
6.86,7,1.3,0.0,4.54
6.86,8,1.22,0.0,5.21
6.86,9,1.16,0.0,5.84
6.86,10,1.17,0.0,6.53
6.86,11,1.15,0.0,6.3
6.86,12,0.46,0.0,6.3
6.86,13,-0.21,0.0,6.22
6.86,14,-0.84,0.0,6.16
6.86,15,-1.37,0.0,6.13
6.86,16,-1.48,0.0,6.19
6.86,17,-1.3,0.0,5.46
6.86,18,-1.22,0.0,4.79
6.86,19,-1.16,0.0,4.16
6.86,20,-1.23,0.0,3.51
6.87,1,-1.04,0.0,3.67
6.87,2,-0.42,0.0,3.72
6.87,3,0.24,0.0,3.82
6.87,4,0.85,0.0,3.89
6.87,5,1.53,0.0,3.9
6.87,6,1.29,0.0,3.87
6.87,7,1.28,0.0,4.58
6.87,8,1.18,0.0,5.24
6.87,9,1.11,0.0,5.85
6.87,10,1.12,0.0,6.53
6.87,11,1.1,0.0,6.28
6.87,12,0.42,0.0,6.28
6.87,13,-0.24,0.0,6.18
6.87,14,-0.85,0.0,6.11
6.87,15,-1.35,0.0,6.08
6.87,16,-1.47,0.0,6.15
6.87,17,-1.28,0.0,5.42
6.87,18,-1.18,0.0,4.76
6.87,19,-1.11,0.0,4.15
6.87,20,-1.18,0.0,3.51
6.89,1,-0.99,0.0,3.69
6.89,2,-0.38,0.0,3.75
6.89,3,0.27,0.0,3.86
6.89,4,0.86,0.0,3.93
6.89,5,1.53,0.0,3.95
6.89,6,1.27,0.0,3.92
6.89,7,1.25,0.0,4.62
6.89,8,1.14,0.0,5.27
6.89,9,1.06,0.0,5.86
6.89,10,1.07,0.0,6.52
6.89,11,1.05,0.0,6.26
6.89,12,0.38,0.0,6.25
6.89,13,-0.27,0.0,6.14
6.89,14,-0.86,0.0,6.06
6.89,15,-1.34,0.0,6.02
6.89,16,-1.46,0.0,6.1
6.89,17,-1.25,0.0,5.38
6.89,18,-1.14,0.0,4.73
6.89,19,-1.06,0.0,4.14
6.89,20,-1.14,0.0,3.51
6.9,1,-0.93,0.0,3.71
6.9,2,-0.34,0.0,3.78
6.9,3,0.3,0.0,3.9
6.9,4,0.87,0.0,3.98
6.9,5,1.53,0.0,4.0
6.9,6,1.25,0.0,3.97
6.9,7,1.22,0.0,4.66
6.9,8,1.1,0.0,5.3
6.9,9,1.02,0.0,5.87
6.9,10,1.02,0.0,6.52
6.9,11,1.0,0.0,6.24
6.9,12,0.34,0.0,6.22
6.9,13,-0.3,0.0,6.1
6.9,14,-0.87,0.0,6.01
6.9,15,-1.32,0.0,5.97
6.9,16,-1.45,0.0,6.06
6.9,17,-1.22,0.0,5.33
6.9,18,-1.1,0.0,4.7
6.9,19,-1.02,0.0,4.12
6.9,20,-1.1,0.0,3.51
6.92,1,-0.88,0.0,3.73
6.92,2,-0.29,0.0,3.81
6.92,3,0.33,0.0,3.94
6.92,4,0.88,0.0,4.03
6.92,5,1.53,0.0,4.05
6.92,6,1.23,0.0,4.01
6.92,7,1.19,0.0,4.7
6.92,8,1.06,0.0,5.33
6.92,9,0.97,0.0,5.88
6.92,10,0.97,0.0,6.52
6.92,11,0.95,0.0,6.22
6.92,12,0.29,0.0,6.19
6.92,13,-0.33,0.0,6.06
6.92,14,-0.89,0.0,5.97
6.92,15,-1.31,0.0,5.91
6.92,16,-1.45,0.0,6.02
6.92,17,-1.19,0.0,5.29
6.92,18,-1.06,0.0,4.67
6.92,19,-0.97,0.0,4.11
6.92,20,-1.05,0.0,3.51
6.94,1,-0.83,0.0,3.75
6.94,2,-0.25,0.0,3.83
6.94,3,0.36,0.0,3.98
6.94,4,0.89,0.0,4.08
6.94,5,1.53,0.0,4.1
6.94,6,1.21,0.0,4.06
6.94,7,1.16,0.0,4.75
6.94,8,1.02,0.0,5.36
6.94,9,0.92,0.0,5.88
6.94,10,0.92,0.0,6.52
6.94,11,0.91,0.0,6.21
6.94,12,0.25,0.0,6.16
6.94,13,-0.36,0.0,6.02
6.94,14,-0.9,0.0,5.92
6.94,15,-1.3,0.0,5.85
6.94,16,-1.44,0.0,5.98
6.94,17,-1.16,0.0,5.25
6.94,18,-1.02,0.0,4.64
6.94,19,-0.92,0.0,4.1
6.94,20,-1.0,0.0,3.52
6.95,1,-0.78,0.0,3.76
6.95,2,-0.21,0.0,3.86
6.95,3,0.39,0.0,4.02
6.95,4,0.9,0.0,4.13
6.95,5,1.52,0.0,4.15
6.95,6,1.2,0.0,4.11
6.95,7,1.14,0.0,4.79
6.95,8,0.98,0.0,5.39
6.95,9,0.87,0.0,5.89
6.95,10,0.87,0.0,6.52
6.95,11,0.86,0.0,6.19
6.95,12,0.21,0.0,6.13
6.95,13,-0.39,0.0,5.98
6.95,14,-0.91,0.0,5.87
6.95,15,-1.29,0.0,5.8
6.95,16,-1.42,0.0,5.94
6.95,17,-1.14,0.0,5.21
6.95,18,-0.98,0.0,4.61
6.95,19,-0.87,0.0,4.09
6.95,20,-0.96,0.0,3.52
6.97,1,-0.73,0.0,3.78
6.97,2,-0.17,0.0,3.89
6.97,3,0.42,0.0,4.06
6.97,4,0.9,0.0,4.18
6.97,5,1.52,0.0,4.2
6.97,6,1.19,0.0,4.16
6.97,7,1.11,0.0,4.83
6.97,8,0.94,0.0,5.42
6.97,9,0.82,0.0,5.9
6.97,10,0.82,0.0,6.52
6.97,11,0.81,0.0,6.18
6.97,12,0.17,0.0,6.11
6.97,13,-0.42,0.0,5.94
6.97,14,-0.92,0.0,5.82
6.97,15,-1.28,0.0,5.74
6.97,16,-1.42,0.0,5.9
6.97,17,-1.11,0.0,5.17
6.97,18,-0.94,0.0,4.58
6.97,19,-0.82,0.0,4.08
6.97,20,-0.91,0.0,3.52
6.98,1,-0.68,0.0,3.8
6.98,2,-0.13,0.0,3.92
6.98,3,0.45,0.0,4.1
6.98,4,0.91,0.0,4.22
6.98,5,1.52,0.0,4.25
6.98,6,1.17,0.0,4.2
6.98,7,1.08,0.0,4.87
6.98,8,0.9,0.0,5.45
6.98,9,0.77,0.0,5.9
6.98,10,0.78,0.0,6.52
6.98,11,0.76,0.0,6.16
6.98,12,0.13,0.0,6.08
6.98,13,-0.45,0.0,5.9
6.98,14,-0.93,0.0,5.77
6.98,15,-1.27,0.0,5.69
6.98,16,-1.41,0.0,5.86
6.98,17,-1.08,0.0,5.13
6.98,18,-0.9,0.0,4.55
6.98,19,-0.77,0.0,4.08
6.98,20,-0.86,0.0,3.52
7.0,1,-0.63,0.0,3.81
7.0,2,-0.09,0.0,3.94
7.0,3,0.48,0.0,4.14
7.0,4,0.91,0.0,4.27
7.0,5,1.52,0.0,4.3
7.0,6,1.16,0.0,4.25
7.0,7,1.05,0.0,4.91
7.0,8,0.86,0.0,5.47
7.0,9,0.73,0.0,5.91
7.0,10,0.73,0.0,6.51
7.0,11,0.71,0.0,6.15
7.0,12,0.09,0.0,6.05
7.0,13,-0.48,0.0,5.86
7.0,14,-0.94,0.0,5.72
7.0,15,-1.26,0.0,5.63
7.0,16,-1.39,0.0,5.81
7.0,17,-1.05,0.0,5.08
7.0,18,-0.86,0.0,4.52
7.0,19,-0.73,0.0,4.07
7.0,20,-0.81,0.0,3.52
7.01,1,-0.58,0.0,3.82
7.01,2,-0.05,0.0,3.97
7.01,3,0.51,0.0,4.18
7.01,4,0.92,0.0,4.32
7.01,5,1.52,0.0,4.35
7.01,6,1.15,0.0,4.3
7.01,7,1.03,0.0,4.95
7.01,8,0.82,0.0,5.5
7.01,9,0.68,0.0,5.91
7.01,10,0.68,0.0,6.51
7.01,11,0.67,0.0,6.14
7.01,12,0.04,0.0,6.02
7.01,13,-0.51,0.0,5.82
7.01,14,-0.95,0.0,5.67
7.01,15,-1.26,0.0,5.58
7.01,16,-1.38,0.0,5.77
7.01,17,-1.02,0.0,5.04
7.01,18,-0.82,0.0,4.49
7.01,19,-0.68,0.0,4.06
7.01,20,-0.77,0.0,3.53
7.03,1,-0.53,0.0,3.84
7.03,2,-0.0,0.0,4.0
7.03,3,0.54,0.0,4.22
7.03,4,0.92,0.0,4.37
7.03,5,1.51,0.0,4.4
7.03,6,1.14,0.0,4.34
7.03,7,1.0,0.0,4.99
7.03,8,0.78,0.0,5.53
7.03,9,0.63,0.0,5.91
7.03,10,0.63,0.0,6.51
7.03,11,0.62,0.0,6.13
7.03,12,0.0,0.0,5.99
7.03,13,-0.54,0.0,5.77
7.03,14,-0.95,0.0,5.63
7.03,15,-1.25,0.0,5.52
7.03,16,-1.37,0.0,5.73
7.03,17,-1.0,0.0,5.0
7.03,18,-0.78,0.0,4.46
7.03,19,-0.63,0.0,4.06
7.03,20,-0.72,0.0,3.53
7.04,1,-0.48,0.0,3.85
7.04,2,0.04,0.0,4.03
7.04,3,0.57,0.0,4.26
7.04,4,0.92,0.0,4.42
7.04,5,1.51,0.0,4.45
7.04,6,1.13,0.0,4.39
7.04,7,0.97,0.0,5.03
7.04,8,0.74,0.0,5.56
7.04,9,0.58,0.0,5.92
7.04,10,0.58,0.0,6.51
7.04,11,0.57,0.0,6.12
7.04,12,-0.04,0.0,5.97
7.04,13,-0.57,0.0,5.73
7.04,14,-0.96,0.0,5.58
7.04,15,-1.25,0.0,5.46
7.04,16,-1.36,0.0,5.69
7.04,17,-0.97,0.0,4.96
7.04,18,-0.74,0.0,4.43
7.04,19,-0.59,0.0,4.05
7.04,20,-0.67,0.0,3.53
7.06,1,-0.43,0.0,3.86
7.06,2,0.08,0.0,4.06
7.06,3,0.59,0.0,4.3
7.06,4,0.93,0.0,4.47
7.06,5,1.51,0.0,4.5
7.06,6,1.12,0.0,4.44
7.06,7,0.94,0.0,5.08
7.06,8,0.7,0.0,5.59
7.06,9,0.54,0.0,5.92
7.06,10,0.53,0.0,6.51
7.06,11,0.52,0.0,6.11
7.06,12,-0.08,0.0,5.94
7.06,13,-0.6,0.0,5.69
7.06,14,-0.97,0.0,5.53
7.06,15,-1.24,0.0,5.41
7.06,16,-1.35,0.0,5.65
7.06,17,-0.94,0.0,4.92
7.06,18,-0.7,0.0,4.4
7.06,19,-0.54,0.0,4.05
7.06,20,-0.62,0.0,3.54
7.08,1,-0.38,0.0,3.87
7.08,2,0.12,0.0,4.08
7.08,3,0.61,0.0,4.34
7.08,4,0.93,0.0,4.52
7.08,5,1.51,0.0,4.55
7.08,6,1.11,0.0,4.48
7.08,7,0.91,0.0,5.12
7.08,8,0.66,0.0,5.61
7.08,9,0.49,0.0,5.93
7.08,10,0.48,0.0,6.51
7.08,11,0.47,0.0,6.1
7.08,12,-0.12,0.0,5.91
7.08,13,-0.63,0.0,5.65
7.08,14,-0.98,0.0,5.48
7.08,15,-1.24,0.0,5.35
7.08,16,-1.33,0.0,5.61
7.08,17,-0.91,0.0,4.88
7.08,18,-0.66,0.0,4.38
7.08,19,-0.49,0.0,4.04
7.08,20,-0.57,0.0,3.54
7.09,1,-0.32,0.0,3.88
7.09,2,0.16,0.0,4.11
7.09,3,0.64,0.0,4.37
7.09,4,0.94,0.0,4.57
7.09,5,1.5,0.0,4.6
7.09,6,1.11,0.0,4.53
7.09,7,0.89,0.0,5.16
7.09,8,0.62,0.0,5.63
7.09,9,0.44,0.0,5.94
7.09,10,0.43,0.0,6.5
7.09,11,0.42,0.0,6.1
7.09,12,-0.16,0.0,5.88
7.09,13,-0.65,0.0,5.62
7.09,14,-0.99,0.0,5.43
7.09,15,-1.24,0.0,5.3
7.09,16,-1.32,0.0,5.56
7.09,17,-0.89,0.0,4.83
7.09,18,-0.62,0.0,4.35
7.09,19,-0.45,0.0,4.03
7.09,20,-0.53,0.0,3.54
7.11,1,-0.27,0.0,3.89
7.11,2,0.2,0.0,4.14
7.11,3,0.66,0.0,4.41
7.11,4,0.95,0.0,4.62
7.11,5,1.5,0.0,4.64
7.11,6,1.1,0.0,4.57
7.11,7,0.86,0.0,5.2
7.11,8,0.59,0.0,5.65
7.11,9,0.39,0.0,5.94
7.11,10,0.38,0.0,6.5
7.11,11,0.37,0.0,6.09
7.11,12,-0.2,0.0,5.85
7.11,13,-0.68,0.0,5.58
7.11,14,-1.0,0.0,5.39
7.11,15,-1.24,0.0,5.24
7.11,16,-1.3,0.0,5.52
7.11,17,-0.86,0.0,4.79
7.11,18,-0.59,0.0,4.33
7.11,19,-0.4,0.0,4.02
7.11,20,-0.48,0.0,3.55
7.12,1,-0.21,0.0,3.89
7.12,2,0.24,0.0,4.17
7.12,3,0.68,0.0,4.45
7.12,4,0.96,0.0,4.67
7.12,5,1.49,0.0,4.69
7.12,6,1.1,0.0,4.62
7.12,7,0.83,0.0,5.24
7.12,8,0.55,0.0,5.67
7.12,9,0.34,0.0,5.95
7.12,10,0.33,0.0,6.49
7.12,11,0.32,0.0,6.09
7.12,12,-0.25,0.0,5.83
7.12,13,-0.71,0.0,5.54
7.12,14,-1.01,0.0,5.34
7.12,15,-1.24,0.0,5.18
7.12,16,-1.29,0.0,5.48
7.12,17,-0.83,0.0,4.75
7.12,18,-0.55,0.0,4.31
7.12,19,-0.36,0.0,4.01
7.12,20,-0.43,0.0,3.55
7.14,1,-0.15,0.0,3.9
7.14,2,0.29,0.0,4.19
7.14,3,0.71,0.0,4.49
7.14,4,0.96,0.0,4.73
7.14,5,1.48,0.0,4.74
7.14,6,1.09,0.0,4.66
7.14,7,0.8,0.0,5.28
7.14,8,0.52,0.0,5.69
7.14,9,0.29,0.0,5.95
7.14,10,0.28,0.0,6.49
7.14,11,0.27,0.0,6.09
7.14,12,-0.29,0.0,5.8
7.14,13,-0.73,0.0,5.5
7.14,14,-1.02,0.0,5.29
7.14,15,-1.24,0.0,5.13
7.14,16,-1.27,0.0,5.43
7.14,17,-0.8,0.0,4.71
7.14,18,-0.52,0.0,4.28
7.14,19,-0.31,0.0,4.0
7.14,20,-0.38,0.0,3.56
7.16,1,-0.1,0.0,3.91
7.16,2,0.33,0.0,4.22
7.16,3,0.73,0.0,4.52
7.16,4,0.97,0.0,4.78
7.16,5,1.48,0.0,4.79
7.16,6,1.09,0.0,4.71
7.16,7,0.77,0.0,5.32
7.16,8,0.48,0.0,5.71
7.16,9,0.24,0.0,5.96
7.16,10,0.23,0.0,6.48
7.16,11,0.22,0.0,6.08
7.16,12,-0.33,0.0,5.77
7.16,13,-0.76,0.0,5.46
7.16,14,-1.03,0.0,5.24
7.16,15,-1.24,0.0,5.07
7.16,16,-1.26,0.0,5.39
7.16,17,-0.77,0.0,4.67
7.16,18,-0.48,0.0,4.26
7.16,19,-0.27,0.0,3.99
7.16,20,-0.33,0.0,3.57
7.17,1,-0.04,0.0,3.92
7.17,2,0.37,0.0,4.25
7.17,3,0.76,0.0,4.56
7.17,4,0.98,0.0,4.84
7.17,5,1.47,0.0,4.84
7.17,6,1.08,0.0,4.75
7.17,7,0.75,0.0,5.37
7.17,8,0.45,0.0,5.73
7.17,9,0.2,0.0,5.96
7.17,10,0.18,0.0,6.48
7.17,11,0.17,0.0,6.08
7.17,12,-0.37,0.0,5.74
7.17,13,-0.78,0.0,5.43
7.17,14,-1.04,0.0,5.19
7.17,15,-1.24,0.0,5.02
7.17,16,-1.25,0.0,5.35
7.17,17,-0.75,0.0,4.63
7.17,18,-0.45,0.0,4.23
7.17,19,-0.23,0.0,3.97
7.17,20,-0.28,0.0,3.58
7.19,1,0.02,0.0,3.93
7.19,2,0.41,0.0,4.28
7.19,3,0.79,0.0,4.6
7.19,4,0.98,0.0,4.89
7.19,5,1.46,0.0,4.89
7.19,6,1.07,0.0,4.79
7.19,7,0.72,0.0,5.41
7.19,8,0.41,0.0,5.75
7.19,9,0.15,0.0,5.97
7.19,10,0.13,0.0,6.48
7.19,11,0.12,0.0,6.08
7.19,12,-0.41,0.0,5.71
7.19,13,-0.8,0.0,5.39
7.19,14,-1.05,0.0,5.14
7.19,15,-1.24,0.0,4.96
7.19,16,-1.23,0.0,5.31
7.19,17,-0.72,0.0,4.58
7.19,18,-0.42,0.0,4.21
7.19,19,-0.18,0.0,3.96
7.19,20,-0.23,0.0,3.58
7.2,1,0.08,0.0,3.95
7.2,2,0.45,0.0,4.31
7.2,3,0.82,0.0,4.64
7.2,4,0.99,0.0,4.95
7.2,5,1.46,0.0,4.94
7.2,6,1.07,0.0,4.83
7.2,7,0.69,0.0,5.45
7.2,8,0.38,0.0,5.77
7.2,9,0.1,0.0,5.97
7.2,10,0.08,0.0,6.48
7.2,11,0.07,0.0,6.07
7.2,12,-0.45,0.0,5.69
7.2,13,-0.83,0.0,5.35
7.2,14,-1.06,0.0,5.09
7.2,15,-1.24,0.0,4.9
7.2,16,-1.22,0.0,5.27
7.2,17,-0.69,0.0,4.54
7.2,18,-0.38,0.0,4.18
7.2,19,-0.14,0.0,3.95
7.2,20,-0.18,0.0,3.59
7.22,1,0.14,0.0,3.97
7.22,2,0.49,0.0,4.33
7.22,3,0.84,0.0,4.67
7.22,4,1.0,0.0,5.0
7.22,5,1.45,0.0,4.99
7.22,6,1.06,0.0,4.87
7.22,7,0.66,0.0,5.49
7.22,8,0.35,0.0,5.8
7.22,9,0.05,0.0,5.98
7.22,10,0.03,0.0,6.47
7.22,11,0.01,0.0,6.07
7.22,12,-0.49,0.0,5.66
7.22,13,-0.85,0.0,5.32
7.22,14,-1.07,0.0,5.04
7.22,15,-1.23,0.0,4.84
7.22,16,-1.21,0.0,5.22
7.22,17,-0.66,0.0,4.5
7.22,18,-0.35,0.0,4.15
7.22,19,-0.1,0.0,3.93
7.22,20,-0.14,0.0,3.59
7.23,1,0.19,0.0,3.98
7.23,2,0.54,0.0,4.36
7.23,3,0.87,0.0,4.71
7.23,4,1.01,0.0,5.06
7.23,5,1.44,0.0,5.04
7.23,6,1.05,0.0,4.91
7.23,7,0.63,0.0,5.53
7.23,8,0.32,0.0,5.82
7.23,9,0.01,0.0,5.98
7.23,10,-0.02,0.0,6.47
7.23,11,-0.04,0.0,6.06
7.23,12,-0.54,0.0,5.63
7.23,13,-0.88,0.0,5.28
7.23,14,-1.07,0.0,4.99
7.23,15,-1.23,0.0,4.78
7.23,16,-1.2,0.0,5.19
7.23,17,-0.63,0.0,4.46
7.23,18,-0.31,0.0,4.13
7.23,19,-0.05,0.0,3.92
7.23,20,-0.09,0.0,3.6
7.25,1,0.25,0.0,4.0
7.25,2,0.58,0.0,4.39
7.25,3,0.89,0.0,4.74
7.25,4,1.03,0.0,5.13
7.25,5,1.43,0.0,5.09
7.25,6,1.04,0.0,4.96
7.25,7,0.61,0.0,5.57
7.25,8,0.28,0.0,5.84
7.25,9,-0.04,0.0,5.99
7.25,10,-0.07,0.0,6.46
7.25,11,-0.1,0.0,6.06
7.25,12,-0.58,0.0,5.6
7.25,13,-0.91,0.0,5.24
7.25,14,-1.08,0.0,4.94
7.25,15,-1.23,0.0,4.73
7.25,16,-1.18,0.0,5.15
7.25,17,-0.61,0.0,4.42
7.25,18,-0.28,0.0,4.1
7.25,19,-0.0,0.0,3.91
7.25,20,-0.04,0.0,3.6
7.27,1,0.31,0.0,4.03
7.27,2,0.62,0.0,4.42
7.27,3,0.92,0.0,4.76
7.27,4,1.04,0.0,5.19
7.27,5,1.42,0.0,5.13
7.27,6,1.02,0.0,5.0
7.27,7,0.58,0.0,5.61
7.27,8,0.25,0.0,5.87
7.27,9,-0.08,0.0,6.0
7.27,10,-0.12,0.0,6.46
7.27,11,-0.16,0.0,6.05
7.27,12,-0.62,0.0,5.57
7.27,13,-0.93,0.0,5.21
7.27,14,-1.09,0.0,4.89
7.27,15,-1.23,0.0,4.67
7.27,16,-1.17,0.0,5.11
7.27,17,-0.58,0.0,4.38
7.27,18,-0.24,0.0,4.07
7.27,19,0.04,0.0,3.89
7.27,20,0.01,0.0,3.6
7.28,1,0.36,0.0,4.05
7.28,2,0.66,0.0,4.44
7.28,3,0.95,0.0,4.79
7.28,4,1.06,0.0,5.25
7.28,5,1.41,0.0,5.18
7.28,6,1.01,0.0,5.05
7.28,7,0.55,0.0,5.65
7.28,8,0.22,0.0,5.89
7.28,9,-0.12,0.0,6.01
7.28,10,-0.17,0.0,6.45
7.28,11,-0.22,0.0,6.04
7.28,12,-0.66,0.0,5.55
7.28,13,-0.96,0.0,5.17
7.28,14,-1.1,0.0,4.84
7.28,15,-1.23,0.0,4.61
7.28,16,-1.16,0.0,5.07
7.28,17,-0.55,0.0,4.33
7.28,18,-0.21,0.0,4.05
7.28,19,0.09,0.0,3.88
7.28,20,0.06,0.0,3.6
7.3,1,0.41,0.0,4.07
7.3,2,0.7,0.0,4.47
7.3,3,0.97,0.0,4.82
7.3,4,1.08,0.0,5.31
7.3,5,1.41,0.0,5.23
7.3,6,0.99,0.0,5.09
7.3,7,0.52,0.0,5.7
7.3,8,0.19,0.0,5.92
7.3,9,-0.17,0.0,6.02
7.3,10,-0.22,0.0,6.44
7.3,11,-0.28,0.0,6.03
7.3,12,-0.7,0.0,5.52
7.3,13,-0.98,0.0,5.14
7.3,14,-1.11,0.0,4.79
7.3,15,-1.22,0.0,4.54
7.3,16,-1.15,0.0,5.03
7.3,17,-0.52,0.0,4.29
7.3,18,-0.17,0.0,4.02
7.3,19,0.14,0.0,3.87
7.3,20,0.1,0.0,3.6
7.31,1,0.46,0.0,4.09
7.31,2,0.74,0.0,4.5
7.31,3,1.0,0.0,4.85
7.31,4,1.1,0.0,5.37
7.31,5,1.4,0.0,5.28
7.31,6,0.97,0.0,5.14
7.31,7,0.5,0.0,5.74
7.31,8,0.16,0.0,5.95
7.31,9,-0.21,0.0,6.04
7.31,10,-0.27,0.0,6.43
7.31,11,-0.35,0.0,6.01
7.31,12,-0.74,0.0,5.49
7.31,13,-1.0,0.0,5.11
7.31,14,-1.13,0.0,4.74
7.31,15,-1.22,0.0,4.48
7.31,16,-1.14,0.0,4.99
7.31,17,-0.49,0.0,4.25
7.31,18,-0.14,0.0,3.99
7.31,19,0.19,0.0,3.85
7.31,20,0.15,0.0,3.6
7.33,1,0.51,0.0,4.11
7.33,2,0.78,0.0,4.53
7.33,3,1.03,0.0,4.88
7.33,4,1.11,0.0,5.43
7.33,5,1.4,0.0,5.33
7.33,6,0.95,0.0,5.18
7.33,7,0.47,0.0,5.78
7.33,8,0.13,0.0,5.98
7.33,9,-0.25,0.0,6.05
7.33,10,-0.32,0.0,6.42
7.33,11,-0.41,0.0,6.0
7.33,12,-0.79,0.0,5.46
7.33,13,-1.02,0.0,5.08
7.33,14,-1.14,0.0,4.68
7.33,15,-1.22,0.0,4.42
7.33,16,-1.13,0.0,4.95
7.33,17,-0.47,0.0,4.21
7.33,18,-0.1,0.0,3.97
7.33,19,0.24,0.0,3.84
7.33,20,0.2,0.0,3.6
7.34,1,0.56,0.0,4.13
7.34,2,0.83,0.0,4.56
7.34,3,1.06,0.0,4.91
7.34,4,1.13,0.0,5.48
7.34,5,1.39,0.0,5.38
7.34,6,0.93,0.0,5.23
7.34,7,0.45,0.0,5.82
7.34,8,0.1,0.0,6.01
7.34,9,-0.29,0.0,6.07
7.34,10,-0.37,0.0,6.41
7.34,11,-0.47,0.0,5.97
7.34,12,-0.83,0.0,5.43
7.34,13,-1.04,0.0,5.06
7.34,14,-1.16,0.0,4.63
7.34,15,-1.22,0.0,4.35
7.34,16,-1.12,0.0,4.91
7.34,17,-0.44,0.0,4.17
7.34,18,-0.06,0.0,3.94
7.34,19,0.29,0.0,3.83
7.34,20,0.25,0.0,3.6
7.36,1,0.61,0.0,4.15
7.36,2,0.87,0.0,4.58
7.36,3,1.09,0.0,4.95
7.36,4,1.14,0.0,5.53
7.36,5,1.39,0.0,5.43
7.36,6,0.91,0.0,5.28
7.36,7,0.42,0.0,5.86
7.36,8,0.06,0.0,6.04
7.36,9,-0.34,0.0,6.09
7.36,10,-0.41,0.0,6.41
7.36,11,-0.52,0.0,5.95
7.36,12,-0.87,0.0,5.41
7.36,13,-1.06,0.0,5.04
7.36,14,-1.17,0.0,4.57
7.36,15,-1.21,0.0,4.29
7.36,16,-1.1,0.0,4.86
7.36,17,-0.41,0.0,4.13
7.36,18,-0.02,0.0,3.91
7.36,19,0.34,0.0,3.83
7.36,20,0.3,0.0,3.6
7.37,1,0.66,0.0,4.16
7.37,2,0.91,0.0,4.61
7.37,3,1.12,0.0,4.99
7.37,4,1.15,0.0,5.58
7.37,5,1.39,0.0,5.47
7.37,6,0.89,0.0,5.32
7.37,7,0.39,0.0,5.9
7.37,8,0.02,0.0,6.07
7.37,9,-0.38,0.0,6.1
7.37,10,-0.46,0.0,6.4
7.37,11,-0.58,0.0,5.92
7.37,12,-0.91,0.0,5.38
7.37,13,-1.09,0.0,5.02
7.37,14,-1.19,0.0,4.52
7.37,15,-1.21,0.0,4.22
7.37,16,-1.08,0.0,4.82
7.37,17,-0.38,0.0,4.09
7.37,18,0.01,0.0,3.88
7.37,19,0.39,0.0,3.82
7.37,20,0.35,0.0,3.6
7.39,1,0.7,0.0,4.18
7.39,2,0.95,0.0,4.64
7.39,3,1.15,0.0,5.03
7.39,4,1.17,0.0,5.64
7.39,5,1.38,0.0,5.52
7.39,6,0.87,0.0,5.37
7.39,7,0.36,0.0,5.94
7.39,8,-0.02,0.0,6.1
7.39,9,-0.42,0.0,6.12
7.39,10,-0.51,0.0,6.4
7.39,11,-0.63,0.0,5.9
7.39,12,-0.95,0.0,5.35
7.39,13,-1.12,0.0,4.99
7.39,14,-1.2,0.0,4.47
7.39,15,-1.2,0.0,4.16
7.39,16,-1.06,0.0,4.77
7.39,17,-0.35,0.0,4.04
7.39,18,0.05,0.0,3.85
7.39,19,0.44,0.0,3.81
7.39,20,0.39,0.0,3.6
7.41,1,0.75,0.0,4.2
7.41,2,0.99,0.0,4.67
7.41,3,1.18,0.0,5.07
7.41,4,1.18,0.0,5.69
7.41,5,1.38,0.0,5.57
7.41,6,0.86,0.0,5.42
7.41,7,0.34,0.0,5.98
7.41,8,-0.06,0.0,6.13
7.41,9,-0.47,0.0,6.13
7.41,10,-0.56,0.0,6.39
7.41,11,-0.68,0.0,5.88
7.41,12,-0.99,0.0,5.33
7.41,13,-1.15,0.0,4.96
7.41,14,-1.22,0.0,4.41
7.41,15,-1.2,0.0,4.1
7.41,16,-1.04,0.0,4.72
7.41,17,-0.33,0.0,4.0
7.41,18,0.09,0.0,3.82
7.41,19,0.49,0.0,3.8
7.41,20,0.44,0.0,3.61
7.42,1,0.8,0.0,4.21
7.42,2,1.03,0.0,4.7
7.42,3,1.21,0.0,5.11
7.42,4,1.19,0.0,5.74
7.42,5,1.37,0.0,5.61
7.42,6,0.84,0.0,5.46
7.42,7,0.31,0.0,6.02
7.42,8,-0.1,0.0,6.16
7.42,9,-0.51,0.0,6.14
7.42,10,-0.61,0.0,6.39
7.42,11,-0.73,0.0,5.85
7.42,12,-1.03,0.0,5.3
7.42,13,-1.18,0.0,4.93
7.42,14,-1.23,0.0,4.37
7.42,15,-1.19,0.0,4.04
7.42,16,-1.02,0.0,4.68
7.42,17,-0.3,0.0,3.96
7.42,18,0.13,0.0,3.79
7.42,19,0.54,0.0,3.8
7.42,20,0.49,0.0,3.61
7.44,1,0.85,0.0,4.23
7.44,2,1.07,0.0,4.72
7.44,3,1.24,0.0,5.15
7.44,4,1.2,0.0,5.79
7.44,5,1.37,0.0,5.66
7.44,6,0.82,0.0,5.51
7.44,7,0.28,0.0,6.06
7.44,8,-0.14,0.0,6.19
7.44,9,-0.56,0.0,6.16
7.44,10,-0.66,0.0,6.39
7.44,11,-0.78,0.0,5.83
7.44,12,-1.07,0.0,5.28
7.44,13,-1.21,0.0,4.89
7.44,14,-1.25,0.0,4.32
7.44,15,-1.19,0.0,3.98
7.44,16,-1.0,0.0,4.63
7.44,17,-0.27,0.0,3.92
7.44,18,0.17,0.0,3.76
7.44,19,0.58,0.0,3.79
7.44,20,0.54,0.0,3.61
7.45,1,0.89,0.0,4.25
7.45,2,1.11,0.0,4.75
7.45,3,1.27,0.0,5.19
7.45,4,1.21,0.0,5.84
7.45,5,1.37,0.0,5.7
7.45,6,0.81,0.0,5.56
7.45,7,0.25,0.0,6.11
7.45,8,-0.18,0.0,6.22
7.45,9,-0.6,0.0,6.17
7.45,10,-0.71,0.0,6.38
7.45,11,-0.82,0.0,5.81
7.45,12,-1.11,0.0,5.25
7.45,13,-1.24,0.0,4.86
7.45,14,-1.26,0.0,4.27
7.45,15,-1.18,0.0,3.93
7.45,16,-0.98,0.0,4.58
7.45,17,-0.24,0.0,3.88
7.45,18,0.21,0.0,3.73
7.45,19,0.63,0.0,3.78
7.45,20,0.58,0.0,3.61
7.47,1,0.94,0.0,4.26
7.47,2,1.16,0.0,4.78
7.47,3,1.3,0.0,5.23
7.47,4,1.22,0.0,5.89
7.47,5,1.36,0.0,5.75
7.47,6,0.79,0.0,5.61
7.47,7,0.22,0.0,6.15
7.47,8,-0.22,0.0,6.25
7.47,9,-0.64,0.0,6.18
7.47,10,-0.77,0.0,6.38
7.47,11,-0.87,0.0,5.8
7.47,12,-1.16,0.0,5.22
7.47,13,-1.27,0.0,4.82
7.47,14,-1.28,0.0,4.23
7.47,15,-1.17,0.0,3.88
7.47,16,-0.96,0.0,4.53
7.47,17,-0.21,0.0,3.84
7.47,18,0.25,0.0,3.7
7.47,19,0.69,0.0,3.78
7.47,20,0.63,0.0,3.61
7.49,1,0.99,0.0,4.28
7.49,2,1.2,0.0,4.81
7.49,3,1.33,0.0,5.27
7.49,4,1.23,0.0,5.94
7.49,5,1.36,0.0,5.79
7.49,6,0.78,0.0,5.65
7.49,7,0.2,0.0,6.19
7.49,8,-0.26,0.0,6.28
7.49,9,-0.69,0.0,6.19
7.49,10,-0.82,0.0,6.37
7.49,11,-0.92,0.0,5.78
7.49,12,-1.2,0.0,5.19
7.49,13,-1.3,0.0,4.78
7.49,14,-1.29,0.0,4.18
7.49,15,-1.16,0.0,3.83
7.49,16,-0.94,0.0,4.48
7.49,17,-0.19,0.0,3.79
7.49,18,0.29,0.0,3.67
7.49,19,0.74,0.0,3.77
7.49,20,0.68,0.0,3.61
7.5,1,1.03,0.0,4.3
7.5,2,1.24,0.0,4.83
7.5,3,1.36,0.0,5.31
7.5,4,1.24,0.0,6.0
7.5,5,1.35,0.0,5.83
7.5,6,0.76,0.0,5.7
7.5,7,0.17,0.0,6.23
7.5,8,-0.3,0.0,6.31
7.5,9,-0.73,0.0,6.2
7.5,10,-0.87,0.0,6.37
7.5,11,-0.96,0.0,5.76
7.5,12,-1.24,0.0,5.16
7.5,13,-1.33,0.0,4.73
7.5,14,-1.31,0.0,4.13
7.5,15,-1.16,0.0,3.78
7.5,16,-0.92,0.0,4.44
7.5,17,-0.16,0.0,3.75
7.5,18,0.33,0.0,3.64
7.5,19,0.79,0.0,3.76
7.5,20,0.72,0.0,3.62
7.52,1,1.08,0.0,4.31
7.52,2,1.28,0.0,4.86
7.52,3,1.39,0.0,5.35
7.52,4,1.26,0.0,6.05
7.52,5,1.35,0.0,5.87
7.52,6,0.75,0.0,5.75
7.52,7,0.14,0.0,6.27
7.52,8,-0.34,0.0,6.34
7.52,9,-0.77,0.0,6.21
7.52,10,-0.92,0.0,6.36
7.52,11,-1.01,0.0,5.74
7.52,12,-1.28,0.0,5.14
7.52,13,-1.36,0.0,4.69
7.52,14,-1.32,0.0,4.08
7.52,15,-1.15,0.0,3.73
7.52,16,-0.9,0.0,4.39
7.52,17,-0.13,0.0,3.71
7.52,18,0.37,0.0,3.61
7.52,19,0.84,0.0,3.76
7.52,20,0.77,0.0,3.62
7.53,1,1.13,0.0,4.33
7.53,2,1.32,0.0,4.89
7.53,3,1.42,0.0,5.39
7.53,4,1.27,0.0,6.1
7.53,5,1.34,0.0,5.92
7.53,6,0.73,0.0,5.79
7.53,7,0.11,0.0,6.31
7.53,8,-0.37,0.0,6.37
7.53,9,-0.82,0.0,6.22
7.53,10,-0.98,0.0,6.36
7.53,11,-1.06,0.0,5.72
7.53,12,-1.32,0.0,5.11
7.53,13,-1.39,0.0,4.65
7.53,14,-1.34,0.0,4.04
7.53,15,-1.14,0.0,3.68
7.53,16,-0.89,0.0,4.34
7.53,17,-0.1,0.0,3.67
7.53,18,0.41,0.0,3.58
7.53,19,0.89,0.0,3.75
7.53,20,0.82,0.0,3.62
7.55,1,1.18,0.0,4.35
7.55,2,1.36,0.0,4.92
7.55,3,1.45,0.0,5.43
7.55,4,1.28,0.0,6.16
7.55,5,1.33,0.0,5.96
7.55,6,0.71,0.0,5.84
7.55,7,0.08,0.0,6.35
7.55,8,-0.41,0.0,6.4
7.55,9,-0.86,0.0,6.23
7.55,10,-1.03,0.0,6.35
7.55,11,-1.11,0.0,5.71
7.55,12,-1.36,0.0,5.08
7.55,13,-1.42,0.0,4.61
7.55,14,-1.35,0.0,3.99
7.55,15,-1.14,0.0,3.63
7.55,16,-0.87,0.0,4.3
7.55,17,-0.07,0.0,3.63
7.55,18,0.45,0.0,3.55
7.55,19,0.94,0.0,3.74
7.55,20,0.86,0.0,3.62
7.57,1,1.22,0.0,4.36
7.57,2,1.4,0.0,4.95
7.57,3,1.47,0.0,5.47
7.57,4,1.3,0.0,6.21
7.57,5,1.32,0.0,6.0
7.57,6,0.7,0.0,5.89
7.57,7,0.06,0.0,6.39
7.57,8,-0.45,0.0,6.43
7.57,9,-0.9,0.0,6.24
7.57,10,-1.09,0.0,6.34
7.57,11,-1.15,0.0,5.69
7.57,12,-1.4,0.0,5.05
7.57,13,-1.45,0.0,4.57
7.57,14,-1.36,0.0,3.94
7.57,15,-1.13,0.0,3.58
7.57,16,-0.85,0.0,4.25
7.57,17,-0.05,0.0,3.59
7.57,18,0.49,0.0,3.52
7.57,19,1.0,0.0,3.73
7.57,20,0.9,0.0,3.62
7.58,1,1.27,0.0,4.38
7.58,2,1.45,0.0,4.97
7.58,3,1.5,0.0,5.51
7.58,4,1.32,0.0,6.27
7.58,5,1.31,0.0,6.04
7.58,6,0.68,0.0,5.94
7.58,7,0.03,0.0,6.44
7.58,8,-0.49,0.0,6.46
7.58,9,-0.94,0.0,6.25
7.58,10,-1.14,0.0,6.33
7.58,11,-1.2,0.0,5.67
7.58,12,-1.45,0.0,5.02
7.58,13,-1.48,0.0,4.53
7.58,14,-1.38,0.0,3.89
7.58,15,-1.12,0.0,3.53
7.58,16,-0.83,0.0,4.2
7.58,17,-0.02,0.0,3.54
7.58,18,0.53,0.0,3.49
7.58,19,1.05,0.0,3.73
7.58,20,0.94,0.0,3.63
7.6,1,1.32,0.0,4.4
7.6,2,1.49,0.0,5.0
7.6,3,1.53,0.0,5.55
7.6,4,1.34,0.0,6.32
7.6,5,1.3,0.0,6.08
7.6,6,0.67,0.0,5.98
7.6,7,0.0,0.0,6.48
7.6,8,-0.53,0.0,6.49
7.6,9,-0.98,0.0,6.27
7.6,10,-1.2,0.0,6.32
7.6,11,-1.25,0.0,5.65
7.6,12,-1.49,0.0,5.0
7.6,13,-1.51,0.0,4.49
7.6,14,-1.39,0.0,3.84
7.6,15,-1.11,0.0,3.48
7.6,16,-0.82,0.0,4.16
7.6,17,0.01,0.0,3.5
7.6,18,0.57,0.0,3.46
7.6,19,1.1,0.0,3.72
7.6,20,0.99,0.0,3.63
7.61,1,1.36,0.0,4.41
7.61,2,1.53,0.0,5.03
7.61,3,1.56,0.0,5.59
7.61,4,1.36,0.0,6.37
7.61,5,1.29,0.0,6.12
7.61,6,0.65,0.0,6.03
7.61,7,-0.03,0.0,6.52
7.61,8,-0.57,0.0,6.52
7.61,9,-1.02,0.0,6.28
7.61,10,-1.25,0.0,6.31
7.61,11,-1.29,0.0,5.64
7.61,12,-1.53,0.0,4.97
7.61,13,-1.54,0.0,4.45
7.61,14,-1.41,0.0,3.8
7.61,15,-1.11,0.0,3.43
7.61,16,-0.8,0.0,4.11
7.61,17,0.04,0.0,3.46
7.61,18,0.61,0.0,3.43
7.61,19,1.16,0.0,3.7
7.61,20,1.03,0.0,3.64
7.63,1,1.41,0.0,4.43
7.63,2,1.57,0.0,5.06
7.63,3,1.59,0.0,5.63
7.63,4,1.37,0.0,6.42
7.63,5,1.28,0.0,6.17
7.63,6,0.64,0.0,6.08
7.63,7,-0.06,0.0,6.56
7.63,8,-0.61,0.0,6.55
7.63,9,-1.06,0.0,6.3
7.63,10,-1.31,0.0,6.3
7.63,11,-1.34,0.0,5.62
7.63,12,-1.57,0.0,4.94
7.63,13,-1.57,0.0,4.41
7.63,14,-1.42,0.0,3.75
7.63,15,-1.1,0.0,3.38
7.63,16,-0.78,0.0,4.06
7.63,17,0.07,0.0,3.42
7.63,18,0.65,0.0,3.4
7.63,19,1.22,0.0,3.69
7.63,20,1.07,0.0,3.64
7.65,1,1.46,0.0,4.45
7.65,2,1.61,0.0,5.09
7.65,3,1.62,0.0,5.67
7.65,4,1.39,0.0,6.48
7.65,5,1.27,0.0,6.21
7.65,6,0.62,0.0,6.13
7.65,7,-0.08,0.0,6.6
7.65,8,-0.65,0.0,6.58
7.65,9,-1.1,0.0,6.31
7.65,10,-1.36,0.0,6.29
7.65,11,-1.39,0.0,5.6
7.65,12,-1.61,0.0,4.91
7.65,13,-1.6,0.0,4.37
7.65,14,-1.43,0.0,3.7
7.65,15,-1.09,0.0,3.33
7.65,16,-0.76,0.0,4.02
7.65,17,0.09,0.0,3.38
7.65,18,0.69,0.0,3.37
7.65,19,1.27,0.0,3.68
7.65,20,1.11,0.0,3.65
7.66,1,1.5,0.0,4.46
7.66,2,1.65,0.0,5.11
7.66,3,1.65,0.0,5.71
7.66,4,1.41,0.0,6.53
7.66,5,1.26,0.0,6.26
7.66,6,0.6,0.0,6.17
7.66,7,-0.11,0.0,6.64
7.66,8,-0.69,0.0,6.61
7.66,9,-1.14,0.0,6.33
7.66,10,-1.42,0.0,6.28
7.66,11,-1.43,0.0,5.58
7.66,12,-1.65,0.0,4.88
7.66,13,-1.63,0.0,4.33
7.66,14,-1.45,0.0,3.65
7.66,15,-1.09,0.0,3.28
7.66,16,-0.75,0.0,3.97
7.66,17,0.12,0.0,3.34
7.66,18,0.73,0.0,3.34
7.66,19,1.33,0.0,3.66
7.66,20,1.14,0.0,3.66
7.68,1,1.55,0.0,4.48
7.68,2,1.69,0.0,5.14
7.68,3,1.68,0.0,5.75
7.68,4,1.43,0.0,6.58
7.68,5,1.24,0.0,6.3
7.68,6,0.59,0.0,6.22
7.68,7,-0.14,0.0,6.68
7.68,8,-0.73,0.0,6.64
7.68,9,-1.19,0.0,6.35
7.68,10,-1.47,0.0,6.27
7.68,11,-1.48,0.0,5.57
7.68,12,-1.69,0.0,4.85
7.68,13,-1.66,0.0,4.29
7.68,14,-1.46,0.0,3.6
7.68,15,-1.08,0.0,3.23
7.68,16,-0.73,0.0,3.92
7.68,17,0.15,0.0,3.29
7.68,18,0.77,0.0,3.31
7.68,19,1.38,0.0,3.64
7.68,20,1.18,0.0,3.67
7.69,1,1.6,0.0,4.5
7.69,2,1.74,0.0,5.17
7.69,3,1.71,0.0,5.79
7.69,4,1.45,0.0,6.62
7.69,5,1.23,0.0,6.35
7.69,6,0.57,0.0,6.27
7.69,7,-0.17,0.0,6.72
7.69,8,-0.77,0.0,6.67
7.69,9,-1.23,0.0,6.36
7.69,10,-1.52,0.0,6.25
7.69,11,-1.53,0.0,5.55
7.69,12,-1.74,0.0,4.83
7.69,13,-1.69,0.0,4.25
7.69,14,-1.48,0.0,3.55
7.69,15,-1.07,0.0,3.18
7.69,16,-0.71,0.0,3.87
7.69,17,0.18,0.0,3.25
7.69,18,0.81,0.0,3.28
7.69,19,1.44,0.0,3.62
7.69,20,1.23,0.0,3.69
7.71,1,1.65,0.0,4.51
7.71,2,1.78,0.0,5.2
7.71,3,1.74,0.0,5.83
7.71,4,1.47,0.0,6.67
7.71,5,1.22,0.0,6.4
7.71,6,0.56,0.0,6.31
7.71,7,-0.19,0.0,6.77
7.71,8,-0.81,0.0,6.7
7.71,9,-1.27,0.0,6.38
7.71,10,-1.57,0.0,6.24
7.71,11,-1.57,0.0,5.53
7.71,12,-1.78,0.0,4.8
7.71,13,-1.72,0.0,4.21
7.71,14,-1.49,0.0,3.51
7.71,15,-1.07,0.0,3.13
7.71,16,-0.69,0.0,3.83
7.71,17,0.21,0.0,3.21
7.71,18,0.85,0.0,3.25
7.71,19,1.49,0.0,3.6
7.71,20,1.27,0.0,3.7
7.73,1,1.69,0.0,4.53
7.73,2,1.82,0.0,5.22
7.73,3,1.77,0.0,5.87
7.73,4,1.49,0.0,6.72
7.73,5,1.21,0.0,6.44
7.73,6,0.54,0.0,6.36
7.73,7,-0.22,0.0,6.81
7.73,8,-0.85,0.0,6.73
7.73,9,-1.32,0.0,6.4
7.73,10,-1.63,0.0,6.23
7.73,11,-1.62,0.0,5.51
7.73,12,-1.82,0.0,4.77
7.73,13,-1.75,0.0,4.17
7.73,14,-1.5,0.0,3.46
7.73,15,-1.06,0.0,3.08
7.73,16,-0.67,0.0,3.78
7.73,17,0.23,0.0,3.17
7.73,18,0.89,0.0,3.22
7.73,19,1.54,0.0,3.58
7.73,20,1.31,0.0,3.71
7.74,1,1.74,0.0,4.55
7.74,2,1.86,0.0,5.25
7.74,3,1.8,0.0,5.91
7.74,4,1.51,0.0,6.77
7.74,5,1.2,0.0,6.49
7.74,6,0.53,0.0,6.41
7.74,7,-0.25,0.0,6.85
7.74,8,-0.89,0.0,6.76
7.74,9,-1.37,0.0,6.41
7.74,10,-1.68,0.0,6.21
7.74,11,-1.67,0.0,5.5
7.74,12,-1.86,0.0,4.74
7.74,13,-1.78,0.0,4.13
7.74,14,-1.52,0.0,3.41
7.74,15,-1.05,0.0,3.03
7.74,16,-0.66,0.0,3.73
7.74,17,0.26,0.0,3.13
7.74,18,0.93,0.0,3.19
7.74,19,1.59,0.0,3.56
7.74,20,1.35,0.0,3.73
7.75,1,1.79,0.0,4.56
7.75,2,1.9,0.0,5.28
7.75,3,1.83,0.0,5.95
7.75,4,1.53,0.0,6.81
7.75,5,1.19,0.0,6.54
7.75,6,0.51,0.0,6.46
7.75,7,-0.28,0.0,6.89
7.75,8,-0.93,0.0,6.79
7.75,9,-1.41,0.0,6.43
7.75,10,-1.73,0.0,6.2
7.75,11,-1.71,0.0,5.48
7.75,12,-1.9,0.0,4.71
7.75,13,-1.81,0.0,4.09
7.75,14,-1.53,0.0,3.36
7.75,15,-1.04,0.0,2.98
7.75,16,-0.64,0.0,3.69
7.75,17,0.29,0.0,3.09
7.75,18,0.97,0.0,3.16
7.75,19,1.64,0.0,3.54
7.75,20,1.4,0.0,3.74
7.77,1,1.83,0.0,4.58
7.77,2,1.94,0.0,5.31
7.77,3,1.86,0.0,5.99
7.77,4,1.55,0.0,6.86
7.77,5,1.18,0.0,6.59
7.77,6,0.49,0.0,6.5
7.77,7,-0.31,0.0,6.93
7.77,8,-0.97,0.0,6.82
7.77,9,-1.46,0.0,6.44
7.77,10,-1.77,0.0,6.19
7.77,11,-1.76,0.0,5.46
7.77,12,-1.94,0.0,4.69
7.77,13,-1.83,0.0,4.05
7.77,14,-1.55,0.0,3.31
7.77,15,-1.04,0.0,2.93
7.77,16,-0.62,0.0,3.64
7.77,17,0.32,0.0,3.05
7.77,18,1.01,0.0,3.13
7.77,19,1.69,0.0,3.52
7.77,20,1.45,0.0,3.75
7.79,1,1.88,0.0,4.6
7.79,2,1.98,0.0,5.34
7.79,3,1.89,0.0,6.03
7.79,4,1.56,0.0,6.91
7.79,5,1.17,0.0,6.64
7.79,6,0.48,0.0,6.55
7.79,7,-0.33,0.0,6.97
7.79,8,-1.01,0.0,6.85
7.79,9,-1.51,0.0,6.46
7.79,10,-1.82,0.0,6.18
7.79,11,-1.81,0.0,5.44
7.79,12,-1.99,0.0,4.66
7.79,13,-1.86,0.0,4.01
7.79,14,-1.56,0.0,3.27
7.79,15,-1.03,0.0,2.88
7.79,16,-0.6,0.0,3.59
7.79,17,0.35,0.0,3.0
7.79,18,1.05,0.0,3.1
7.79,19,1.74,0.0,3.5
7.79,20,1.49,0.0,3.77
7.8,1,1.93,0.0,4.61
7.8,2,2.03,0.0,5.36
7.8,3,1.92,0.0,6.07
7.8,4,1.58,0.0,6.95
7.8,5,1.16,0.0,6.69
7.8,6,0.46,0.0,6.6
7.8,7,-0.36,0.0,7.01
7.8,8,-1.05,0.0,6.88
7.8,9,-1.55,0.0,6.48
7.8,10,-1.87,0.0,6.16
7.8,11,-1.86,0.0,5.43
7.8,12,-2.03,0.0,4.63
7.8,13,-1.89,0.0,3.96
7.8,14,-1.57,0.0,3.22
7.8,15,-1.02,0.0,2.83
7.8,16,-0.59,0.0,3.55
7.8,17,0.37,0.0,2.96
7.8,18,1.09,0.0,3.07
7.8,19,1.79,0.0,3.48
7.8,20,1.54,0.0,3.78
7.82,1,1.98,0.0,4.63
7.82,2,2.07,0.0,5.39
7.82,3,1.95,0.0,6.11
7.82,4,1.6,0.0,7.0
7.82,5,1.15,0.0,6.74
7.82,6,0.45,0.0,6.65
7.82,7,-0.39,0.0,7.06
7.82,8,-1.09,0.0,6.91
7.82,9,-1.6,0.0,6.49
7.82,10,-1.92,0.0,6.15
7.82,11,-1.9,0.0,5.41
7.82,12,-2.07,0.0,4.6
7.82,13,-1.92,0.0,3.92
7.82,14,-1.59,0.0,3.17
7.82,15,-1.02,0.0,2.78
7.82,16,-0.57,0.0,3.5
7.82,17,0.4,0.0,2.92
7.82,18,1.13,0.0,3.04
7.82,19,1.84,0.0,3.46
7.82,20,1.59,0.0,3.79
7.83,1,2.02,0.0,4.65
7.83,2,2.11,0.0,5.42
7.83,3,1.98,0.0,6.15
7.83,4,1.62,0.0,7.04
7.83,5,1.14,0.0,6.79
7.83,6,0.43,0.0,6.69
7.83,7,-0.42,0.0,7.1
7.83,8,-1.13,0.0,6.94
7.83,9,-1.65,0.0,6.51
7.83,10,-1.97,0.0,6.14
7.83,11,-1.95,0.0,5.39
7.83,12,-2.11,0.0,4.57
7.83,13,-1.95,0.0,3.88
7.83,14,-1.6,0.0,3.12
7.83,15,-1.01,0.0,2.74
7.83,16,-0.55,0.0,3.45
7.83,17,0.43,0.0,2.88
7.83,18,1.17,0.0,3.01
7.83,19,1.88,0.0,3.44
7.83,20,1.64,0.0,3.8
7.85,1,2.07,0.0,4.66
7.85,2,2.15,0.0,5.45
7.85,3,2.01,0.0,6.19
7.85,4,1.63,0.0,7.09
7.85,5,1.13,0.0,6.83
7.85,6,0.42,0.0,6.74
7.85,7,-0.45,0.0,7.14
7.85,8,-1.17,0.0,6.97
7.85,9,-1.7,0.0,6.52
7.85,10,-2.02,0.0,6.13
7.85,11,-2.0,0.0,5.37
7.85,12,-2.15,0.0,4.55
7.85,13,-1.98,0.0,3.84
7.85,14,-1.62,0.0,3.07
7.85,15,-1.0,0.0,2.69
7.85,16,-0.53,0.0,3.41
7.85,17,0.46,0.0,2.84
7.85,18,1.21,0.0,2.98
7.85,19,1.93,0.0,3.43
7.85,20,1.69,0.0,3.81
7.87,1,2.12,0.0,4.68
7.87,2,2.19,0.0,5.48
7.87,3,2.04,0.0,6.23
7.87,4,1.65,0.0,7.14
7.87,5,1.12,0.0,6.88
7.87,6,0.4,0.0,6.79
7.87,7,-0.47,0.0,7.18
7.87,8,-1.21,0.0,7.0
7.87,9,-1.74,0.0,6.54
7.87,10,-2.07,0.0,6.12
7.87,11,-2.04,0.0,5.36
7.87,12,-2.19,0.0,4.52
7.87,13,-2.01,0.0,3.8
7.87,14,-1.63,0.0,3.02
7.87,15,-1.0,0.0,2.64
7.87,16,-0.52,0.0,3.36
7.87,17,0.49,0.0,2.8
7.87,18,1.25,0.0,2.95
7.87,19,1.98,0.0,3.41
7.87,20,1.74,0.0,3.82
7.88,1,2.16,0.0,4.7
7.88,2,2.23,0.0,5.5
7.88,3,2.07,0.0,6.27
7.88,4,1.67,0.0,7.18
7.88,5,1.11,0.0,6.93
7.88,6,0.38,0.0,6.83
7.88,7,-0.5,0.0,7.22
7.88,8,-1.25,0.0,7.03
7.88,9,-1.79,0.0,6.55
7.88,10,-2.12,0.0,6.1
7.88,11,-2.09,0.0,5.34
7.88,12,-2.23,0.0,4.49
7.88,13,-2.04,0.0,3.76
7.88,14,-1.65,0.0,2.98
7.88,15,-0.99,0.0,2.59
7.88,16,-0.5,0.0,3.31
7.88,17,0.51,0.0,2.75
7.88,18,1.29,0.0,2.92
7.88,19,2.02,0.0,3.39
7.88,20,1.78,0.0,3.83
7.9,1,2.21,0.0,4.71
7.9,2,2.27,0.0,5.53
7.9,3,2.1,0.0,6.31
7.9,4,1.69,0.0,7.23
7.9,5,1.1,0.0,6.98
7.9,6,0.37,0.0,6.88
7.9,7,-0.53,0.0,7.26
7.9,8,-1.29,0.0,7.07
7.9,9,-1.84,0.0,6.57
7.9,10,-2.16,0.0,6.09
7.9,11,-2.14,0.0,5.32
7.9,12,-2.28,0.0,4.46
7.9,13,-2.07,0.0,3.72
7.9,14,-1.66,0.0,2.93
7.9,15,-0.98,0.0,2.54
7.9,16,-0.48,0.0,3.26
7.9,17,0.54,0.0,2.71
7.9,18,1.33,0.0,2.89
7.9,19,2.07,0.0,3.37
7.9,20,1.83,0.0,3.84
7.91,1,2.26,0.0,4.73
7.91,2,2.31,0.0,5.56
7.91,3,2.13,0.0,6.35
7.91,4,1.71,0.0,7.28
7.91,5,1.09,0.0,7.03
7.91,6,0.35,0.0,6.93
7.91,7,-0.56,0.0,7.3
7.91,8,-1.33,0.0,7.1
7.91,9,-1.89,0.0,6.58
7.91,10,-2.21,0.0,6.08
7.91,11,-2.18,0.0,5.3
7.91,12,-2.32,0.0,4.43
7.91,13,-2.1,0.0,3.68
7.91,14,-1.67,0.0,2.88
7.91,15,-0.98,0.0,2.49
7.91,16,-0.46,0.0,3.22
7.91,17,0.57,0.0,2.67
7.91,18,1.37,0.0,2.86
7.91,19,2.12,0.0,3.35
7.91,20,1.88,0.0,3.85
7.93,1,2.3,0.0,4.75
7.93,2,2.36,0.0,5.59
7.93,3,2.16,0.0,6.39
7.93,4,1.72,0.0,7.32
7.93,5,1.08,0.0,7.08
7.93,6,0.34,0.0,6.98
7.93,7,-0.59,0.0,7.34
7.93,8,-1.37,0.0,7.13
7.93,9,-1.93,0.0,6.6
7.93,10,-2.26,0.0,6.07
7.93,11,-2.23,0.0,5.28
7.93,12,-2.36,0.0,4.4
7.93,13,-2.13,0.0,3.64
7.93,14,-1.69,0.0,2.83
7.93,15,-0.97,0.0,2.44
7.93,16,-0.44,0.0,3.17
7.93,17,0.6,0.0,2.63
7.93,18,1.41,0.0,2.83
7.93,19,2.16,0.0,3.34
7.93,20,1.93,0.0,3.87
7.95,1,2.35,0.0,4.77
7.95,2,2.4,0.0,5.62
7.95,3,2.19,0.0,6.43
7.95,4,1.74,0.0,7.37
7.95,5,1.07,0.0,7.13
7.95,6,0.32,0.0,7.02
7.95,7,-0.61,0.0,7.39
7.95,8,-1.41,0.0,7.16
7.95,9,-1.98,0.0,6.62
7.95,10,-2.31,0.0,6.06
7.95,11,-2.28,0.0,5.27
7.95,12,-2.4,0.0,4.38
7.95,13,-2.16,0.0,3.6
7.95,14,-1.7,0.0,2.78
7.95,15,-0.96,0.0,2.39
7.95,16,-0.43,0.0,3.12
7.95,17,0.63,0.0,2.59
7.95,18,1.45,0.0,2.8
7.95,19,2.21,0.0,3.32
7.95,20,1.98,0.0,3.88
7.96,1,2.4,0.0,4.78
7.96,2,2.44,0.0,5.64
7.96,3,2.21,0.0,6.47
7.96,4,1.76,0.0,7.42
7.96,5,1.06,0.0,7.18
7.96,6,0.31,0.0,7.07
7.96,7,-0.64,0.0,7.43
7.96,8,-1.45,0.0,7.19
7.96,9,-2.03,0.0,6.63
7.96,10,-2.36,0.0,6.05
7.96,11,-2.32,0.0,5.25
7.96,12,-2.44,0.0,4.35
7.96,13,-2.19,0.0,3.56
7.96,14,-1.72,0.0,2.74
7.96,15,-0.95,0.0,2.34
7.96,16,-0.41,0.0,3.08
7.96,17,0.66,0.0,2.55
7.96,18,1.49,0.0,2.77
7.96,19,2.26,0.0,3.3
7.96,20,2.03,0.0,3.89
7.98,1,2.45,0.0,4.8
7.98,2,2.48,0.0,5.67
7.98,3,2.24,0.0,6.51
7.98,4,1.76,0.0,7.43
7.98,5,1.05,0.0,7.23
7.98,6,0.29,0.0,7.12
7.98,7,-0.67,0.0,7.47
7.98,8,-1.49,0.0,7.22
7.98,9,-2.08,0.0,6.65
7.98,10,-2.41,0.0,6.03
7.98,11,-2.37,0.0,5.23
7.98,12,-2.48,0.0,4.32
7.98,13,-2.22,0.0,3.52
7.98,14,-1.73,0.0,2.69
7.98,15,-0.95,0.0,2.29
7.98,16,-0.39,0.0,3.03
7.98,17,0.68,0.0,2.51
7.98,18,1.53,0.0,2.74
7.98,19,2.3,0.0,3.28
7.98,20,2.08,0.0,3.9
7.99,1,2.49,0.0,4.82
7.99,2,2.52,0.0,5.7
7.99,3,2.27,0.0,6.55
7.99,4,1.76,0.0,7.43
7.99,5,1.04,0.0,7.27
7.99,6,0.28,0.0,7.17
7.99,7,-0.7,0.0,7.51
7.99,8,-1.53,0.0,7.25
7.99,9,-2.12,0.0,6.66
7.99,10,-2.46,0.0,6.02
7.99,11,-2.42,0.0,5.21
7.99,12,-2.52,0.0,4.29
7.99,13,-2.25,0.0,3.48
7.99,14,-1.74,0.0,2.64
7.99,15,-0.94,0.0,2.24
7.99,16,-0.37,0.0,2.98
7.99,17,0.71,0.0,2.46
7.99,18,1.57,0.0,2.71
7.99,19,2.35,0.0,3.27
7.99,20,2.13,0.0,3.91
8.01,1,2.54,0.0,4.83
8.01,2,2.56,0.0,5.73
8.01,3,2.3,0.0,6.59
8.01,4,1.76,0.0,7.43
8.01,5,1.03,0.0,7.32
8.01,6,0.26,0.0,7.21
8.01,7,-0.72,0.0,7.55
8.01,8,-1.57,0.0,7.28
8.01,9,-2.17,0.0,6.68
8.01,10,-2.5,0.0,6.01
8.01,11,-2.46,0.0,5.2
8.01,12,-2.57,0.0,4.26
8.01,13,-2.28,0.0,3.44
8.01,14,-1.76,0.0,2.59
8.01,15,-0.93,0.0,2.19
8.01,16,-0.36,0.0,2.94
8.01,17,0.74,0.0,2.42
8.01,18,1.61,0.0,2.68
8.01,19,2.4,0.0,3.25
8.01,20,2.17,0.0,3.92
8.03,1,2.59,0.0,4.85
8.03,2,2.6,0.0,5.76
8.03,3,2.33,0.0,6.63
8.03,4,1.76,0.0,7.43
8.03,5,1.02,0.0,7.37
8.03,6,0.24,0.0,7.26
8.03,7,-0.75,0.0,7.59
8.03,8,-1.61,0.0,7.31
8.03,9,-2.22,0.0,6.69
8.03,10,-2.55,0.0,6.0
8.03,11,-2.51,0.0,5.18
8.03,12,-2.61,0.0,4.24
8.03,13,-2.31,0.0,3.4
8.03,14,-1.76,0.0,2.57
8.03,15,-0.93,0.0,2.15
8.03,16,-0.34,0.0,2.89
8.03,17,0.77,0.0,2.38
8.03,18,1.65,0.0,2.65
8.03,19,2.43,0.0,3.24
8.03,20,2.22,0.0,3.93
8.04,1,2.63,0.0,4.87
8.04,2,2.65,0.0,5.78
8.04,3,2.36,0.0,6.67
8.04,4,1.76,0.0,7.43
8.04,5,1.01,0.0,7.42
8.04,6,0.23,0.0,7.31
8.04,7,-0.78,0.0,7.63
8.04,8,-1.65,0.0,7.34
8.04,9,-2.27,0.0,6.71
8.04,10,-2.6,0.0,5.99
8.04,11,-2.56,0.0,5.16
8.04,12,-2.65,0.0,4.21
8.04,13,-2.34,0.0,3.36
8.04,14,-1.76,0.0,2.57
8.04,15,-0.93,0.0,2.15
8.04,16,-0.32,0.0,2.84
8.04,17,0.8,0.0,2.34
8.04,18,1.69,0.0,2.62
8.04,19,2.43,0.0,3.24
8.04,20,2.27,0.0,3.94
8.06,1,2.68,0.0,4.88
8.06,2,2.69,0.0,5.81
8.06,3,2.39,0.0,6.71
8.06,4,1.76,0.0,7.43
8.06,5,1.0,0.0,7.47
8.06,6,0.21,0.0,7.36
8.06,7,-0.81,0.0,7.68
8.06,8,-1.69,0.0,7.37
8.06,9,-2.31,0.0,6.72
8.06,10,-2.65,0.0,5.98
8.06,11,-2.61,0.0,5.15
8.06,12,-2.69,0.0,4.18
8.06,13,-2.37,0.0,3.32
8.06,14,-1.76,0.0,2.57
8.06,15,-0.93,0.0,2.15
8.06,16,-0.3,0.0,2.8
8.06,17,0.82,0.0,2.3
8.06,18,1.74,0.0,2.59
8.06,19,2.43,0.0,3.24
8.06,20,2.32,0.0,3.95
8.07,1,2.73,0.0,4.9
8.07,2,2.73,0.0,5.84
8.07,3,2.42,0.0,6.75
8.07,4,1.76,0.0,7.43
8.07,5,0.99,0.0,7.52
8.07,6,0.2,0.0,7.4
8.07,7,-0.84,0.0,7.72
8.07,8,-1.73,0.0,7.4
8.07,9,-2.36,0.0,6.74
8.07,10,-2.7,0.0,5.96
8.07,11,-2.65,0.0,5.13
8.07,12,-2.73,0.0,4.15
8.07,13,-2.4,0.0,3.28
8.07,14,-1.76,0.0,2.57
8.07,15,-0.93,0.0,2.15
8.07,16,-0.28,0.0,2.75
8.07,17,0.85,0.0,2.26
8.07,18,1.76,0.0,2.57
8.07,19,2.43,0.0,3.24
8.07,20,2.37,0.0,3.96
8.09,1,2.77,0.0,4.92
8.09,2,2.77,0.0,5.87
8.09,3,2.43,0.0,6.76
8.09,4,1.76,0.0,7.43
8.09,5,0.98,0.0,7.57
8.09,6,0.18,0.0,7.45
8.09,7,-0.86,0.0,7.76
8.09,8,-1.76,0.0,7.43
8.09,9,-2.41,0.0,6.76
8.09,10,-2.75,0.0,5.95
8.09,11,-2.7,0.0,5.11
8.09,12,-2.77,0.0,4.13
8.09,13,-2.43,0.0,3.24
8.09,14,-1.76,0.0,2.57
8.09,15,-0.93,0.0,2.15
8.09,16,-0.27,0.0,2.7
8.09,17,0.88,0.0,2.21
8.09,18,1.76,0.0,2.57
8.09,19,2.43,0.0,3.24
8.09,20,2.42,0.0,3.97
8.11,1,2.82,0.0,4.93
8.11,2,2.81,0.0,5.9
8.11,3,2.43,0.0,6.76
8.11,4,1.76,0.0,7.43
8.11,5,0.97,0.0,7.62
8.11,6,0.17,0.0,7.5
8.11,7,-0.89,0.0,7.8
8.11,8,-1.76,0.0,7.43
8.11,9,-2.43,0.0,6.76
8.11,10,-2.8,0.0,5.94
8.11,11,-2.75,0.0,5.09
8.11,12,-2.82,0.0,4.1
8.11,13,-2.43,0.0,3.24
8.11,14,-1.76,0.0,2.57
8.11,15,-0.93,0.0,2.15
8.11,16,-0.25,0.0,2.65
8.11,17,0.91,0.0,2.17
8.11,18,1.76,0.0,2.57
8.11,19,2.43,0.0,3.24
8.11,20,2.47,0.0,3.98
8.12,1,2.87,0.0,4.95
8.12,2,2.85,0.0,5.93
8.12,3,2.43,0.0,6.76
8.12,4,1.76,0.0,7.43
8.12,5,0.96,0.0,7.66
8.12,6,0.15,0.0,7.54
8.12,7,-0.92,0.0,7.84
8.12,8,-1.76,0.0,7.43
8.12,9,-2.43,0.0,6.76
8.12,10,-2.84,0.0,5.93
8.12,11,-2.79,0.0,5.08
8.12,12,-2.85,0.0,4.07
8.12,13,-2.43,0.0,3.24
8.12,14,-1.76,0.0,2.57
8.12,15,-0.93,0.0,2.15
8.12,16,-0.23,0.0,2.61
8.12,17,0.93,0.0,2.15
8.12,18,1.76,0.0,2.57
8.12,19,2.43,0.0,3.24
8.12,20,2.52,0.0,4.0
8.14,1,2.92,0.0,4.97
8.14,2,2.85,0.0,5.93
8.14,3,2.43,0.0,6.76
8.14,4,1.76,0.0,7.43
8.14,5,0.95,0.0,7.71
8.14,6,0.13,0.0,7.59
8.14,7,-0.93,0.0,7.85
8.14,8,-1.76,0.0,7.43
8.14,9,-2.43,0.0,6.76
8.14,10,-2.85,0.0,5.93
8.14,11,-2.84,0.0,5.06
8.14,12,-2.85,0.0,4.07
8.14,13,-2.43,0.0,3.24
8.14,14,-1.76,0.0,2.57
8.14,15,-0.93,0.0,2.15
8.14,16,-0.21,0.0,2.56
8.14,17,0.93,0.0,2.15
8.14,18,1.76,0.0,2.57
8.14,19,2.43,0.0,3.24
8.14,20,2.56,0.0,4.01
8.15,1,2.96,0.0,4.99
8.15,2,2.85,0.0,5.93
8.15,3,2.43,0.0,6.76
8.15,4,1.76,0.0,7.43
8.15,5,0.95,0.0,7.76
8.15,6,0.12,0.0,7.64
8.15,7,-0.93,0.0,7.85
8.15,8,-1.76,0.0,7.43
8.15,9,-2.43,0.0,6.76
8.15,10,-2.85,0.0,5.93
8.15,11,-2.89,0.0,5.04
8.15,12,-2.85,0.0,4.07
8.15,13,-2.43,0.0,3.24
8.15,14,-1.76,0.0,2.57
8.15,15,-0.93,0.0,2.15
8.15,16,-0.2,0.0,2.51
8.15,17,0.93,0.0,2.15
8.15,18,1.76,0.0,2.57
8.15,19,2.43,0.0,3.24
8.15,20,2.61,0.0,4.02
8.17,1,3.0,0.0,5.0
8.17,2,2.85,0.0,5.93
8.17,3,2.43,0.0,6.76
8.17,4,1.76,0.0,7.43
8.17,5,0.94,0.0,7.81
8.17,6,0.1,0.0,7.69
8.17,7,-0.93,0.0,7.85
8.17,8,-1.76,0.0,7.43
8.17,9,-2.43,0.0,6.76
8.17,10,-2.85,0.0,5.93
8.17,11,-2.93,0.0,5.02
8.17,12,-2.85,0.0,4.07
8.17,13,-2.43,0.0,3.24
8.17,14,-1.76,0.0,2.57
8.17,15,-0.93,0.0,2.15
8.17,16,-0.18,0.0,2.47
8.17,17,0.93,0.0,2.15
8.17,18,1.76,0.0,2.57
8.17,19,2.43,0.0,3.24
8.17,20,2.66,0.0,4.03
8.18,1,3.0,0.0,5.0
8.18,2,2.85,0.0,5.93
8.18,3,2.43,0.0,6.76
8.18,4,1.76,0.0,7.43
8.18,5,0.93,0.0,7.85
8.18,6,0.09,0.0,7.73
8.18,7,-0.93,0.0,7.85
8.18,8,-1.76,0.0,7.43
8.18,9,-2.43,0.0,6.76
8.18,10,-2.85,0.0,5.93
8.18,11,-2.98,0.0,5.01
8.18,12,-2.85,0.0,4.07
8.18,13,-2.43,0.0,3.24
8.18,14,-1.76,0.0,2.57
8.18,15,-0.93,0.0,2.15
8.18,16,-0.16,0.0,2.42
8.18,17,0.93,0.0,2.15
8.18,18,1.76,0.0,2.57
8.18,19,2.43,0.0,3.24
8.18,20,2.71,0.0,4.04
8.2,1,3.0,0.0,5.0
8.2,2,2.85,0.0,5.93
8.2,3,2.43,0.0,6.76
8.2,4,1.76,0.0,7.43
8.2,5,0.93,0.0,7.85
8.2,6,0.07,0.0,7.78
8.2,7,-0.93,0.0,7.85
8.2,8,-1.76,0.0,7.43
8.2,9,-2.43,0.0,6.76
8.2,10,-2.85,0.0,5.93
8.2,11,-3.0,0.0,5.0
8.2,12,-2.85,0.0,4.07
8.2,13,-2.43,0.0,3.24
8.2,14,-1.76,0.0,2.57
8.2,15,-0.93,0.0,2.15
8.2,16,-0.14,0.0,2.37
8.2,17,0.93,0.0,2.15
8.2,18,1.76,0.0,2.57
8.2,19,2.43,0.0,3.24
8.2,20,2.76,0.0,4.05
8.22,1,3.0,0.0,5.0
8.22,2,2.85,0.0,5.93
8.22,3,2.43,0.0,6.76
8.22,4,1.76,0.0,7.43
8.22,5,0.93,0.0,7.85
8.22,6,0.06,0.0,7.83
8.22,7,-0.93,0.0,7.85
8.22,8,-1.76,0.0,7.43
8.22,9,-2.43,0.0,6.76
8.22,10,-2.85,0.0,5.93
8.22,11,-3.0,0.0,5.0
8.22,12,-2.85,0.0,4.07
8.22,13,-2.43,0.0,3.24
8.22,14,-1.76,0.0,2.57
8.22,15,-0.93,0.0,2.15
8.22,16,-0.12,0.0,2.33
8.22,17,0.93,0.0,2.15
8.22,18,1.76,0.0,2.57
8.22,19,2.43,0.0,3.24
8.22,20,2.81,0.0,4.06
8.23,1,3.0,0.0,5.0
8.23,2,2.85,0.0,5.93
8.23,3,2.43,0.0,6.76
8.23,4,1.76,0.0,7.43
8.23,5,0.93,0.0,7.85
8.23,6,0.04,0.0,7.88
8.23,7,-0.93,0.0,7.85
8.23,8,-1.76,0.0,7.43
8.23,9,-2.43,0.0,6.76
8.23,10,-2.85,0.0,5.93
8.23,11,-3.0,0.0,5.0
8.23,12,-2.85,0.0,4.07
8.23,13,-2.43,0.0,3.24
8.23,14,-1.76,0.0,2.57
8.23,15,-0.93,0.0,2.15
8.23,16,-0.11,0.0,2.28
8.23,17,0.93,0.0,2.15
8.23,18,1.76,0.0,2.57
8.23,19,2.43,0.0,3.24
8.23,20,2.85,0.0,4.07
8.25,1,3.0,0.0,5.0
8.25,2,2.85,0.0,5.93
8.25,3,2.43,0.0,6.76
8.25,4,1.76,0.0,7.43
8.25,5,0.93,0.0,7.85
8.25,6,0.03,0.0,7.92
8.25,7,-0.93,0.0,7.85
8.25,8,-1.76,0.0,7.43
8.25,9,-2.43,0.0,6.76
8.25,10,-2.85,0.0,5.93
8.25,11,-3.0,0.0,5.0
8.25,12,-2.85,0.0,4.07
8.25,13,-2.43,0.0,3.24
8.25,14,-1.76,0.0,2.57
8.25,15,-0.93,0.0,2.15
8.25,16,-0.09,0.0,2.23
8.25,17,0.93,0.0,2.15
8.25,18,1.76,0.0,2.57
8.25,19,2.43,0.0,3.24
8.25,20,2.85,0.0,4.07
8.26,1,3.0,0.0,5.0
8.26,2,2.85,0.0,5.93
8.26,3,2.43,0.0,6.76
8.26,4,1.76,0.0,7.43
8.26,5,0.93,0.0,7.85
8.26,6,0.01,0.0,7.97
8.26,7,-0.93,0.0,7.85
8.26,8,-1.76,0.0,7.43
8.26,9,-2.43,0.0,6.76
8.26,10,-2.85,0.0,5.93
8.26,11,-3.0,0.0,5.0
8.26,12,-2.85,0.0,4.07
8.26,13,-2.43,0.0,3.24
8.26,14,-1.76,0.0,2.57
8.26,15,-0.93,0.0,2.15
8.26,16,-0.07,0.0,2.19
8.26,17,0.93,0.0,2.15
8.26,18,1.76,0.0,2.57
8.26,19,2.43,0.0,3.24
8.26,20,2.85,0.0,4.07
8.28,1,3.0,0.0,5.0
8.28,2,2.85,0.0,5.93
8.28,3,2.43,0.0,6.76
8.28,4,1.76,0.0,7.43
8.28,5,0.93,0.0,7.85
8.28,6,0.0,0.0,8.0
8.28,7,-0.93,0.0,7.85
8.28,8,-1.76,0.0,7.43
8.28,9,-2.43,0.0,6.76
8.28,10,-2.85,0.0,5.93
8.28,11,-3.0,0.0,5.0
8.28,12,-2.85,0.0,4.07
8.28,13,-2.43,0.0,3.24
8.28,14,-1.76,0.0,2.57
8.28,15,-0.93,0.0,2.15
8.28,16,-0.05,0.0,2.14
8.28,17,0.93,0.0,2.15
8.28,18,1.76,0.0,2.57
8.28,19,2.43,0.0,3.24
8.28,20,2.85,0.0,4.07
8.29,1,3.0,0.0,5.0
8.29,2,2.85,0.0,5.93
8.29,3,2.43,0.0,6.76
8.29,4,1.76,0.0,7.43
8.29,5,0.93,0.0,7.85
8.29,6,0.0,0.0,8.0
8.29,7,-0.93,0.0,7.85
8.29,8,-1.76,0.0,7.43
8.29,9,-2.43,0.0,6.76
8.29,10,-2.85,0.0,5.93
8.29,11,-3.0,0.0,5.0
8.29,12,-2.85,0.0,4.07
8.29,13,-2.43,0.0,3.24
8.29,14,-1.76,0.0,2.57
8.29,15,-0.93,0.0,2.15
8.29,16,-0.04,0.0,2.09
8.29,17,0.93,0.0,2.15
8.29,18,1.76,0.0,2.57
8.29,19,2.43,0.0,3.24
8.29,20,2.85,0.0,4.07
8.31,1,3.0,0.0,5.0
8.31,2,2.85,0.0,5.93
8.31,3,2.43,0.0,6.76
8.31,4,1.76,0.0,7.43
8.31,5,0.93,0.0,7.85
8.31,6,0.0,0.0,8.0
8.31,7,-0.93,0.0,7.85
8.31,8,-1.76,0.0,7.43
8.31,9,-2.43,0.0,6.76
8.31,10,-2.85,0.0,5.93
8.31,11,-3.0,0.0,5.0
8.31,12,-2.85,0.0,4.07
8.31,13,-2.43,0.0,3.24
8.31,14,-1.76,0.0,2.57
8.31,15,-0.93,0.0,2.15
8.31,16,-0.02,0.0,2.05
8.31,17,0.93,0.0,2.15
8.31,18,1.76,0.0,2.57
8.31,19,2.43,0.0,3.24
8.31,20,2.85,0.0,4.07
